ISO-10303-21;
HEADER;
FILE_DESCRIPTION (( 'STEP AP214' ),
    '1' );
FILE_NAME ('7segment-assembley.STEP',
    '2025-11-28T15:28:30',
    ( '' ),
    ( '' ),
    'SwSTEP 2.0',
    'SolidWorks 2025',
    '' );
FILE_SCHEMA (( 'AUTOMOTIVE_DESIGN' ));
ENDSEC;

DATA;
#1 = CARTESIAN_POINT ( 'NONE',  ( -7.797029150424228838, -10.00000000000000000, 21.00652820552346256 ) ) ;
#2 = ADVANCED_FACE ( 'NONE', ( #1742 ), #4694, .T. ) ;
#3 = ORIENTED_EDGE ( 'NONE', *, *, #3203, .F. ) ;
#4 = CARTESIAN_POINT ( 'NONE',  ( 19.00000000000000000, -10.00000000000000000, -32.50000000000000000 ) ) ;
#5 = EDGE_CURVE ( 'NONE', #3934, #248, #1129, .T. ) ;
#6 = ORIENTED_EDGE ( 'NONE', *, *, #1441, .T. ) ;
#7 = CIRCLE ( 'NONE', #468, 1.449999999999999956 ) ;
#8 = DIRECTION ( 'NONE',  ( 0.000000000000000000, 0.000000000000000000, -1.000000000000000000 ) ) ;
#9 = LINE ( 'NONE', #2548, #3241 ) ;
#10 = ORIENTED_EDGE ( 'NONE', *, *, #1780, .T. ) ;
#11 = CARTESIAN_POINT ( 'NONE',  ( 16.00000000000000355, -4.000000000000000000, 30.95000000000000284 ) ) ;
#12 = SHAPE_DEFINITION_REPRESENTATION ( #273, #2400 ) ;
#13 = ORIENTED_EDGE ( 'NONE', *, *, #467, .F. ) ;
#14 = LINE ( 'NONE', #1450, #3635 ) ;
#15 = LINE ( 'NONE', #4349, #3432 ) ;
#16 = VERTEX_POINT ( 'NONE', #3359 ) ;
#17 = LINE ( 'NONE', #3974, #3044 ) ;
#18 = DIRECTION ( 'NONE',  ( 0.000000000000000000, 0.000000000000000000, 1.000000000000000000 ) ) ;
#19 = CARTESIAN_POINT ( 'NONE',  ( 8.007780573516589229, -10.00000000000000000, 30.87125241406041809 ) ) ;
#20 = CARTESIAN_POINT ( 'NONE',  ( -14.56338862746445351, -0.9999999999999991118, -23.48838831627882229 ) ) ;
#21 = VECTOR ( 'NONE', #94, 999.9999999999998863 ) ;
#22 = CARTESIAN_POINT ( 'NONE',  ( 16.21259128878628530, -0.9999999999999991118, -3.475836847133733976 ) ) ;
#23 = VERTEX_POINT ( 'NONE', #1882 ) ;
#24 = DIRECTION ( 'NONE',  ( -0.7986355100472962709, -0.000000000000000000, -0.6018150231520437154 ) ) ;
#25 = CARTESIAN_POINT ( 'NONE',  ( -15.80614170435593380, -0.9999999999999991118, -3.169555116623693269 ) ) ;
#26 = ORIENTED_EDGE ( 'NONE', *, *, #3338, .T. ) ;
#27 = EDGE_CURVE ( 'NONE', #3848, #3450, #1383, .T. ) ;
#28 = CARTESIAN_POINT ( 'NONE',  ( -12.92931211289798377, -0.9999999999999991118, -1.001708526524981657 ) ) ;
#29 = CARTESIAN_POINT ( 'NONE',  ( 6.628307619941712581, -10.00000000000000000, 22.18255006523297723 ) ) ;
#30 = ADVANCED_FACE ( 'NONE', ( #2901 ), #1199, .F. ) ;
#31 = VECTOR ( 'NONE', #1186, 1000.000000000000000 ) ;
#32 = ORIENTED_EDGE ( 'NONE', *, *, #2597, .T. ) ;
#33 = DIRECTION ( 'NONE',  ( -0.7986355100472962709, 0.000000000000000000, -0.6018150231520437154 ) ) ;
#34 = VERTEX_POINT ( 'NONE', #482 ) ;
#35 = LINE ( 'NONE', #1122, #4626 ) ;
#36 = DIRECTION ( 'NONE',  ( -0.000000000000000000, -1.000000000000000000, -0.000000000000000000 ) ) ;
#37 = AXIS2_PLACEMENT_3D ( 'NONE', #3361, #2208, #823 ) ;
#38 = EDGE_CURVE ( 'NONE', #34, #334, #69, .T. ) ;
#39 = VERTEX_POINT ( 'NONE', #1103 ) ;
#40 = VERTEX_POINT ( 'NONE', #20 ) ;
#41 = AXIS2_PLACEMENT_3D ( 'NONE', #4552, #1287, #1667 ) ;
#42 = CARTESIAN_POINT ( 'NONE',  ( -0.8256953720314830214, -3.000000000000000000, 11.00000000000000178 ) ) ;
#43 = VECTOR ( 'NONE', #3500, 1000.000000000000000 ) ;
#44 = DIRECTION ( 'NONE',  ( 0.000000000000000000, 1.000000000000000000, 0.000000000000000000 ) ) ;
#45 = CARTESIAN_POINT ( 'NONE',  ( 6.521185961056060520, -0.6400000000000000133, 6.932224836719125705 ) ) ;
#46 = PLANE ( 'NONE',  #2317 ) ;
#47 = VECTOR ( 'NONE', #934, 1000.000000000000114 ) ;
#48 = VECTOR ( 'NONE', #330, 1000.000000000000000 ) ;
#49 = CARTESIAN_POINT ( 'NONE',  ( 9.333267306181616263, -10.00000000000000000, -22.04314987346826626 ) ) ;
#50 = ORIENTED_EDGE ( 'NONE', *, *, #2179, .F. ) ;
#51 = DIRECTION ( 'NONE',  ( 0.000000000000000000, 1.000000000000000000, 0.000000000000000000 ) ) ;
#52 = CARTESIAN_POINT ( 'NONE',  ( 7.681935248344225364, -0.9999999999999991118, 4.955890615225124307 ) ) ;
#53 = EDGE_CURVE ( 'NONE', #679, #2726, #4025, .T. ) ;
#54 = ORIENTED_EDGE ( 'NONE', *, *, #1515, .F. ) ;
#55 = DIRECTION ( 'NONE',  ( 0.7986355100472916080, 0.000000000000000000, -0.6018150231520499327 ) ) ;
#56 = CARTESIAN_POINT ( 'NONE',  ( -5.479968827431126677, -0.6399999999999999023, -23.00000000000000355 ) ) ;
#57 = DIRECTION ( 'NONE',  ( 0.000000000000000000, 1.000000000000000000, 0.000000000000000000 ) ) ;
#58 = ITEM_DEFINED_TRANSFORMATION ( 'NONE', 'NONE', #1648,  #3619 ) ;
#59 = ORIENTED_EDGE ( 'NONE', *, *, #830, .T. ) ;
#60 = PLANE ( 'NONE',  #1587 ) ;
#61 = EDGE_CURVE ( 'NONE', #3521, #635, #794, .T. ) ;
#62 = LINE ( 'NONE', #1500, #2206 ) ;
#63 = EDGE_CURVE ( 'NONE', #3089, #1576, #2536, .T. ) ;
#64 = ORIENTED_EDGE ( 'NONE', *, *, #1836, .F. ) ;
#65 = ORIENTED_EDGE ( 'NONE', *, *, #3091, .T. ) ;
#66 = CARTESIAN_POINT ( 'NONE',  ( 7.955290825755650275, -0.6400000000000000133, 0.4865664309622939609 ) ) ;
#67 = CARTESIAN_POINT ( 'NONE',  ( -7.681935248344220923, -10.00000000000000000, -4.955890615225188256 ) ) ;
#68 = DIRECTION ( 'NONE',  ( 0.000000000000000000, 1.000000000000000000, 0.000000000000000000 ) ) ;
#69 = LINE ( 'NONE', #1927, #3279 ) ;
#70 = VECTOR ( 'NONE', #325, 999.9999999999998863 ) ;
#71 = AXIS2_PLACEMENT_3D ( 'NONE', #2467, #3930, #4666 ) ;
#72 = EDGE_CURVE ( 'NONE', #3265, #3328, #4708, .T. ) ;
#73 = CARTESIAN_POINT ( 'NONE',  ( 4.201303336261343446, -0.6400000000000000133, 5.575317836442231112 ) ) ;
#74 = ORIENTED_EDGE ( 'NONE', *, *, #3933, .F. ) ;
#75 = LINE ( 'NONE', #1531, #3810 ) ;
#76 = LINE ( 'NONE', #1510, #3580 ) ;
#77 = VERTEX_POINT ( 'NONE', #3689 ) ;
#78 = VERTEX_POINT ( 'NONE', #2992 ) ;
#79 = LINE ( 'NONE', #4702, #813 ) ;
#80 = CARTESIAN_POINT ( 'NONE',  ( 16.00000000000000355, -4.000000000000000000, 28.05000000000000071 ) ) ;
#81 = PRESENTATION_LAYER_ASSIGNMENT (  '', '', ( #245 ) ) ;
#82 = DIRECTION ( 'NONE',  ( 0.7986355100472960489, 0.000000000000000000, -0.6018150231520439375 ) ) ;
#83 = VECTOR ( 'NONE', #2519, 1000.000000000000114 ) ;
#84 = ORIENTED_EDGE ( 'NONE', *, *, #135, .F. ) ;
#85 = FACE_OUTER_BOUND ( 'NONE', #2125, .T. ) ;
#86 = CARTESIAN_POINT ( 'NONE',  ( -16.06815885638107488, -10.00000000000000000, 28.18215855390708668 ) ) ;
#87 = EDGE_CURVE ( 'NONE', #3656, #3493, #1480, .T. ) ;
#88 = EDGE_LOOP ( 'NONE', ( #3220, #2319, #381, #1276 ) ) ;
#89 = ORIENTED_EDGE ( 'NONE', *, *, #1414, .T. ) ;
#90 = DIRECTION ( 'NONE',  ( -0.3907311284892708292, 0.000000000000000000, 0.9205048534524415960 ) ) ;
#91 = DIRECTION ( 'NONE',  ( -1.000000000000000000, 0.000000000000000000, 0.000000000000000000 ) ) ;
#92 = EDGE_CURVE ( 'NONE', #524, #2760, #396, .T. ) ;
#93 = EDGE_LOOP ( 'NONE', ( #2683, #84, #3879, #3291 ) ) ;
#94 = DIRECTION ( 'NONE',  ( 0.7986355100472919410, 0.000000000000000000, 0.6018150231520495996 ) ) ;
#95 = LINE ( 'NONE', #2921, #1491 ) ;
#96 = CARTESIAN_POINT ( 'NONE',  ( 5.164207373304611437, -0.6400000000000000133, 6.853134652517903547 ) ) ;
#97 = EDGE_CURVE ( 'NONE', #659, #1738, #4265, .T. ) ;
#98 = CARTESIAN_POINT ( 'NONE',  ( -15.80614170435593380, -10.00000000000000000, -3.169555116623693269 ) ) ;
#99 = ORIENTED_EDGE ( 'NONE', *, *, #1673, .F. ) ;
#100 = CARTESIAN_POINT ( 'NONE',  ( -11.60000000000000142, -0.9999999999999991118, 0.000000000000000000 ) ) ;
#101 = ORIENTED_EDGE ( 'NONE', *, *, #3732, .T. ) ;
#102 = EDGE_CURVE ( 'NONE', #3362, #1411, #4430, .T. ) ;
#103 = ORIENTED_EDGE ( 'NONE', *, *, #106, .T. ) ;
#104 = DIRECTION ( 'NONE',  ( 0.000000000000000000, 0.000000000000000000, 1.000000000000000000 ) ) ;
#105 = CARTESIAN_POINT ( 'NONE',  ( -10.45482207421820675, -10.00000000000000000, 23.99999999999981881 ) ) ;
#106 = EDGE_CURVE ( 'NONE', #2032, #3265, #95, .T. ) ;
#107 = DIRECTION ( 'NONE',  ( 0.6018150231520440485, -0.000000000000000000, 0.7986355100472961599 ) ) ;
#108 = ORIENTED_EDGE ( 'NONE', *, *, #398, .T. ) ;
#109 = DIRECTION ( 'NONE',  ( 0.000000000000000000, 1.000000000000000000, 0.000000000000000000 ) ) ;
#110 = DIRECTION ( 'NONE',  ( 0.000000000000000000, 1.000000000000000000, 0.000000000000000000 ) ) ;
#111 = AXIS2_PLACEMENT_3D ( 'NONE', #144, #551, #1259 ) ;
#112 = ORIENTED_EDGE ( 'NONE', *, *, #333, .F. ) ;
#113 = ORIENTED_EDGE ( 'NONE', *, *, #3702, .F. ) ;
#114 = CARTESIAN_POINT ( 'NONE',  ( 6.628307619941712581, -0.9999999999999991118, 22.18255006523297723 ) ) ;
#115 = FACE_OUTER_BOUND ( 'NONE', #4238, .T. ) ;
#116 = VERTEX_POINT ( 'NONE', #772 ) ;
#117 = EDGE_CURVE ( 'NONE', #828, #579, #4376, .T. ) ;
#118 = VECTOR ( 'NONE', #3354, 1000.000000000000000 ) ;
#119 = DIRECTION ( 'NONE',  ( 1.065615849528768678E-14, 0.000000000000000000, 1.000000000000000000 ) ) ;
#120 = LINE ( 'NONE', #2373, #1715 ) ;
#121 = ADVANCED_FACE ( 'NONE', ( #3307 ), #46, .F. ) ;
#122 = EDGE_CURVE ( 'NONE', #4357, #3988, #820, .T. ) ;
#123 = CARTESIAN_POINT ( 'NONE',  ( 8.001249483932832973, -10.00000000000000000, -23.00000000000000711 ) ) ;
#125 = VECTOR ( 'NONE', #55, 1000.000000000000000 ) ;
#124 = VECTOR ( 'NONE', #604, 1000.000000000000000 ) ;
#126 = ORIENTED_EDGE ( 'NONE', *, *, #2383, .F. ) ;
#127 = DIRECTION ( 'NONE',  ( -0.000000000000000000, -1.000000000000000000, -0.000000000000000000 ) ) ;
#128 = ORIENTED_EDGE ( 'NONE', *, *, #1979, .T. ) ;
#129 = VECTOR ( 'NONE', #2323, 1000.000000000000000 ) ;
#130 = EDGE_LOOP ( 'NONE', ( #1066, #3759, #2819, #1649 ) ) ;
#131 = ORIENTED_EDGE ( 'NONE', *, *, #3636, .F. ) ;
#132 = VECTOR ( 'NONE', #2650, 1000.000000000000000 ) ;
#133 = CARTESIAN_POINT ( 'NONE',  ( -16.21259128878628886, -10.00000000000000000, 3.475836847133786378 ) ) ;
#134 = LINE ( 'NONE', #1229, #2549 ) ;
#135 = EDGE_CURVE ( 'NONE', #4370, #3469, #3716, .T. ) ;
#136 = EDGE_CURVE ( 'NONE', #2952, #3538, #2278, .T. ) ;
#137 = FACE_BOUND ( 'NONE', #4184, .T. ) ;
#138 = DIRECTION ( 'NONE',  ( -0.9981347984218672531, 0.000000000000000000, -0.06104853953485293860 ) ) ;
#139 = CARTESIAN_POINT ( 'NONE',  ( 6.291820713518296415, -10.00000000000000000, 4.000000000000000888 ) ) ;
#140 = PRODUCT_DEFINITION_CONTEXT ( 'detailed design', #3212, 'design' ) ;
#141 = AXIS2_PLACEMENT_3D ( 'NONE', #1643, #1309, #2684 ) ;
#142 = ORIENTED_EDGE ( 'NONE', *, *, #3231, .F. ) ;
#143 = ORIENTED_EDGE ( 'NONE', *, *, #896, .F. ) ;
#144 = CARTESIAN_POINT ( 'NONE',  ( -6.291820713518381680, -10.00000000000000000, -4.000000000000000000 ) ) ;
#145 = CARTESIAN_POINT ( 'NONE',  ( -10.45482207421820675, -10.00000000000000000, 23.99999999999981881 ) ) ;
#146 = VECTOR ( 'NONE', #493, 1000.000000000000114 ) ;
#147 = ORIENTED_EDGE ( 'NONE', *, *, #1920, .T. ) ;
#148 = FACE_OUTER_BOUND ( 'NONE', #2105, .T. ) ;
#149 = DIRECTION ( 'NONE',  ( 0.000000000000000000, 1.000000000000000000, 0.000000000000000000 ) ) ;
#150 = DIRECTION ( 'NONE',  ( 1.000000000000000000, -0.000000000000000000, 0.000000000000000000 ) ) ;
#151 = VECTOR ( 'NONE', #4696, 1000.000000000000114 ) ;
#152 = ORIENTED_EDGE ( 'NONE', *, *, #2072, .T. ) ;
#153 = DIRECTION ( 'NONE',  ( 0.7986355100472960489, 0.000000000000000000, -0.6018150231520439375 ) ) ;
#154 = ORIENTED_EDGE ( 'NONE', *, *, #2675, .T. ) ;
#155 = ORIENTED_EDGE ( 'NONE', *, *, #2987, .F. ) ;
#156 = EDGE_CURVE ( 'NONE', #3267, #4118, #3761, .T. ) ;
#157 = EDGE_CURVE ( 'NONE', #3667, #4274, #2516, .T. ) ;
#158 = DIRECTION ( 'NONE',  ( 0.000000000000000000, -0.000000000000000000, 1.000000000000000000 ) ) ;
#159 = EDGE_CURVE ( 'NONE', #487, #2066, #3854, .T. ) ;
#160 = FACE_OUTER_BOUND ( 'NONE', #4672, .T. ) ;
#161 = ORIENTED_EDGE ( 'NONE', *, *, #157, .T. ) ;
#162 = FACE_BOUND ( 'NONE', #2336, .T. ) ;
#163 = DIRECTION ( 'NONE',  ( 0.3338068592337682938, 0.000000000000000000, 0.9426414910921793178 ) ) ;
#164 = LINE ( 'NONE', #2316, #3314 ) ;
#165 = VECTOR ( 'NONE', #529, 1000.000000000000000 ) ;
#166 = ORIENTED_EDGE ( 'NONE', *, *, #1237, .F. ) ;
#167 = VECTOR ( 'NONE', #2198, 999.9999999999998863 ) ;
#168 = VERTEX_POINT ( 'NONE', #1264 ) ;
#169 = DIRECTION ( 'NONE',  ( 0.000000000000000000, 0.000000000000000000, 1.000000000000000000 ) ) ;
#170 = LINE ( 'NONE', #1640, #2626 ) ;
#171 = EDGE_LOOP ( 'NONE', ( #3969, #3383, #1182, #4295 ) ) ;
#172 = CLOSED_SHELL ( 'NONE', ( #2136, #4311, #1664, #2, #289, #2452, #1807, #486, #947, #4550, #2756, #307, #3835, #3351, #1098, #3550, #389, #2990, #2271, #3320, #3818, #3364, #2306, #2736, #4034, #4004, #1522, #3523, #4070, #3972, #2240, #3626, #3414, #1521, #4520, #1342, #269, #858, #1493, #576, #2293, #4397, #979, #1207, #3066, #1150, #4269, #4399, #4602, #2822, #1862, #30, #4544, #3958, #2590, #458, #3650, #243, #4594, #4575, #3669 ) ) ;
#173 = LINE ( 'NONE', #867, #3859 ) ;
#174 = CARTESIAN_POINT ( 'NONE',  ( -15.80614170435593380, -10.00000000000000000, -3.169555116623693269 ) ) ;
#175 = CARTESIAN_POINT ( 'NONE',  ( 11.59999999999999964, -0.9999999999999991118, 0.000000000000000000 ) ) ;
#176 = ORIENTED_EDGE ( 'NONE', *, *, #2411, .T. ) ;
#177 = CARTESIAN_POINT ( 'NONE',  ( -12.92931211289798377, -10.00000000000000000, -1.001708526524981657 ) ) ;
#178 = VERTEX_POINT ( 'NONE', #3378 ) ;
#179 = EDGE_CURVE ( 'NONE', #239, #34, #120, .T. ) ;
#180 = CARTESIAN_POINT ( 'NONE',  ( -6.578310240089471073, -10.00000000000000000, -22.99999999999981171 ) ) ;
#181 = CARTESIAN_POINT ( 'NONE',  ( 7.681935248344225364, -0.9999999999999991118, 4.955890615225124307 ) ) ;
#182 = AXIS2_PLACEMENT_3D ( 'NONE', #2127, #3874, #4324 ) ;
#183 = ORIENTED_EDGE ( 'NONE', *, *, #2102, .F. ) ;
#184 = EDGE_CURVE ( 'NONE', #1043, #3445, #4165, .T. ) ;
#185 = ADVANCED_FACE ( 'NONE', ( #556 ), #601, .F. ) ;
#186 = CYLINDRICAL_SURFACE ( 'NONE', #3916, 1.449999999999999956 ) ;
#187 = CARTESIAN_POINT ( 'NONE',  ( -9.320512243876331482, -0.9999999999999991118, 21.83460644818817187 ) ) ;
#188 = PLANE ( 'NONE',  #4150 ) ;
#189 = EDGE_CURVE ( 'NONE', #3746, #1660, #4149, .T. ) ;
#190 = ORIENTED_EDGE ( 'NONE', *, *, #1322, .T. ) ;
#191 = VERTEX_POINT ( 'NONE', #4207 ) ;
#192 = CARTESIAN_POINT ( 'NONE',  ( -8.775631072831838964, -10.00000000000000000, 37.00652820552347322 ) ) ;
#193 = CARTESIAN_POINT ( 'NONE',  ( -7.681935248344220923, -10.00000000000000000, -4.955890615225188256 ) ) ;
#194 = ORIENTED_EDGE ( 'NONE', *, *, #3057, .F. ) ;
#195 = DIRECTION ( 'NONE',  ( -1.239026242715948579E-12, 0.000000000000000000, 1.000000000000000000 ) ) ;
#196 = CARTESIAN_POINT ( 'NONE',  ( -8.224368927168168142, -10.00000000000000000, 27.99347179447653389 ) ) ;
#197 = VECTOR ( 'NONE', #1824, 1000.000000000000114 ) ;
#198 = LINE ( 'NONE', #3382, #3159 ) ;
#199 = EDGE_LOOP ( 'NONE', ( #2903, #1610, #1638, #1777 ) ) ;
#200 = CARTESIAN_POINT ( 'NONE',  ( -0.8256953720314832434, -1.000000000000000000, 16.10000000000000142 ) ) ;
#202 = AXIS2_PLACEMENT_3D ( 'NONE', #591, #3557, #689 ) ;
#201 = AXIS2_PLACEMENT_3D ( 'NONE', #2919, #1079, #2202 ) ;
#203 = CIRCLE ( 'NONE', #1195, 7.000000000000044409 ) ;
#204 = DIRECTION ( 'NONE',  ( 0.06104853953484815077, 0.000000000000000000, -0.9981347984218674751 ) ) ;
#205 = ADVANCED_FACE ( 'NONE', ( #3830 ), #2014, .F. ) ;
#206 = CARTESIAN_POINT ( 'NONE',  ( 19.00000000000000000, 0.000000000000000000, -32.50000000000000000 ) ) ;
#207 = VECTOR ( 'NONE', #4117, 1000.000000000000114 ) ;
#208 = VECTOR ( 'NONE', #658, 1000.000000000000000 ) ;
#209 = EDGE_LOOP ( 'NONE', ( #1077, #2877 ) ) ;
#210 =( REPRESENTATION_RELATIONSHIP ('NONE','NONE', #837, #2400 ) REPRESENTATION_RELATIONSHIP_WITH_TRANSFORMATION ( #4369 )SHAPE_REPRESENTATION_RELATIONSHIP( ) );
#211 = DIRECTION ( 'NONE',  ( 0.000000000000000000, 0.000000000000000000, 1.000000000000000000 ) ) ;
#212 = CARTESIAN_POINT ( 'NONE',  ( -12.92931211289798377, -10.00000000000000000, -1.001708526524981657 ) ) ;
#213 = CARTESIAN_POINT ( 'NONE',  ( -8.224368927168168142, -10.00000000000000000, 27.99347179447653389 ) ) ;
#214 = EDGE_LOOP ( 'NONE', ( #3858, #4421, #2642, #722 ) ) ;
#215 = ORIENTED_EDGE ( 'NONE', *, *, #4434, .F. ) ;
#216 = LINE ( 'NONE', #996, #2535 ) ;
#217 = EDGE_CURVE ( 'NONE', #116, #3060, #2710, .T. ) ;
#218 = DIRECTION ( 'NONE',  ( 0.000000000000000000, 0.000000000000000000, 1.000000000000000000 ) ) ;
#219 = ORIENTED_EDGE ( 'NONE', *, *, #2383, .T. ) ;
#220 = CARTESIAN_POINT ( 'NONE',  ( -1.224368927168166810, -0.9999999999999991118, 27.99347179447653389 ) ) ;
#221 = CARTESIAN_POINT ( 'NONE',  ( -10.00000000000000178, -1.000000000000000000, 0.000000000000000000 ) ) ;
#222 = EDGE_CURVE ( 'NONE', #4171, #1317, #1243, .T. ) ;
#223 = CARTESIAN_POINT ( 'NONE',  ( -8.224368927168168142, -10.00000000000000000, 27.99347179447653389 ) ) ;
#224 = EDGE_LOOP ( 'NONE', ( #3959, #4247, #2483, #553 ) ) ;
#225 = CARTESIAN_POINT ( 'NONE',  ( 0.000000000000000000, -0.6400000000000000133, 0.000000000000000000 ) ) ;
#226 = DIRECTION ( 'NONE',  ( 0.000000000000000000, 1.000000000000000000, 0.000000000000000000 ) ) ;
#227 = DIRECTION ( 'NONE',  ( 0.000000000000000000, 0.000000000000000000, 1.000000000000000000 ) ) ;
#228 = VECTOR ( 'NONE', #438, 999.9999999999998863 ) ;
#229 = AXIS2_PLACEMENT_3D ( 'NONE', #1320, #2765, #4220 ) ;
#230 = ORIENTED_EDGE ( 'NONE', *, *, #2711, .F. ) ;
#231 = FACE_OUTER_BOUND ( 'NONE', #2646, .T. ) ;
#232 = CARTESIAN_POINT ( 'NONE',  ( 12.94143175556461145, -0.9999999999999991118, -30.54345262782842596 ) ) ;
#233 = PLANE ( 'NONE',  #3161 ) ;
#234 = DIRECTION ( 'NONE',  ( 0.000000000000000000, 1.000000000000000000, 0.000000000000000000 ) ) ;
#235 = ORIENTED_EDGE ( 'NONE', *, *, #1055, .F. ) ;
#236 = VERTEX_POINT ( 'NONE', #1221 ) ;
#237 = CARTESIAN_POINT ( 'NONE',  ( -9.202970849575789813, -10.00000000000000000, 43.99347179447654099 ) ) ;
#238 = DIRECTION ( 'NONE',  ( 0.000000000000000000, 0.000000000000000000, 1.000000000000000000 ) ) ;
#239 = VERTEX_POINT ( 'NONE', #1974 ) ;
#240 = DIRECTION ( 'NONE',  ( 1.000000000000000000, -0.000000000000000000, 0.000000000000000000 ) ) ;
#241 = CARTESIAN_POINT ( 'NONE',  ( 4.201303336261341670, -0.6400000000000000133, -5.575317836442231112 ) ) ;
#242 = EDGE_CURVE ( 'NONE', #2298, #3120, #3808, .T. ) ;
#243 = ADVANCED_FACE ( 'NONE', ( #3788 ), #952, .T. ) ;
#244 = ADVANCED_FACE ( 'NONE', ( #3428 ), #3109, .F. ) ;
#245 = STYLED_ITEM ( 'NONE', ( #3191 ), #2161 ) ;
#246 = CARTESIAN_POINT ( 'NONE',  ( -7.797029150424228838, -0.9999999999999991118, 21.00652820552346256 ) ) ;
#247 = VECTOR ( 'NONE', #385, 1000.000000000000114 ) ;
#248 = VERTEX_POINT ( 'NONE', #4142 ) ;
#249 = CARTESIAN_POINT ( 'NONE',  ( 8.571293721330315307, -0.6400000000000000133, -8.063068004886153162 ) ) ;
#250 = EDGE_CURVE ( 'NONE', #4568, #168, #888, .T. ) ;
#251 = FACE_OUTER_BOUND ( 'NONE', #518, .T. ) ;
#252 = CARTESIAN_POINT ( 'NONE',  ( -0.01990773233175919393, -0.6400000000000000133, -0.008450331022673418860 ) ) ;
#253 = DIRECTION ( 'NONE',  ( 0.7986355100472917190, 0.000000000000000000, -0.6018150231520498217 ) ) ;
#254 = ADVANCED_FACE ( 'NONE', ( #3065, #1952, #1644 ), #868, .F. ) ;
#255 = VERTEX_POINT ( 'NONE', #3497 ) ;
#256 = DIRECTION ( 'NONE',  ( 0.000000000000000000, 1.000000000000000000, -0.000000000000000000 ) ) ;
#257 = CARTESIAN_POINT ( 'NONE',  ( 12.92931211289799442, -0.6399999999999999023, -1.001708526524977216 ) ) ;
#258 = FACE_OUTER_BOUND ( 'NONE', #391, .T. ) ;
#259 = LINE ( 'NONE', #1701, #1867 ) ;
#260 = EDGE_CURVE ( 'NONE', #4333, #1605, #3566, .T. ) ;
#261 = VERTEX_POINT ( 'NONE', #2825 ) ;
#262 = VERTEX_POINT ( 'NONE', #1428 ) ;
#263 = CARTESIAN_POINT ( 'NONE',  ( -12.61499475594644437, -0.9999999999999991118, -28.24961332442811823 ) ) ;
#264 = CARTESIAN_POINT ( 'NONE',  ( 0.000000000000000000, 0.000000000000000000, 0.000000000000000000 ) ) ;
#265 = ORIENTED_EDGE ( 'NONE', *, *, #63, .T. ) ;
#266 = DIRECTION ( 'NONE',  ( 0.000000000000000000, 0.000000000000000000, 1.000000000000000000 ) ) ;
#267 = LINE ( 'NONE', #1354, #2600 ) ;
#268 = ORIENTED_EDGE ( 'NONE', *, *, #3908, .T. ) ;
#269 = ADVANCED_FACE ( 'NONE', ( #3542 ), #1076, .F. ) ;
#270 = PLANE ( 'NONE',  #736 ) ;
#271 = LINE ( 'NONE', #1741, #1446 ) ;
#272 = ORIENTED_EDGE ( 'NONE', *, *, #1172, .T. ) ;
#273 = PRODUCT_DEFINITION_SHAPE ( 'NONE', 'NONE',  #682 ) ;
#274 = VECTOR ( 'NONE', #737, 1000.000000000000000 ) ;
#275 = ORIENTED_EDGE ( 'NONE', *, *, #2708, .F. ) ;
#276 = FACE_OUTER_BOUND ( 'NONE', #3803, .T. ) ;
#277 = AXIS2_PLACEMENT_3D ( 'NONE', #3778, #3054, #3392 ) ;
#278 = LINE ( 'NONE', #1675, #2022 ) ;
#279 = VERTEX_POINT ( 'NONE', #4302 ) ;
#280 = VECTOR ( 'NONE', #2752, 1000.000000000000000 ) ;
#281 = VECTOR ( 'NONE', #2008, 1000.000000000000000 ) ;
#282 = DIRECTION ( 'NONE',  ( 1.000000000000000000, 0.000000000000000000, 6.892772199665726237E-17 ) ) ;
#283 = AXIS2_PLACEMENT_3D ( 'NONE', #2612, #4027, #390 ) ;
#284 = DIRECTION ( 'NONE',  ( -0.7986355100472917190, 0.000000000000000000, -0.6018150231520498217 ) ) ;
#285 = CARTESIAN_POINT ( 'NONE',  ( -1.775631072831839186, -0.9999999999999991118, 37.00652820552347322 ) ) ;
#286 = DIRECTION ( 'NONE',  ( 0.000000000000000000, 0.000000000000000000, -1.000000000000000000 ) ) ;
#287 = VECTOR ( 'NONE', #1369, 1000.000000000000000 ) ;
#288 = ORIENTED_EDGE ( 'NONE', *, *, #63, .F. ) ;
#289 = ADVANCED_FACE ( 'NONE', ( #296 ), #2510, .F. ) ;
#290 = ORIENTED_EDGE ( 'NONE', *, *, #781, .T. ) ;
#291 = PLANE ( 'NONE',  #1331 ) ;
#292 = VECTOR ( 'NONE', #2241, 1000.000000000000000 ) ;
#293 = SHAPE_REPRESENTATION_RELATIONSHIP ( 'NONE' , 'NONE' ,  #2400, #1720 ) ;
#294 = VERTEX_POINT ( 'NONE', #4589 ) ;
#295 = CARTESIAN_POINT ( 'NONE',  ( -7.797029150424228838, -10.00000000000000000, 21.00652820552346256 ) ) ;
#296 = FACE_OUTER_BOUND ( 'NONE', #2870, .T. ) ;
#297 = ORIENTED_EDGE ( 'NONE', *, *, #4106, .F. ) ;
#298 = DIRECTION ( 'NONE',  ( 0.000000000000000000, 1.000000000000000000, 0.000000000000000000 ) ) ;
#299 = CARTESIAN_POINT ( 'NONE',  ( -12.92931211289798377, -10.00000000000000000, 1.001708526524982767 ) ) ;
#300 = ORIENTED_EDGE ( 'NONE', *, *, #2627, .F. ) ;
#301 = DIRECTION ( 'NONE',  ( 0.000000000000000000, 0.000000000000000000, -1.000000000000000000 ) ) ;
#302 = ORIENTED_EDGE ( 'NONE', *, *, #3986, .T. ) ;
#303 = FACE_OUTER_BOUND ( 'NONE', #606, .T. ) ;
#304 = CARTESIAN_POINT ( 'NONE',  ( -10.45482207421820675, -0.9999999999999991118, 23.99999999999981881 ) ) ;
#305 = ORIENTED_EDGE ( 'NONE', *, *, #4200, .F. ) ;
#306 = EDGE_CURVE ( 'NONE', #2889, #116, #1759, .T. ) ;
#307 = ADVANCED_FACE ( 'NONE', ( #3896 ), #647, .F. ) ;
#308 = DIRECTION ( 'NONE',  ( 0.000000000000000000, 1.000000000000000000, 0.000000000000000000 ) ) ;
#309 = DIRECTION ( 'NONE',  ( 1.000000000000000000, -0.000000000000000000, 2.580542196641711662E-16 ) ) ;
#310 = CARTESIAN_POINT ( 'NONE',  ( 6.578310240089229488, -10.00000000000000000, 22.99999999999687006 ) ) ;
#311 = VERTEX_POINT ( 'NONE', #2848 ) ;
#312 = FACE_OUTER_BOUND ( 'NONE', #4140, .T. ) ;
#313 = VERTEX_POINT ( 'NONE', #977 ) ;
#314 = LINE ( 'NONE', #673, #4646 ) ;
#315 = DIRECTION ( 'NONE',  ( 0.000000000000000000, 0.000000000000000000, 1.000000000000000000 ) ) ;
#316 = ORIENTED_EDGE ( 'NONE', *, *, #802, .F. ) ;
#317 = DIRECTION ( 'NONE',  ( 0.000000000000000000, 0.000000000000000000, 1.000000000000000000 ) ) ;
#318 = CARTESIAN_POINT ( 'NONE',  ( 10.45482207421827248, -0.9999999999999991118, -31.00000000000000000 ) ) ;
#319 = VERTEX_POINT ( 'NONE', #4278 ) ;
#320 = DIRECTION ( 'NONE',  ( 0.000000000000000000, 1.000000000000000000, -0.000000000000000000 ) ) ;
#321 = CIRCLE ( 'NONE', #3809, 1.449999999999999956 ) ;
#322 = AXIS2_PLACEMENT_3D ( 'NONE', #4532, #2303, #4077 ) ;
#323 = VECTOR ( 'NONE', #1189, 1000.000000000000000 ) ;
#324 = ORIENTED_EDGE ( 'NONE', *, *, #3115, .F. ) ;
#325 = DIRECTION ( 'NONE',  ( -0.3907311284892709957, 0.000000000000000000, 0.9205048534524415960 ) ) ;
#326 = CARTESIAN_POINT ( 'NONE',  ( 12.92931211289799442, -0.9999999999999991118, 1.001708526524975662 ) ) ;
#327 = ORIENTED_EDGE ( 'NONE', *, *, #634, .F. ) ;
#328 = ADVANCED_FACE ( 'NONE', ( #2083, #2039, #3971, #337, #1402, #4253, #1737, #2487, #624, #2419 ), #1378, .T. ) ;
#329 = CARTESIAN_POINT ( 'NONE',  ( -19.00000000000000000, -10.00000000000000000, 32.50000000000000000 ) ) ;
#330 = DIRECTION ( 'NONE',  ( 1.000000000000000000, -0.000000000000000000, 0.000000000000000000 ) ) ;
#331 = DIRECTION ( 'NONE',  ( -0.7986355100472917190, 0.000000000000000000, -0.6018150231520498217 ) ) ;
#332 = EDGE_CURVE ( 'NONE', #451, #2794, #1708, .T. ) ;
#333 = EDGE_CURVE ( 'NONE', #3595, #1088, #3209, .T. ) ;
#334 = VERTEX_POINT ( 'NONE', #2442 ) ;
#335 = EDGE_LOOP ( 'NONE', ( #588, #2286, #2552, #4392 ) ) ;
#336 = DIRECTION ( 'NONE',  ( -0.9981347984218673641, 0.000000000000000000, -0.06104853953485016305 ) ) ;
#337 = FACE_BOUND ( 'NONE', #2479, .T. ) ;
#338 = VERTEX_POINT ( 'NONE', #3158 ) ;
#339 = LINE ( 'NONE', #1148, #2285 ) ;
#340 = LINE ( 'NONE', #746, #2320 ) ;
#341 = DIRECTION ( 'NONE',  ( -0.9981347984218674751, 0.000000000000000000, -0.06104853953484838669 ) ) ;
#342 = ORIENTED_EDGE ( 'NONE', *, *, #4222, .T. ) ;
#343 = EDGE_CURVE ( 'NONE', #920, #4370, #1330, .T. ) ;
#344 = ORIENTED_EDGE ( 'NONE', *, *, #542, .T. ) ;
#345 = DIRECTION ( 'NONE',  ( -1.000000000000000000, 0.000000000000000000, 0.000000000000000000 ) ) ;
#346 = DIRECTION ( 'NONE',  ( 0.06104853953485295248, 0.000000000000000000, -0.9981347984218672531 ) ) ;
#347 = VERTEX_POINT ( 'NONE', #698 ) ;
#348 = STYLED_ITEM ( 'NONE', ( #1755 ), #3727 ) ;
#349 = DIRECTION ( 'NONE',  ( -0.7986355100472917190, -0.000000000000000000, 0.6018150231520498217 ) ) ;
#350 = DIRECTION ( 'NONE',  ( 0.000000000000000000, -1.000000000000000000, 0.000000000000000000 ) ) ;
#351 = EDGE_LOOP ( 'NONE', ( #3058, #1697, #447, #2998 ) ) ;
#353 = AXIS2_PLACEMENT_3D ( 'NONE', #4339, #757, #2192 ) ;
#352 = AXIS2_PLACEMENT_3D ( 'NONE', #3134, #2444, #2422 ) ;
#354 = CARTESIAN_POINT ( 'NONE',  ( -1.775631072831839186, -10.00000000000000000, 37.00652820552347322 ) ) ;
#355 = ORIENTED_EDGE ( 'NONE', *, *, #1490, .F. ) ;
#356 = DIRECTION ( 'NONE',  ( 0.06104853953485284146, 0.000000000000000000, -0.9981347984218672531 ) ) ;
#357 = VECTOR ( 'NONE', #1335, 1000.000000000000000 ) ;
#358 = FACE_OUTER_BOUND ( 'NONE', #1038, .T. ) ;
#359 =( GEOMETRIC_REPRESENTATION_CONTEXT ( 3 ) GLOBAL_UNCERTAINTY_ASSIGNED_CONTEXT ( ( #2366 ) ) GLOBAL_UNIT_ASSIGNED_CONTEXT ( ( #1399, #3514, #931 ) ) REPRESENTATION_CONTEXT ( 'NONE', 'WORKASPACE' ) );
#360 = VERTEX_POINT ( 'NONE', #2107 ) ;
#361 = VECTOR ( 'NONE', #1822, 1000.000000000000000 ) ;
#362 = EDGE_CURVE ( 'NONE', #3469, #2793, #3589, .T. ) ;
#363 = FACE_OUTER_BOUND ( 'NONE', #3329, .T. ) ;
#364 = CARTESIAN_POINT ( 'NONE',  ( -10.00000000000000178, -1.000000000000000000, 65.00000000000000000 ) ) ;
#365 = EDGE_CURVE ( 'NONE', #2283, #4103, #3228, .T. ) ;
#366 = LINE ( 'NONE', #1713, #4327 ) ;
#367 = ORIENTED_EDGE ( 'NONE', *, *, #2916, .T. ) ;
#368 = EDGE_CURVE ( 'NONE', #3120, #569, #267, .T. ) ;
#369 = CARTESIAN_POINT ( 'NONE',  ( -11.60000000000000142, -10.00000000000000000, 0.000000000000000000 ) ) ;
#370 = ORIENTED_EDGE ( 'NONE', *, *, #1288, .T. ) ;
#371 =( NAMED_UNIT ( * ) PLANE_ANGLE_UNIT ( ) SI_UNIT ( $, .RADIAN. ) );
#372 = CARTESIAN_POINT ( 'NONE',  ( -5.935247052275937958E-15, -0.6400000000000000133, 23.00000000000000355 ) ) ;
#373 = VECTOR ( 'NONE', #2562, 1000.000000000000000 ) ;
#374 = EDGE_LOOP ( 'NONE', ( #2033, #1894, #2601, #2114 ) ) ;
#375 = AXIS2_PLACEMENT_3D ( 'NONE', #976, #3516, #266 ) ;
#376 = DIRECTION ( 'NONE',  ( 0.000000000000000000, 1.000000000000000000, -0.000000000000000000 ) ) ;
#377 = CARTESIAN_POINT ( 'NONE',  ( 0.8256953720314850198, -1.000000000000000000, -13.49999999999999822 ) ) ;
#378 = VERTEX_POINT ( 'NONE', #3252 ) ;
#379 = VECTOR ( 'NONE', #204, 1000.000000000000114 ) ;
#380 = CARTESIAN_POINT ( 'NONE',  ( 6.628307619941712581, -0.9999999999999991118, 22.18255006523297723 ) ) ;
#381 = ORIENTED_EDGE ( 'NONE', *, *, #3937, .F. ) ;
#382 = DIRECTION ( 'NONE',  ( 0.000000000000000000, 0.000000000000000000, 1.000000000000000000 ) ) ;
#383 = DIRECTION ( 'NONE',  ( 0.000000000000000000, -0.000000000000000000, 1.000000000000000000 ) ) ;
#384 = EDGE_LOOP ( 'NONE', ( #2581, #290 ) ) ;
#385 = DIRECTION ( 'NONE',  ( 0.06104853953485016305, 0.000000000000000000, -0.9981347984218673641 ) ) ;
#386 = PLANE ( 'NONE',  #1415 ) ;
#387 = CARTESIAN_POINT ( 'NONE',  ( 16.00000000000000355, -10.00000000000000000, 29.50000000000000355 ) ) ;
#388 = PRODUCT_DEFINITION ( 'UNKNOWN', '', #4509, #2894 ) ;
#389 = ADVANCED_FACE ( 'NONE', ( #358 ), #3607, .F. ) ;
#390 = DIRECTION ( 'NONE',  ( 0.7986355100472917190, 0.000000000000000000, 0.6018150231520497107 ) ) ;
#391 = EDGE_LOOP ( 'NONE', ( #3489, #147, #4182, #767 ) ) ;
#392 = LINE ( 'NONE', #1107, #228 ) ;
#393 = DIRECTION ( 'NONE',  ( 2.580542196641711662E-16, 0.000000000000000000, -1.000000000000000000 ) ) ;
#394 = EDGE_CURVE ( 'NONE', #3025, #2960, #3306, .T. ) ;
#395 = ORIENTED_EDGE ( 'NONE', *, *, #2979, .F. ) ;
#396 = CIRCLE ( 'NONE', #1611, 8.000000000000014211 ) ;
#397 = CARTESIAN_POINT ( 'NONE',  ( -8.261456028412363040, -10.00000000000000000, 4.519190384286107864 ) ) ;
#398 = EDGE_CURVE ( 'NONE', #2295, #2191, #1019, .T. ) ;
#399 = CARTESIAN_POINT ( 'NONE',  ( -1.224368927168166810, -10.00000000000000000, 27.99347179447653389 ) ) ;
#400 = ORIENTED_EDGE ( 'NONE', *, *, #2420, .T. ) ;
#401 = VERTEX_POINT ( 'NONE', #4024 ) ;
#402 = PLANE ( 'NONE',  #1739 ) ;
#403 = DIRECTION ( 'NONE',  ( -1.000000000000000000, 0.000000000000000000, 0.000000000000000000 ) ) ;
#404 = ORIENTED_EDGE ( 'NONE', *, *, #4193, .F. ) ;
#405 = ORIENTED_EDGE ( 'NONE', *, *, #4334, .F. ) ;
#406 = CYLINDRICAL_SURFACE ( 'NONE', #954, 8.000000000000140332 ) ;
#407 = CARTESIAN_POINT ( 'NONE',  ( -19.00000000000000000, -1.000000000000000000, -32.50000000000000000 ) ) ;
#408 = DIRECTION ( 'NONE',  ( 1.000000000000000000, 0.000000000000000000, -2.573541108691231936E-16 ) ) ;
#409 = DIRECTION ( 'NONE',  ( 0.000000000000000000, 0.000000000000000000, 1.000000000000000000 ) ) ;
#410 = AXIS2_PLACEMENT_3D ( 'NONE', #2060, #3185, #4639 ) ;
#411 = PLANE ( 'NONE',  #37 ) ;
#412 = ORIENTED_EDGE ( 'NONE', *, *, #102, .F. ) ;
#413 =( LENGTH_UNIT ( ) NAMED_UNIT ( * ) SI_UNIT ( .MILLI., .METRE. ) );
#414 = DIRECTION ( 'NONE',  ( 0.000000000000000000, 0.000000000000000000, -1.000000000000000000 ) ) ;
#415 = EDGE_LOOP ( 'NONE', ( #2913, #2629, #4449, #2956 ) ) ;
#416 = EDGE_CURVE ( 'NONE', #2812, #4019, #2944, .T. ) ;
#417 = LINE ( 'NONE', #712, #4218 ) ;
#418 = LINE ( 'NONE', #4086, #361 ) ;
#419 = VECTOR ( 'NONE', #769, 1000.000000000000000 ) ;
#420 = ORIENTED_EDGE ( 'NONE', *, *, #4350, .T. ) ;
#421 = DIRECTION ( 'NONE',  ( 0.000000000000000000, 1.000000000000000000, 0.000000000000000000 ) ) ;
#422 = EDGE_LOOP ( 'NONE', ( #4516, #2881 ) ) ;
#423 = FACE_OUTER_BOUND ( 'NONE', #672, .T. ) ;
#424 = LINE ( 'NONE', #836, #778 ) ;
#425 = VECTOR ( 'NONE', #2267, 999.9999999999998863 ) ;
#426 = EDGE_CURVE ( 'NONE', #550, #696, #2255, .T. ) ;
#427 = ORIENTED_EDGE ( 'NONE', *, *, #1288, .F. ) ;
#428 = ORIENTED_EDGE ( 'NONE', *, *, #2265, .T. ) ;
#429 = FACE_BOUND ( 'NONE', #3316, .T. ) ;
#430 = AXIS2_PLACEMENT_3D ( 'NONE', #2806, #3834, #4260 ) ;
#431 = CARTESIAN_POINT ( 'NONE',  ( -0.8256953720314832434, -4.000000000000000000, 13.50000000000000178 ) ) ;
#432 = CARTESIAN_POINT ( 'NONE',  ( -15.80614170435593380, -0.9999999999999991118, -3.169555116623693269 ) ) ;
#433 = DIRECTION ( 'NONE',  ( 0.000000000000000000, -1.000000000000000000, 0.000000000000000000 ) ) ;
#434 = AXIS2_PLACEMENT_3D ( 'NONE', #4508, #4143, #869 ) ;
#435 = AXIS2_PLACEMENT_3D ( 'NONE', #304, #3576, #4266 ) ;
#436 = FACE_OUTER_BOUND ( 'NONE', #1554, .T. ) ;
#437 = ORIENTED_EDGE ( 'NONE', *, *, #3350, .T. ) ;
#438 = DIRECTION ( 'NONE',  ( -0.6851829903263606525, 0.000000000000000000, -0.7283709698823987999 ) ) ;
#439 = LINE ( 'NONE', #2500, #1004 ) ;
#440 = VERTEX_POINT ( 'NONE', #771 ) ;
#441 = ORIENTED_EDGE ( 'NONE', *, *, #565, .F. ) ;
#442 = DIRECTION ( 'NONE',  ( 0.000000000000000000, 1.000000000000000000, 0.000000000000000000 ) ) ;
#443 = EDGE_CURVE ( 'NONE', #2576, #1605, #3641, .T. ) ;
#444 = DIRECTION ( 'NONE',  ( 0.000000000000000000, 0.000000000000000000, 1.000000000000000000 ) ) ;
#445 = EDGE_CURVE ( 'NONE', #487, #2981, #2679, .T. ) ;
#446 = PLANE ( 'NONE',  #1642 ) ;
#447 = ORIENTED_EDGE ( 'NONE', *, *, #1176, .T. ) ;
#448 = DIRECTION ( 'NONE',  ( 0.000000000000000000, 1.000000000000000000, 0.000000000000000000 ) ) ;
#449 = LINE ( 'NONE', #4447, #167 ) ;
#450 = VERTEX_POINT ( 'NONE', #432 ) ;
#451 = VERTEX_POINT ( 'NONE', #2967 ) ;
#452 = CARTESIAN_POINT ( 'NONE',  ( 7.681935248344225364, -0.9999999999999991118, 4.955890615225124307 ) ) ;
#453 = DIRECTION ( 'NONE',  ( 0.000000000000000000, 1.000000000000000000, 0.000000000000000000 ) ) ;
#454 = ORIENTED_EDGE ( 'NONE', *, *, #368, .F. ) ;
#455 = DIRECTION ( 'NONE',  ( 0.000000000000000000, 1.000000000000000000, 0.000000000000000000 ) ) ;
#456 = CARTESIAN_POINT ( 'NONE',  ( -7.797029150424228838, -0.9999999999999991118, 21.00652820552346256 ) ) ;
#457 = VECTOR ( 'NONE', #24, 1000.000000000000000 ) ;
#458 = ADVANCED_FACE ( 'NONE', ( #4047 ), #1904, .F. ) ;
#459 = VECTOR ( 'NONE', #4258, 1000.000000000000114 ) ;
#460 = CARTESIAN_POINT ( 'NONE',  ( -2.202970849575789369, -0.9999999999999991118, 43.99347179447654099 ) ) ;
#461 = EDGE_LOOP ( 'NONE', ( #3141, #789, #629, #1160 ) ) ;
#462 = CARTESIAN_POINT ( 'NONE',  ( -8.224368927168168142, -0.9999999999999991118, 27.99347179447653389 ) ) ;
#463 = ORIENTED_EDGE ( 'NONE', *, *, #1840, .T. ) ;
#464 = ORIENTED_EDGE ( 'NONE', *, *, #2994, .F. ) ;
#465 = FACE_BOUND ( 'NONE', #2245, .T. ) ;
#466 = DIRECTION ( 'NONE',  ( 0.000000000000000000, 0.000000000000000000, 1.000000000000000000 ) ) ;
#467 = EDGE_CURVE ( 'NONE', #338, #4436, #1998, .T. ) ;
#468 = AXIS2_PLACEMENT_3D ( 'NONE', #4411, #1816, #4029 ) ;
#469 = LINE ( 'NONE', #492, #3994 ) ;
#470 = VECTOR ( 'NONE', #1859, 1000.000000000000114 ) ;
#471 = ORIENTED_EDGE ( 'NONE', *, *, #3730, .T. ) ;
#472 = CARTESIAN_POINT ( 'NONE',  ( 5.220423904620727917, -0.6399999999999999023, 23.00000000000000355 ) ) ;
#473 = CARTESIAN_POINT ( 'NONE',  ( -6.291820713518381680, -10.00000000000000000, -4.000000000000000000 ) ) ;
#474 = ADVANCED_FACE ( 'NONE', ( #2991 ), #1831, .F. ) ;
#475 = VERTEX_POINT ( 'NONE', #19 ) ;
#476 = PRODUCT_DEFINITION_FORMATION_WITH_SPECIFIED_SOURCE ( 'ANY', '', #3992, .NOT_KNOWN. ) ;
#477 = ORIENTED_EDGE ( 'NONE', *, *, #3087, .F. ) ;
#478 = LINE ( 'NONE', #498, #1485 ) ;
#479 = CARTESIAN_POINT ( 'NONE',  ( 6.291820713518296415, -10.00000000000000000, 4.000000000000000888 ) ) ;
#480 = ORIENTED_EDGE ( 'NONE', *, *, #136, .T. ) ;
#481 = DIRECTION ( 'NONE',  ( 1.000000000000000000, -0.000000000000000000, 0.000000000000000000 ) ) ;
#482 = CARTESIAN_POINT ( 'NONE',  ( -19.00000000000000000, -1.000000000000000000, -32.50000000000000000 ) ) ;
#483 = CARTESIAN_POINT ( 'NONE',  ( 0.000000000000000000, -0.6400000000000000133, 0.000000000000000000 ) ) ;
#484 = ORIENTED_EDGE ( 'NONE', *, *, #1015, .T. ) ;
#485 = DIRECTION ( 'NONE',  ( 0.000000000000000000, -1.000000000000000000, 0.000000000000000000 ) ) ;
#486 = ADVANCED_FACE ( 'NONE', ( #819 ), #2229, .F. ) ;
#487 = VERTEX_POINT ( 'NONE', #3332 ) ;
#488 = EDGE_CURVE ( 'NONE', #2797, #4463, #1479, .T. ) ;
#489 = ORIENTED_EDGE ( 'NONE', *, *, #1938, .T. ) ;
#490 = CARTESIAN_POINT ( 'NONE',  ( 16.00000000000000355, -10.00000000000000000, 30.95000000000000284 ) ) ;
#491 = CARTESIAN_POINT ( 'NONE',  ( -17.44176566317134558, -0.9999999999999991118, 23.57266022325603316 ) ) ;
#492 = CARTESIAN_POINT ( 'NONE',  ( 8.007780573516589229, -10.00000000000000000, 30.87125241406041809 ) ) ;
#493 = DIRECTION ( 'NONE',  ( 0.3338068592337682938, 0.000000000000000000, 0.9426414910921793178 ) ) ;
#494 = FACE_OUTER_BOUND ( 'NONE', #528, .T. ) ;
#495 = AXIS2_PLACEMENT_3D ( 'NONE', #2890, #2195, #1496 ) ;
#496 = ORIENTED_EDGE ( 'NONE', *, *, #2160, .F. ) ;
#497 = ORIENTED_EDGE ( 'NONE', *, *, #4469, .T. ) ;
#498 = CARTESIAN_POINT ( 'NONE',  ( -15.80614170435593380, -10.00000000000000000, -3.169555116623693269 ) ) ;
#499 = CARTESIAN_POINT ( 'NONE',  ( 14.56338862746446061, -10.00000000000000000, 23.48838831627882584 ) ) ;
#500 = ORIENTED_EDGE ( 'NONE', *, *, #2647, .F. ) ;
#501 = CIRCLE ( 'NONE', #1040, 6.999999999998958167 ) ;
#502 = CARTESIAN_POINT ( 'NONE',  ( -14.97186607185890139, -0.9999999999999991118, 29.34755210571891482 ) ) ;
#503 = DIRECTION ( 'NONE',  ( 0.000000000000000000, 0.000000000000000000, -1.000000000000000000 ) ) ;
#504 = EDGE_CURVE ( 'NONE', #850, #168, #1881, .T. ) ;
#505 = AXIS2_PLACEMENT_3D ( 'NONE', #225, #4574, #1767 ) ;
#506 = EDGE_CURVE ( 'NONE', #1170, #635, #2204, .T. ) ;
#507 = LINE ( 'NONE', #2350, #581 ) ;
#508 = VECTOR ( 'NONE', #150, 1000.000000000000000 ) ;
#509 = ORIENTED_EDGE ( 'NONE', *, *, #2304, .F. ) ;
#510 = MANIFOLD_SOLID_BREP ( 'Split1[2]', #4650 ) ;
#511 = DIRECTION ( 'NONE',  ( -0.000000000000000000, -1.000000000000000000, -0.000000000000000000 ) ) ;
#512 = AXIS2_PLACEMENT_3D ( 'NONE', #2840, #3509, #4271 ) ;
#513 = ORIENTED_EDGE ( 'NONE', *, *, #4642, .F. ) ;
#514 = VERTEX_POINT ( 'NONE', #4483 ) ;
#515 = VECTOR ( 'NONE', #1696, 1000.000000000000114 ) ;
#516 = DIRECTION ( 'NONE',  ( 0.06104853953485293860, 0.000000000000000000, -0.9981347984218672531 ) ) ;
#517 = DIRECTION ( 'NONE',  ( -0.000000000000000000, 1.000000000000000000, -0.000000000000000000 ) ) ;
#518 = EDGE_LOOP ( 'NONE', ( #1725, #2616, #4013, #824 ) ) ;
#519 = DIRECTION ( 'NONE',  ( 0.7283709698823986889, 0.000000000000000000, -0.6851829903263609856 ) ) ;
#520 = FACE_OUTER_BOUND ( 'NONE', #4360, .T. ) ;
#521 = CARTESIAN_POINT ( 'NONE',  ( 0.000000000000000000, -10.00000000000000000, 0.000000000000000000 ) ) ;
#522 = UNCERTAINTY_MEASURE_WITH_UNIT (LENGTH_MEASURE( 1.000000000000000082E-05 ), #644, 'distance_accuracy_value', 'NONE');
#523 = ORIENTED_EDGE ( 'NONE', *, *, #2207, .F. ) ;
#524 = VERTEX_POINT ( 'NONE', #3787 ) ;
#525 = CARTESIAN_POINT ( 'NONE',  ( 8.261456028412359487, -10.00000000000000000, -4.519190384286056350 ) ) ;
#526 = LINE ( 'NONE', #1971, #207 ) ;
#527 = AXIS2_PLACEMENT_3D ( 'NONE', #212, #3055, #1300 ) ;
#528 = EDGE_LOOP ( 'NONE', ( #774, #4225, #1281, #4410 ) ) ;
#529 = DIRECTION ( 'NONE',  ( 0.000000000000000000, 1.000000000000000000, 0.000000000000000000 ) ) ;
#530 = DIRECTION ( 'NONE',  ( 0.000000000000000000, 1.000000000000000000, 0.000000000000000000 ) ) ;
#531 = DIRECTION ( 'NONE',  ( 0.06104853953485016305, 0.000000000000000000, -0.9981347984218673641 ) ) ;
#532 = CIRCLE ( 'NONE', #4486, 2.600000000000000089 ) ;
#533 = ORIENTED_EDGE ( 'NONE', *, *, #3522, .F. ) ;
#534 = DIRECTION ( 'NONE',  ( 0.000000000000000000, 0.000000000000000000, 1.000000000000000000 ) ) ;
#535 = EDGE_CURVE ( 'NONE', #1328, #1062, #2028, .T. ) ;
#536 = EDGE_CURVE ( 'NONE', #4492, #2081, #3629, .T. ) ;
#537 = EDGE_LOOP ( 'NONE', ( #1568, #3126 ) ) ;
#538 = FACE_OUTER_BOUND ( 'NONE', #1602, .T. ) ;
#539 = ADVANCED_FACE ( 'NONE', ( #1572 ), #2661, .F. ) ;
#540 = CARTESIAN_POINT ( 'NONE',  ( -1.224368927168166810, -10.00000000000000000, 27.99347179447653389 ) ) ;
#541 = EDGE_LOOP ( 'NONE', ( #395, #3084, #1247, #268 ) ) ;
#542 = EDGE_CURVE ( 'NONE', #2669, #4499, #173, .T. ) ;
#543 = CARTESIAN_POINT ( 'NONE',  ( 9.333267306181616263, -0.9999999999999991118, -22.04314987346826626 ) ) ;
#544 = DIRECTION ( 'NONE',  ( -0.06104853953485293860, 0.000000000000000000, 0.9981347984218672531 ) ) ;
#545 = DIRECTION ( 'NONE',  ( 0.6018150231520437154, 0.000000000000000000, -0.7986355100472962709 ) ) ;
#546 = AXIS2_PLACEMENT_3D ( 'NONE', #3495, #2106, #1687 ) ;
#547 = ORIENTED_EDGE ( 'NONE', *, *, #885, .T. ) ;
#548 = VECTOR ( 'NONE', #4461, 1000.000000000000114 ) ;
#549 = VECTOR ( 'NONE', #1134, 1000.000000000000000 ) ;
#550 = VERTEX_POINT ( 'NONE', #2299 ) ;
#551 = DIRECTION ( 'NONE',  ( 0.000000000000000000, 0.000000000000000000, -1.000000000000000000 ) ) ;
#552 = DIRECTION ( 'NONE',  ( 0.6018150231520440485, -0.000000000000000000, 0.7986355100472961599 ) ) ;
#553 = ORIENTED_EDGE ( 'NONE', *, *, #61, .T. ) ;
#554 = AXIS2_PLACEMENT_3D ( 'NONE', #3665, #1152, #4455 ) ;
#555 = DIRECTION ( 'NONE',  ( 0.000000000000000000, 0.000000000000000000, 1.000000000000000000 ) ) ;
#556 = FACE_OUTER_BOUND ( 'NONE', #130, .T. ) ;
#557 = EDGE_CURVE ( 'NONE', #1869, #564, #1666, .T. ) ;
#558 = DIRECTION ( 'NONE',  ( 1.000000000000000000, 0.000000000000000000, -4.073762697233657151E-16 ) ) ;
#559 = ORIENTED_EDGE ( 'NONE', *, *, #3119, .T. ) ;
#560 = LINE ( 'NONE', #462, #548 ) ;
#561 = PLANE ( 'NONE',  #1067 ) ;
#562 = FACE_OUTER_BOUND ( 'NONE', #214, .T. ) ;
#563 = EDGE_CURVE ( 'NONE', #3328, #23, #3760, .T. ) ;
#564 = VERTEX_POINT ( 'NONE', #502 ) ;
#565 = EDGE_CURVE ( 'NONE', #3051, #550, #1811, .T. ) ;
#566 = CARTESIAN_POINT ( 'NONE',  ( 0.000000000000000000, -4.000000000000000000, 0.000000000000000000 ) ) ;
#567 = CARTESIAN_POINT ( 'NONE',  ( 0.8256953720314850198, -4.000000000000000000, -10.89999999999999858 ) ) ;
#568 = DIRECTION ( 'NONE',  ( 1.000000000000000000, -0.000000000000000000, 0.000000000000000000 ) ) ;
#569 = VERTEX_POINT ( 'NONE', #220 ) ;
#570 = ORIENTED_EDGE ( 'NONE', *, *, #3695, .T. ) ;
#571 = DIRECTION ( 'NONE',  ( -0.9981347984218672531, 0.000000000000000000, -0.06104853953485289003 ) ) ;
#572 = DIRECTION ( 'NONE',  ( 0.000000000000000000, 0.000000000000000000, 1.000000000000000000 ) ) ;
#573 = EDGE_LOOP ( 'NONE', ( #3207, #946, #1193, #4066 ) ) ;
#574 = DIRECTION ( 'NONE',  ( 0.000000000000000000, 1.000000000000000000, 0.000000000000000000 ) ) ;
#575 = CARTESIAN_POINT ( 'NONE',  ( -10.00000000000000178, -0.6400000000000000133, 0.000000000000000000 ) ) ;
#576 = ADVANCED_FACE ( 'NONE', ( #148 ), #3108, .F. ) ;
#577 = AXIS2_PLACEMENT_3D ( 'NONE', #3181, #930, #3152 ) ;
#578 = CARTESIAN_POINT ( 'NONE',  ( -6.578310240089378702, -0.9999999999999991118, -22.99999999999995026 ) ) ;
#579 = VERTEX_POINT ( 'NONE', #4206 ) ;
#580 = DIRECTION ( 'NONE',  ( -1.000000000000000000, 0.000000000000000000, -2.036881348616828083E-16 ) ) ;
#582 = CIRCLE ( 'NONE', #202, 7.000000000000182965 ) ;
#581 = VECTOR ( 'NONE', #558, 1000.000000000000000 ) ;
#583 = VECTOR ( 'NONE', #2021, 1000.000000000000000 ) ;
#584 = CARTESIAN_POINT ( 'NONE',  ( -6.487944314142259472, -0.6400000000000000133, -0.3968196736433221017 ) ) ;
#585 = DIRECTION ( 'NONE',  ( 0.7986355100472962709, -0.000000000000000000, 0.6018150231520437154 ) ) ;
#586 = AXIS2_PLACEMENT_3D ( 'NONE', #4548, #1260, #1992 ) ;
#587 = VECTOR ( 'NONE', #853, 1000.000000000000000 ) ;
#588 = ORIENTED_EDGE ( 'NONE', *, *, #3300, .F. ) ;
#589 = DIRECTION ( 'NONE',  ( 0.000000000000000000, -1.000000000000000000, 0.000000000000000000 ) ) ;
#590 = ADVANCED_FACE ( 'NONE', ( #951 ), #2392, .F. ) ;
#591 = CARTESIAN_POINT ( 'NONE',  ( -10.45482207421820675, -10.00000000000000000, 23.99999999999981881 ) ) ;
#592 = FACE_OUTER_BOUND ( 'NONE', #573, .T. ) ;
#593 = DIRECTION ( 'NONE',  ( -0.7986355100472962709, 0.000000000000000000, -0.6018150231520437154 ) ) ;
#594 = ADVANCED_FACE ( 'NONE', ( #887 ), #3040, .F. ) ;
#595 = VERTEX_POINT ( 'NONE', #2325 ) ;
#596 = EDGE_LOOP ( 'NONE', ( #275, #99, #3009, #3894 ) ) ;
#597 = DIRECTION ( 'NONE',  ( -1.000000000000000000, 0.000000000000000000, -0.000000000000000000 ) ) ;
#598 = DIRECTION ( 'NONE',  ( 0.000000000000000000, 0.000000000000000000, 1.000000000000000000 ) ) ;
#599 = ORIENTED_EDGE ( 'NONE', *, *, #4049, .F. ) ;
#600 = DIRECTION ( 'NONE',  ( 0.7986355100472962709, -0.000000000000000000, 0.6018150231520437154 ) ) ;
#601 = PLANE ( 'NONE',  #889 ) ;
#602 = EDGE_CURVE ( 'NONE', #2389, #2532, #2347, .T. ) ;
#603 = VECTOR ( 'NONE', #1128, 1000.000000000000114 ) ;
#604 = DIRECTION ( 'NONE',  ( 0.000000000000000000, 1.000000000000000000, 0.000000000000000000 ) ) ;
#605 = EDGE_CURVE ( 'NONE', #3187, #2468, #2038, .T. ) ;
#606 = EDGE_LOOP ( 'NONE', ( #2333, #2539, #3676, #4137 ) ) ;
#607 = ADVANCED_FACE ( 'NONE', ( #1973 ), #4164, .F. ) ;
#608 = CARTESIAN_POINT ( 'NONE',  ( -6.578310240089378702, -10.00000000000000000, -22.99999999999995026 ) ) ;
#609 = DIRECTION ( 'NONE',  ( -0.7986355100472917190, 0.000000000000000000, -0.6018150231520498217 ) ) ;
#610 = ORIENTED_EDGE ( 'NONE', *, *, #3841, .F. ) ;
#611 = PRODUCT_DEFINITION_SHAPE ( 'NONE', 'NONE',  #2906 ) ;
#612 = CARTESIAN_POINT ( 'NONE',  ( 0.000000000000000000, -0.6400000000000000133, 0.000000000000000000 ) ) ;
#613 = LINE ( 'NONE', #2865, #4075 ) ;
#614 = CARTESIAN_POINT ( 'NONE',  ( 17.44176566317134558, -10.00000000000000000, -23.57266022325602606 ) ) ;
#615 = CARTESIAN_POINT ( 'NONE',  ( 5.164207373304611437, -0.6400000000000000133, -6.853134652517906211 ) ) ;
#616 = EDGE_CURVE ( 'NONE', #2837, #1486, #1994, .T. ) ;
#617 = ORIENTED_EDGE ( 'NONE', *, *, #87, .F. ) ;
#618 = ORIENTED_EDGE ( 'NONE', *, *, #3966, .T. ) ;
#619 = PLANE ( 'NONE',  #2763 ) ;
#620 = EDGE_CURVE ( 'NONE', #3262, #4503, #4588, .T. ) ;
#621 = DIRECTION ( 'NONE',  ( 0.000000000000000000, 0.000000000000000000, 1.000000000000000000 ) ) ;
#622 = EDGE_LOOP ( 'NONE', ( #2294, #1132, #2700, #327 ) ) ;
#623 = CARTESIAN_POINT ( 'NONE',  ( 15.80614170435593735, -10.00000000000000000, 3.169555116623649305 ) ) ;
#624 = FACE_BOUND ( 'NONE', #2461, .T. ) ;
#625 = VERTEX_POINT ( 'NONE', #295 ) ;
#626 = VECTOR ( 'NONE', #2332, 1000.000000000000000 ) ;
#627 = LINE ( 'NONE', #2042, #2929 ) ;
#628 = DIRECTION ( 'NONE',  ( 1.000000000000000000, -0.000000000000000000, 0.000000000000000000 ) ) ;
#629 = ORIENTED_EDGE ( 'NONE', *, *, #3857, .F. ) ;
#630 = DIRECTION ( 'NONE',  ( 0.000000000000000000, 0.000000000000000000, 1.000000000000000000 ) ) ;
#631 = VERTEX_POINT ( 'NONE', #3131 ) ;
#632 = CARTESIAN_POINT ( 'NONE',  ( -15.80614170435593380, -0.9999999999999991118, -3.169555116623693269 ) ) ;
#633 = CARTESIAN_POINT ( 'NONE',  ( 11.59999999999999964, -10.00000000000000000, 0.000000000000000000 ) ) ;
#634 = EDGE_CURVE ( 'NONE', #3568, #2793, #1736, .T. ) ;
#635 = VERTEX_POINT ( 'NONE', #3922 ) ;
#636 = DIRECTION ( 'NONE',  ( 0.000000000000000000, -1.000000000000000000, 0.000000000000000000 ) ) ;
#637 = CARTESIAN_POINT ( 'NONE',  ( -6.578310240089519922, -10.00000000000000000, -30.99999999999999289 ) ) ;
#638 = CARTESIAN_POINT ( 'NONE',  ( -15.80614170435593380, -10.00000000000000000, -3.169555116623693269 ) ) ;
#639 = AXIS2_PLACEMENT_3D ( 'NONE', #2152, #1804, #408 ) ;
#640 = LINE ( 'NONE', #4607, #661 ) ;
#641 = ORIENTED_EDGE ( 'NONE', *, *, #4050, .T. ) ;
#642 = ORIENTED_EDGE ( 'NONE', *, *, #4180, .T. ) ;
#643 = CARTESIAN_POINT ( 'NONE',  ( -6.291820713518380792, -0.9999999999999991118, 4.000000000000000000 ) ) ;
#644 =( LENGTH_UNIT ( ) NAMED_UNIT ( * ) SI_UNIT ( .MILLI., .METRE. ) );
#645 = ORIENTED_EDGE ( 'NONE', *, *, #3671, .T. ) ;
#646 = FACE_OUTER_BOUND ( 'NONE', #2485, .T. ) ;
#647 = PLANE ( 'NONE',  #2448 ) ;
#648 = ORIENTED_EDGE ( 'NONE', *, *, #2420, .F. ) ;
#649 = CARTESIAN_POINT ( 'NONE',  ( 7.681935248344225364, -10.00000000000000000, 4.955890615225124307 ) ) ;
#650 = DIRECTION ( 'NONE',  ( 1.000000000000000000, -0.000000000000000000, 0.000000000000000000 ) ) ;
#651 = ORIENTED_EDGE ( 'NONE', *, *, #1371, .F. ) ;
#652 = LINE ( 'NONE', #1691, #583 ) ;
#653 = ADVANCED_FACE ( 'NONE', ( #646 ), #3970, .F. ) ;
#654 = ADVANCED_FACE ( 'NONE', ( #1329 ), #1758, .F. ) ;
#655 = AXIS2_PLACEMENT_3D ( 'NONE', #2704, #2252, #169 ) ;
#656 = ORIENTED_EDGE ( 'NONE', *, *, #179, .T. ) ;
#657 = PLANE ( 'NONE',  #2878 ) ;
#658 = DIRECTION ( 'NONE',  ( 0.000000000000000000, 1.000000000000000000, 0.000000000000000000 ) ) ;
#659 = VERTEX_POINT ( 'NONE', #1353 ) ;
#660 = VECTOR ( 'NONE', #2393, 1000.000000000000000 ) ;
#661 = VECTOR ( 'NONE', #3533, 1000.000000000000000 ) ;
#662 = CARTESIAN_POINT ( 'NONE',  ( -6.578310240089519922, -0.9999999999999991118, -30.99999999999999289 ) ) ;
#663 = AXIS2_PLACEMENT_3D ( 'NONE', #4005, #2567, #1507 ) ;
#664 = LINE ( 'NONE', #4675, #1793 ) ;
#665 = DIRECTION ( 'NONE',  ( -0.06104853953485316065, 0.000000000000000000, 0.9981347984218672531 ) ) ;
#666 = LINE ( 'NONE', #2457, #1716 ) ;
#667 = AXIS2_PLACEMENT_3D ( 'NONE', #1278, #3465, #1656 ) ;
#668 = EDGE_LOOP ( 'NONE', ( #4331, #2103, #2746, #1837 ) ) ;
#669 = ORIENTED_EDGE ( 'NONE', *, *, #3477, .F. ) ;
#670 = DIRECTION ( 'NONE',  ( 0.000000000000000000, 1.000000000000000000, 0.000000000000000000 ) ) ;
#671 = SHAPE_REPRESENTATION_RELATIONSHIP ( 'NONE' , 'NONE' ,  #3071, #2791 ) ;
#672 = EDGE_LOOP ( 'NONE', ( #300, #2095, #2013, #2634 ) ) ;
#673 = CARTESIAN_POINT ( 'NONE',  ( 16.00000000000000355, -4.000000000000000000, 30.95000000000000284 ) ) ;
#674 = CARTESIAN_POINT ( 'NONE',  ( 0.000000000000000000, -1.000000000000000000, 32.50000000000000000 ) ) ;
#675 = ADVANCED_FACE ( 'NONE', ( #2798 ), #3156, .F. ) ;
#676 = EDGE_LOOP ( 'NONE', ( #1861, #1884, #265, #4069 ) ) ;
#677 = CARTESIAN_POINT ( 'NONE',  ( -6.291820713518380792, -10.00000000000000000, 4.000000000000000000 ) ) ;
#678 = CARTESIAN_POINT ( 'NONE',  ( -11.60000000000000142, -10.00000000000000000, 0.000000000000000000 ) ) ;
#679 = VERTEX_POINT ( 'NONE', #720 ) ;
#680 = PLANE ( 'NONE',  #3157 ) ;
#681 = EDGE_CURVE ( 'NONE', #3738, #1738, #314, .T. ) ;
#682 = PRODUCT_DEFINITION ( 'UNKNOWN', '', #2827, #140 ) ;
#683 = ORIENTED_EDGE ( 'NONE', *, *, #1031, .T. ) ;
#684 = LINE ( 'NONE', #584, #3948 ) ;
#685 = EDGE_CURVE ( 'NONE', #3630, #4148, #2966, .T. ) ;
#686 = LINE ( 'NONE', #2478, #515 ) ;
#687 = EDGE_LOOP ( 'NONE', ( #2568, #4304, #3718, #3645 ) ) ;
#688 = AXIS2_PLACEMENT_3D ( 'NONE', #2620, #3096, #158 ) ;
#689 = DIRECTION ( 'NONE',  ( 0.000000000000000000, 0.000000000000000000, -1.000000000000000000 ) ) ;
#690 = DIRECTION ( 'NONE',  ( 1.000000000000000000, -0.000000000000000000, 0.000000000000000000 ) ) ;
#691 = CARTESIAN_POINT ( 'NONE',  ( 16.00000000000000355, -4.000000000000000000, 29.50000000000000355 ) ) ;
#692 = AXIS2_PLACEMENT_3D ( 'NONE', #1785, #1080, #725 ) ;
#693 = ORIENTED_EDGE ( 'NONE', *, *, #5, .T. ) ;
#694 = LINE ( 'NONE', #2148, #4453 ) ;
#695 = CONTEXT_DEPENDENT_SHAPE_REPRESENTATION ( #2565, #3528 ) ;
#696 = VERTEX_POINT ( 'NONE', #3565 ) ;
#697 = DIRECTION ( 'NONE',  ( 1.000000000000000000, -0.000000000000000000, 0.000000000000000000 ) ) ;
#698 = CARTESIAN_POINT ( 'NONE',  ( 6.628307619941712581, -10.00000000000000000, 22.18255006523297723 ) ) ;
#699 = ORIENTED_EDGE ( 'NONE', *, *, #1444, .F. ) ;
#700 = LINE ( 'NONE', #42, #419 ) ;
#701 = DIRECTION ( 'NONE',  ( 0.3907311284892708292, 0.000000000000000000, -0.9205048534524415960 ) ) ;
#702 = FACE_OUTER_BOUND ( 'NONE', #4698, .T. ) ;
#703 = EDGE_LOOP ( 'NONE', ( #2572, #4635, #4155, #3154 ) ) ;
#704 = EDGE_CURVE ( 'NONE', #4573, #973, #1000, .T. ) ;
#705 = MECHANICAL_DESIGN_GEOMETRIC_PRESENTATION_REPRESENTATION (  '', ( #2437 ), #1459 ) ;
#706 = AXIS2_PLACEMENT_3D ( 'NONE', #2270, #765, #383 ) ;
#707 = EDGE_LOOP ( 'NONE', ( #2217, #2476 ) ) ;
#708 = FILL_AREA_STYLE_COLOUR ( '', #4338 ) ;
#709 = DIRECTION ( 'NONE',  ( -0.9981347984218672531, 0.000000000000000000, -0.06104853953485284146 ) ) ;
#710 = ORIENTED_EDGE ( 'NONE', *, *, #3379, .T. ) ;
#711 = ORIENTED_EDGE ( 'NONE', *, *, #905, .F. ) ;
#712 = CARTESIAN_POINT ( 'NONE',  ( 0.000000000000000000, 0.000000000000000000, 32.50000000000000000 ) ) ;
#713 = CARTESIAN_POINT ( 'NONE',  ( 16.21259128878628530, -0.6400000000000000133, -3.475836847133733976 ) ) ;
#714 = LINE ( 'NONE', #3487, #2625 ) ;
#715 = ADVANCED_FACE ( 'NONE', ( #4300 ), #2441, .F. ) ;
#716 = EDGE_CURVE ( 'NONE', #625, #2298, #4277, .T. ) ;
#717 = VERTEX_POINT ( 'NONE', #2126 ) ;
#718 = FACE_OUTER_BOUND ( 'NONE', #88, .T. ) ;
#719 = ORIENTED_EDGE ( 'NONE', *, *, #1344, .F. ) ;
#720 = CARTESIAN_POINT ( 'NONE',  ( -12.92931211289798377, -0.6400000000000000133, 1.001708526524983878 ) ) ;
#721 = DIRECTION ( 'NONE',  ( 0.000000000000000000, 1.000000000000000000, 0.000000000000000000 ) ) ;
#722 = ORIENTED_EDGE ( 'NONE', *, *, #2142, .T. ) ;
#723 = DIRECTION ( 'NONE',  ( -4.073762697233657151E-16, 0.000000000000000000, -1.000000000000000000 ) ) ;
#724 = CARTESIAN_POINT ( 'NONE',  ( 0.000000000000000000, 0.000000000000000000, 0.000000000000000000 ) ) ;
#725 = DIRECTION ( 'NONE',  ( 0.000000000000000000, 0.000000000000000000, 1.000000000000000000 ) ) ;
#726 = VERTEX_POINT ( 'NONE', #4228 ) ;
#727 = ORIENTED_EDGE ( 'NONE', *, *, #2354, .T. ) ;
#728 = LINE ( 'NONE', #3263, #1669 ) ;
#729 = DIRECTION ( 'NONE',  ( 0.000000000000000000, 1.000000000000000000, -0.000000000000000000 ) ) ;
#730 = VECTOR ( 'NONE', #3537, 1000.000000000000000 ) ;
#731 = ORIENTED_EDGE ( 'NONE', *, *, #3278, .T. ) ;
#732 = AXIS2_PLACEMENT_3D ( 'NONE', #1612, #1940, #4037 ) ;
#733 = CARTESIAN_POINT ( 'NONE',  ( -6.578310240089471073, -10.00000000000000000, -22.99999999999981171 ) ) ;
#734 = CARTESIAN_POINT ( 'NONE',  ( -15.80614170435593024, -0.6400000000000000133, -3.169555116623692825 ) ) ;
#735 = ORIENTED_EDGE ( 'NONE', *, *, #1580, .F. ) ;
#736 = AXIS2_PLACEMENT_3D ( 'NONE', #1712, #4620, #1007 ) ;
#737 = DIRECTION ( 'NONE',  ( 0.000000000000000000, 1.000000000000000000, 0.000000000000000000 ) ) ;
#738 = ORIENTED_EDGE ( 'NONE', *, *, #4147, .F. ) ;
#739 = CARTESIAN_POINT ( 'NONE',  ( -8.261456028412363040, -0.9999999999999991118, 4.519190384286107864 ) ) ;
#740 = FACE_OUTER_BOUND ( 'NONE', #541, .T. ) ;
#741 = EDGE_CURVE ( 'NONE', #4148, #3630, #321, .T. ) ;
#742 = EDGE_CURVE ( 'NONE', #4171, #1530, #2486, .T. ) ;
#743 = ORIENTED_EDGE ( 'NONE', *, *, #2647, .T. ) ;
#744 = CIRCLE ( 'NONE', #3393, 8.000000000000140332 ) ;
#745 = CARTESIAN_POINT ( 'NONE',  ( 6.291820713518296415, -10.00000000000000000, -4.000000000000000000 ) ) ;
#746 = CARTESIAN_POINT ( 'NONE',  ( -5.479968827431126677, -10.00000000000000000, -23.00000000000000355 ) ) ;
#747 = ADVANCED_FACE ( 'NONE', ( #3588 ), #1778, .F. ) ;
#748 = SURFACE_STYLE_FILL_AREA ( #3377 ) ;
#749 = DIRECTION ( 'NONE',  ( 0.06104853953484814383, 0.000000000000000000, -0.9981347984218674751 ) ) ;
#750 = EDGE_CURVE ( 'NONE', #255, #3493, #2871, .T. ) ;
#751 = PLANE ( 'NONE',  #4296 ) ;
#752 = ORIENTED_EDGE ( 'NONE', *, *, #542, .F. ) ;
#753 = CARTESIAN_POINT ( 'NONE',  ( -0.8256953720314832434, -3.000000000000000000, 16.00000000000000000 ) ) ;
#754 = AXIS2_PLACEMENT_3D ( 'NONE', #3451, #4141, #195 ) ;
#755 = ORIENTED_EDGE ( 'NONE', *, *, #3029, .F. ) ;
#756 = VECTOR ( 'NONE', #3800, 1000.000000000000000 ) ;
#757 = DIRECTION ( 'NONE',  ( 0.6018150231520437154, 0.000000000000000000, -0.7986355100472962709 ) ) ;
#758 = DIRECTION ( 'NONE',  ( 0.06104853953484814383, 0.000000000000000000, -0.9981347984218674751 ) ) ;
#759 = EDGE_LOOP ( 'NONE', ( #3744, #4351, #1306, #3076 ) ) ;
#760 = VECTOR ( 'NONE', #2070, 999.9999999999998863 ) ;
#761 = DIRECTION ( 'NONE',  ( 0.000000000000000000, 0.000000000000000000, 1.000000000000000000 ) ) ;
#762 = ITEM_DEFINED_TRANSFORMATION ( 'NONE', 'NONE', #3391,  #3619 ) ;
#763 = EDGE_LOOP ( 'NONE', ( #2178, #484, #1352, #4512 ) ) ;
#764 = DIRECTION ( 'NONE',  ( 0.000000000000000000, 1.000000000000000000, 0.000000000000000000 ) ) ;
#765 = DIRECTION ( 'NONE',  ( 0.000000000000000000, 1.000000000000000000, 0.000000000000000000 ) ) ;
#766 = PRODUCT_DEFINITION_CONTEXT ( 'detailed design', #1665, 'design' ) ;
#767 = ORIENTED_EDGE ( 'NONE', *, *, #3816, .T. ) ;
#768 = ORIENTED_EDGE ( 'NONE', *, *, #4122, .F. ) ;
#769 = DIRECTION ( 'NONE',  ( 0.000000000000000000, 1.000000000000000000, 0.000000000000000000 ) ) ;
#770 = CARTESIAN_POINT ( 'NONE',  ( -8.224219459354149109, -0.9999999999999991118, 23.00000000000000000 ) ) ;
#771 = CARTESIAN_POINT ( 'NONE',  ( -16.21259128878628886, -0.9999999999999991118, 3.475836847133786378 ) ) ;
#772 = CARTESIAN_POINT ( 'NONE',  ( 19.00000000000000000, -10.00000000000000000, 32.50000000000000000 ) ) ;
#773 = DIRECTION ( 'NONE',  ( -0.7986355100472917190, 0.000000000000000000, 0.6018150231520498217 ) ) ;
#774 = ORIENTED_EDGE ( 'NONE', *, *, #2423, .F. ) ;
#775 = CYLINDRICAL_SURFACE ( 'NONE', #3280, 7.000000000000099476 ) ;
#776 = CARTESIAN_POINT ( 'NONE',  ( -15.80614170435593380, -10.00000000000000000, -3.169555116623693269 ) ) ;
#777 = VECTOR ( 'NONE', #240, 1000.000000000000000 ) ;
#778 = VECTOR ( 'NONE', #4372, 1000.000000000000114 ) ;
#779 = ORIENTED_EDGE ( 'NONE', *, *, #860, .F. ) ;
#780 = DIRECTION ( 'NONE',  ( 0.06104853953484838669, 0.000000000000000000, -0.9981347984218674751 ) ) ;
#781 = EDGE_CURVE ( 'NONE', #294, #2276, #2203, .T. ) ;
#782 = CARTESIAN_POINT ( 'NONE',  ( -1.775631072831838519, -0.6400000000000000133, 37.00652820552347322 ) ) ;
#783 = VERTEX_POINT ( 'NONE', #3348 ) ;
#784 = CARTESIAN_POINT ( 'NONE',  ( -12.61499475594644437, -10.00000000000000000, -28.24961332442811823 ) ) ;
#785 = ITEM_DEFINED_TRANSFORMATION ( 'NONE', 'NONE', #1340,  #3619 ) ;
#786 = ORIENTED_EDGE ( 'NONE', *, *, #704, .T. ) ;
#787 = DIRECTION ( 'NONE',  ( -1.000000000000000000, 0.000000000000000000, 0.000000000000000000 ) ) ;
#788 = DIRECTION ( 'NONE',  ( -0.7986355100472962709, 0.000000000000000000, -0.6018150231520437154 ) ) ;
#789 = ORIENTED_EDGE ( 'NONE', *, *, #937, .T. ) ;
#790 = EDGE_LOOP ( 'NONE', ( #3802, #3767, #2999, #932 ) ) ;
#791 = DIRECTION ( 'NONE',  ( 0.6851829903263608745, -0.000000000000000000, 0.7283709698823985779 ) ) ;
#792 = DIRECTION ( 'NONE',  ( 0.000000000000000000, 1.000000000000000000, 0.000000000000000000 ) ) ;
#793 = DIRECTION ( 'NONE',  ( -0.9205048534524415960, 0.000000000000000000, -0.3907311284892709957 ) ) ;
#794 = LINE ( 'NONE', #3333, #3882 ) ;
#795 = VECTOR ( 'NONE', #3517, 1000.000000000000000 ) ;
#796 = PLANE ( 'NONE',  #1645 ) ;
#797 = EDGE_LOOP ( 'NONE', ( #1825, #4531, #3648, #4176 ) ) ;
#798 = DIRECTION ( 'NONE',  ( 0.000000000000000000, 0.000000000000000000, 1.000000000000000000 ) ) ;
#799 = ADVANCED_FACE ( 'NONE', ( #85 ), #1826, .T. ) ;
#800 = LINE ( 'NONE', #1108, #4262 ) ;
#801 = ORIENTED_EDGE ( 'NONE', *, *, #1209, .F. ) ;
#802 = EDGE_CURVE ( 'NONE', #4263, #2066, #1136, .T. ) ;
#803 = ORIENTED_EDGE ( 'NONE', *, *, #250, .T. ) ;
#804 = DIRECTION ( 'NONE',  ( 0.9981347984218672531, -0.000000000000000000, 0.06104853953485288309 ) ) ;
#805 = LINE ( 'NONE', #4443, #1651 ) ;
#806 = AXIS2_PLACEMENT_3D ( 'NONE', #2274, #3424, #4479 ) ;
#807 = FACE_OUTER_BOUND ( 'NONE', #3625, .T. ) ;
#808 = ORIENTED_EDGE ( 'NONE', *, *, #1104, .F. ) ;
#809 = LINE ( 'NONE', #3657, #980 ) ;
#810 = CARTESIAN_POINT ( 'NONE',  ( -6.578310240089378702, -0.9999999999999991118, -22.99999999999995026 ) ) ;
#811 = ORIENTED_EDGE ( 'NONE', *, *, #488, .T. ) ;
#813 = VECTOR ( 'NONE', #3704, 1000.000000000000000 ) ;
#812 = AXIS2_PLACEMENT_3D ( 'NONE', #431, #4692, #1810 ) ;
#814 = ORIENTED_EDGE ( 'NONE', *, *, #3057, .T. ) ;
#815 = CARTESIAN_POINT ( 'NONE',  ( -6.291820713518381680, -10.00000000000000000, -4.000000000000000000 ) ) ;
#816 = VECTOR ( 'NONE', #1070, 1000.000000000000000 ) ;
#817 = FACE_OUTER_BOUND ( 'NONE', #972, .T. ) ;
#818 = ORIENTED_EDGE ( 'NONE', *, *, #2916, .F. ) ;
#819 = FACE_OUTER_BOUND ( 'NONE', #3892, .T. ) ;
#820 = LINE ( 'NONE', #456, #2698 ) ;
#821 = AXIS2_PLACEMENT_3D ( 'NONE', #2682, #4139, #4502 ) ;
#822 = VECTOR ( 'NONE', #2097, 1000.000000000000114 ) ;
#823 = DIRECTION ( 'NONE',  ( 0.000000000000000000, 0.000000000000000000, 1.000000000000000000 ) ) ;
#824 = ORIENTED_EDGE ( 'NONE', *, *, #781, .F. ) ;
#825 = CARTESIAN_POINT ( 'NONE',  ( -10.45482207421820675, -0.6399999999999999023, 23.99999999999981881 ) ) ;
#826 = EDGE_CURVE ( 'NONE', #1424, #1663, #809, .T. ) ;
#827 = ORIENTED_EDGE ( 'NONE', *, *, #2555, .F. ) ;
#828 = VERTEX_POINT ( 'NONE', #2982 ) ;
#829 = EDGE_CURVE ( 'NONE', #4584, #360, #4446, .T. ) ;
#830 = EDGE_CURVE ( 'NONE', #4274, #3362, #1519, .T. ) ;
#831 = CYLINDRICAL_SURFACE ( 'NONE', #4240, 1.449999999999999956 ) ;
#832 = DIRECTION ( 'NONE',  ( 0.000000000000000000, 1.000000000000000000, 0.000000000000000000 ) ) ;
#833 = DIRECTION ( 'NONE',  ( 0.000000000000000000, 0.000000000000000000, 1.000000000000000000 ) ) ;
#834 = ORIENTED_EDGE ( 'NONE', *, *, #3468, .T. ) ;
#835 = FACE_OUTER_BOUND ( 'NONE', #199, .T. ) ;
#836 = CARTESIAN_POINT ( 'NONE',  ( 9.333267306181616263, -0.9999999999999991118, -22.04314987346826626 ) ) ;
#837 = SHAPE_REPRESENTATION ( '7segment-assembley', ( #2137, #3163, #3391, #1648, #1340, #1161 ), #4431 ) ;
#838 = EDGE_LOOP ( 'NONE', ( #1074, #2582, #1409, #4129 ) ) ;
#839 = VERTEX_POINT ( 'NONE', #2151 ) ;
#840 = PLANE ( 'NONE',  #655 ) ;
#841 = EDGE_CURVE ( 'NONE', #4564, #3571, #14, .T. ) ;
#842 = FACE_OUTER_BOUND ( 'NONE', #209, .T. ) ;
#843 = EDGE_LOOP ( 'NONE', ( #4448, #230 ) ) ;
#844 = DIRECTION ( 'NONE',  ( 0.000000000000000000, 0.000000000000000000, 1.000000000000000000 ) ) ;
#845 = DIRECTION ( 'NONE',  ( 0.000000000000000000, 0.000000000000000000, -1.000000000000000000 ) ) ;
#846 = VECTOR ( 'NONE', #3520, 1000.000000000000000 ) ;
#847 = DIRECTION ( 'NONE',  ( 0.000000000000000000, 0.000000000000000000, 1.000000000000000000 ) ) ;
#848 = VERTEX_POINT ( 'NONE', #2631 ) ;
#849 = FACE_OUTER_BOUND ( 'NONE', #3195, .T. ) ;
#850 = VERTEX_POINT ( 'NONE', #2892 ) ;
#851 = ORIENTED_EDGE ( 'NONE', *, *, #3221, .T. ) ;
#852 = CARTESIAN_POINT ( 'NONE',  ( 12.92931211289799442, -0.9999999999999991118, 1.001708526524975662 ) ) ;
#853 = DIRECTION ( 'NONE',  ( -0.3907311284892708292, 0.000000000000000000, 0.9205048534524415960 ) ) ;
#854 = CIRCLE ( 'NONE', #322, 8.000000000000181188 ) ;
#855 = FACE_OUTER_BOUND ( 'NONE', #935, .T. ) ;
#856 = VECTOR ( 'NONE', #3993, 1000.000000000000000 ) ;
#857 = CARTESIAN_POINT ( 'NONE',  ( -9.202970849575789813, -10.00000000000000000, 43.99347179447654099 ) ) ;
#858 = ADVANCED_FACE ( 'NONE', ( #4422 ), #402, .F. ) ;
#859 = DIRECTION ( 'NONE',  ( 0.000000000000000000, 1.000000000000000000, 0.000000000000000000 ) ) ;
#860 = EDGE_CURVE ( 'NONE', #1223, #2861, #4040, .T. ) ;
#861 = ORIENTED_EDGE ( 'NONE', *, *, #61, .F. ) ;
#862 = ORIENTED_EDGE ( 'NONE', *, *, #2182, .T. ) ;
#863 = DIRECTION ( 'NONE',  ( -0.3338068592337682938, 0.000000000000000000, -0.9426414910921793178 ) ) ;
#864 = EDGE_CURVE ( 'NONE', #1050, #3637, #3298, .T. ) ;
#865 = CARTESIAN_POINT ( 'NONE',  ( -10.00000000000000178, -0.6400000000000000133, 0.000000000000000000 ) ) ;
#866 = ORIENTED_EDGE ( 'NONE', *, *, #222, .F. ) ;
#867 = CARTESIAN_POINT ( 'NONE',  ( -10.45482207421827425, -10.00000000000000000, 31.00000000000000355 ) ) ;
#868 = PLANE ( 'NONE',  #4662 ) ;
#869 = DIRECTION ( 'NONE',  ( 0.000000000000000000, 0.000000000000000000, 1.000000000000000000 ) ) ;
#870 = ORIENTED_EDGE ( 'NONE', *, *, #488, .F. ) ;
#871 = DIRECTION ( 'NONE',  ( 0.9981347984218673641, -0.000000000000000000, 0.06104853953485003121 ) ) ;
#872 = ORIENTED_EDGE ( 'NONE', *, *, #3410, .T. ) ;
#873 = ORIENTED_EDGE ( 'NONE', *, *, #4683, .T. ) ;
#874 = ORIENTED_EDGE ( 'NONE', *, *, #2761, .F. ) ;
#875 = LINE ( 'NONE', #2001, #379 ) ;
#876 = LINE ( 'NONE', #181, #132 ) ;
#877 = LINE ( 'NONE', #1561, #425 ) ;
#878 = DIRECTION ( 'NONE',  ( -0.06104853953485300799, 0.000000000000000000, 0.9981347984218672531 ) ) ;
#879 = DIRECTION ( 'NONE',  ( -0.06104853953484838669, 0.000000000000000000, 0.9981347984218674751 ) ) ;
#880 = VERTEX_POINT ( 'NONE', #2176 ) ;
#881 = ORIENTED_EDGE ( 'NONE', *, *, #1031, .F. ) ;
#882 = LINE ( 'NONE', #525, #3987 ) ;
#883 = CYLINDRICAL_SURFACE ( 'NONE', #4081, 7.000000000000182965 ) ;
#884 = ORIENTED_EDGE ( 'NONE', *, *, #2357, .F. ) ;
#885 = EDGE_CURVE ( 'NONE', #1088, #3700, #3633, .T. ) ;
#886 = AXIS2_PLACEMENT_3D ( 'NONE', #1212, #3008, #3323 ) ;
#887 = FACE_OUTER_BOUND ( 'NONE', #1794, .T. ) ;
#888 = LINE ( 'NONE', #221, #3539 ) ;
#889 = AXIS2_PLACEMENT_3D ( 'NONE', #2348, #3019, #3041 ) ;
#890 = CIRCLE ( 'NONE', #3467, 8.000000000003137046 ) ;
#891 = EDGE_CURVE ( 'NONE', #2760, #1124, #35, .T. ) ;
#892 = LINE ( 'NONE', #2733, #3002 ) ;
#893 = CIRCLE ( 'NONE', #3543, 2.500000000000000444 ) ;
#894 = ORIENTED_EDGE ( 'NONE', *, *, #2249, .F. ) ;
#895 = DIRECTION ( 'NONE',  ( 0.06104853953485003121, 0.000000000000000000, -0.9981347984218673641 ) ) ;
#896 = EDGE_CURVE ( 'NONE', #3047, #2831, #3680, .T. ) ;
#897 = ORIENTED_EDGE ( 'NONE', *, *, #306, .F. ) ;
#898 = VECTOR ( 'NONE', #4173, 1000.000000000000000 ) ;
#899 = CARTESIAN_POINT ( 'NONE',  ( 6.628307619941712581, -0.9999999999999991118, 22.18255006523297723 ) ) ;
#900 = LINE ( 'NONE', #4537, #1125 ) ;
#901 = ORIENTED_EDGE ( 'NONE', *, *, #2737, .F. ) ;
#902 = LINE ( 'NONE', #3078, #1939 ) ;
#903 = LINE ( 'NONE', #1918, #1357 ) ;
#904 = CARTESIAN_POINT ( 'NONE',  ( 12.92931211289799442, -10.00000000000000000, 1.001708526524975662 ) ) ;
#905 = EDGE_CURVE ( 'NONE', #2417, #2667, #2197, .T. ) ;
#906 = ORIENTED_EDGE ( 'NONE', *, *, #1436, .T. ) ;
#907 = EDGE_LOOP ( 'NONE', ( #910, #1630, #834, #2209 ) ) ;
#908 = DIRECTION ( 'NONE',  ( 0.000000000000000000, 0.000000000000000000, -1.000000000000000000 ) ) ;
#909 = CARTESIAN_POINT ( 'NONE',  ( -8.224219459354149109, -10.00000000000000000, 23.00000000000000000 ) ) ;
#910 = ORIENTED_EDGE ( 'NONE', *, *, #3138, .F. ) ;
#911 = CARTESIAN_POINT ( 'NONE',  ( 19.00000000000000000, -0.6400000000000000133, 0.000000000000000000 ) ) ;
#912 = DIRECTION ( 'NONE',  ( 0.000000000000000000, 1.000000000000000000, 0.000000000000000000 ) ) ;
#913 = LINE ( 'NONE', #1623, #1042 ) ;
#914 = ORIENTED_EDGE ( 'NONE', *, *, #3440, .F. ) ;
#915 = CARTESIAN_POINT ( 'NONE',  ( -16.06815885638107488, -0.9999999999999991118, 28.18215855390708668 ) ) ;
#916 = ADVANCED_FACE ( 'NONE', ( #423 ), #2529, .F. ) ;
#917 = ORIENTED_EDGE ( 'NONE', *, *, #2263, .T. ) ;
#918 = LINE ( 'NONE', #133, #3643 ) ;
#919 = DIRECTION ( 'NONE',  ( 0.06104853953484814383, 0.000000000000000000, -0.9981347984218674751 ) ) ;
#920 = VERTEX_POINT ( 'NONE', #4371 ) ;
#921 = ADVANCED_FACE ( 'NONE', ( #3991 ), #60, .F. ) ;
#922 = DIRECTION ( 'NONE',  ( 0.000000000000000000, 1.000000000000000000, 0.000000000000000000 ) ) ;
#923 = DIRECTION ( 'NONE',  ( -1.000000000000000000, 0.000000000000000000, -2.036881348616828083E-16 ) ) ;
#924 = DIRECTION ( 'NONE',  ( -0.7986355100472919410, 0.000000000000000000, 0.6018150231520494886 ) ) ;
#925 = VECTOR ( 'NONE', #697, 1000.000000000000000 ) ;
#926 = EDGE_LOOP ( 'NONE', ( #3441, #779, #2250, #2135 ) ) ;
#927 = AXIS2_PLACEMENT_3D ( 'NONE', #1956, #1977, #3406 ) ;
#928 = AXIS2_PLACEMENT_3D ( 'NONE', #810, #1145, #1543 ) ;
#929 = ORIENTED_EDGE ( 'NONE', *, *, #3429, .F. ) ;
#930 = DIRECTION ( 'NONE',  ( 2.573541108691231936E-16, -0.000000000000000000, 1.000000000000000000 ) ) ;
#931 =( NAMED_UNIT ( * ) SI_UNIT ( $, .STERADIAN. ) SOLID_ANGLE_UNIT ( ) );
#932 = ORIENTED_EDGE ( 'NONE', *, *, #841, .F. ) ;
#933 = CARTESIAN_POINT ( 'NONE',  ( 16.21259128878628530, -0.9999999999999991118, -3.475836847133733976 ) ) ;
#934 = DIRECTION ( 'NONE',  ( -0.7986355100472960489, 0.000000000000000000, 0.6018150231520439375 ) ) ;
#935 = EDGE_LOOP ( 'NONE', ( #316, #1990, #1106, #2911 ) ) ;
#936 = DIRECTION ( 'NONE',  ( 0.000000000000000000, 1.000000000000000000, 0.000000000000000000 ) ) ;
#937 = EDGE_CURVE ( 'NONE', #77, #294, #2247, .T. ) ;
#938 = CYLINDRICAL_SURFACE ( 'NONE', #4630, 8.000000000000140332 ) ;
#939 = ADVANCED_FACE ( 'NONE', ( #1895 ), #3420, .F. ) ;
#940 = CARTESIAN_POINT ( 'NONE',  ( 9.333267306181616263, -10.00000000000000000, -22.04314987346826626 ) ) ;
#941 = EDGE_LOOP ( 'NONE', ( #3347, #2260, #4076, #2828 ) ) ;
#942 = EDGE_CURVE ( 'NONE', #3577, #4312, #903, .T. ) ;
#943 = LINE ( 'NONE', #3484, #3308 ) ;
#944 = CARTESIAN_POINT ( 'NONE',  ( -8.775631072831838964, -0.9999999999999991118, 37.00652820552347322 ) ) ;
#945 = LINE ( 'NONE', #3846, #4301 ) ;
#946 = ORIENTED_EDGE ( 'NONE', *, *, #536, .T. ) ;
#947 = ADVANCED_FACE ( 'NONE', ( #3079 ), #1613, .F. ) ;
#948 = VERTEX_POINT ( 'NONE', #4542 ) ;
#949 = DIRECTION ( 'NONE',  ( 0.000000000000000000, 1.000000000000000000, 0.000000000000000000 ) ) ;
#950 = ORIENTED_EDGE ( 'NONE', *, *, #3638, .F. ) ;
#951 = FACE_OUTER_BOUND ( 'NONE', #4214, .T. ) ;
#952 = CYLINDRICAL_SURFACE ( 'NONE', #3155, 2.499999999999998668 ) ;
#953 = EDGE_CURVE ( 'NONE', #3262, #1989, #2721, .T. ) ;
#954 = AXIS2_PLACEMENT_3D ( 'NONE', #2513, #3951, #2918 ) ;
#955 = DIRECTION ( 'NONE',  ( -0.6018150231520437154, 0.000000000000000000, 0.7986355100472962709 ) ) ;
#956 = VERTEX_POINT ( 'NONE', #472 ) ;
#957 = CARTESIAN_POINT ( 'NONE',  ( 19.00000000000000000, -0.6400000000000000133, -32.50000000000000000 ) ) ;
#959 = VECTOR ( 'NONE', #349, 1000.000000000000000 ) ;
#958 = VECTOR ( 'NONE', #3644, 1000.000000000000000 ) ;
#960 = CARTESIAN_POINT ( 'NONE',  ( -7.797029150424228838, -10.00000000000000000, 21.00652820552346256 ) ) ;
#961 = EDGE_CURVE ( 'NONE', #1009, #1124, #4157, .T. ) ;
#962 = CARTESIAN_POINT ( 'NONE',  ( 0.000000000000000000, -1.000000000000000000, -32.50000000000000000 ) ) ;
#963 = AXIS2_PLACEMENT_3D ( 'NONE', #1948, #552, #4480 ) ;
#964 = VECTOR ( 'NONE', #1891, 1000.000000000000000 ) ;
#965 = ORIENTED_EDGE ( 'NONE', *, *, #1322, .F. ) ;
#966 = EDGE_CURVE ( 'NONE', #3988, #3328, #2696, .T. ) ;
#967 = EDGE_CURVE ( 'NONE', #2861, #2794, #1235, .T. ) ;
#968 = PLANE ( 'NONE',  #1112 ) ;
#969 = DIRECTION ( 'NONE',  ( 1.000000000000000000, 0.000000000000000000, -2.573541108691231936E-16 ) ) ;
#970 = LINE ( 'NONE', #2503, #2879 ) ;
#971 = DIRECTION ( 'NONE',  ( -0.7986355100472960489, 0.000000000000000000, 0.6018150231520439375 ) ) ;
#972 = EDGE_LOOP ( 'NONE', ( #3130, #1242, #4124, #3535 ) ) ;
#973 = VERTEX_POINT ( 'NONE', #4178 ) ;
#974 = CARTESIAN_POINT ( 'NONE',  ( 0.000000000000000000, -10.00000000000000000, 65.00000000000000000 ) ) ;
#975 = VERTEX_POINT ( 'NONE', #2674 ) ;
#976 = CARTESIAN_POINT ( 'NONE',  ( 0.8256953720314850198, -1.000000000000000000, -13.49999999999999822 ) ) ;
#977 = CARTESIAN_POINT ( 'NONE',  ( -8.775631072831838964, -0.6400000000000000133, 37.00652820552347322 ) ) ;
#978 = AXIS2_PLACEMENT_3D ( 'NONE', #1456, #481, #4454 ) ;
#979 = ADVANCED_FACE ( 'NONE', ( #2652 ), #3443, .F. ) ;
#980 = VECTOR ( 'NONE', #3276, 1000.000000000000000 ) ;
#981 = DIRECTION ( 'NONE',  ( -0.6018150231520438265, 0.000000000000000000, -0.7986355100472961599 ) ) ;
#982 = EDGE_CURVE ( 'NONE', #360, #2996, #1563, .T. ) ;
#983 = LINE ( 'NONE', #1433, #3950 ) ;
#984 = ORIENTED_EDGE ( 'NONE', *, *, #2880, .F. ) ;
#985 = CARTESIAN_POINT ( 'NONE',  ( -19.00000000000000000, -0.6400000000000000133, 32.50000000000000000 ) ) ;
#986 = VECTOR ( 'NONE', #2717, 1000.000000000000114 ) ;
#987 = CARTESIAN_POINT ( 'NONE',  ( -16.06815885638107488, -10.00000000000000000, 28.18215855390708668 ) ) ;
#988 = CARTESIAN_POINT ( 'NONE',  ( -6.487944314142187530, -0.6400000000000000133, -0.3968196736433293181 ) ) ;
#989 = ORIENTED_EDGE ( 'NONE', *, *, #1634, .F. ) ;
#990 = CARTESIAN_POINT ( 'NONE',  ( -2.757108879866290988E-16, -0.6400000000000000133, 4.000000000000000888 ) ) ;
#991 = DIRECTION ( 'NONE',  ( 0.000000000000000000, 1.000000000000000000, 0.000000000000000000 ) ) ;
#992 = CARTESIAN_POINT ( 'NONE',  ( -8.224368927168168142, -0.6400000000000000133, 27.99347179447653744 ) ) ;
#993 = DIRECTION ( 'NONE',  ( 0.000000000000000000, 0.000000000000000000, 1.000000000000000000 ) ) ;
#994 = ORIENTED_EDGE ( 'NONE', *, *, #2237, .T. ) ;
#995 = ORIENTED_EDGE ( 'NONE', *, *, #4701, .F. ) ;
#996 = CARTESIAN_POINT ( 'NONE',  ( 6.628307619941712581, -10.00000000000000000, 22.18255006523297723 ) ) ;
#997 = EDGE_CURVE ( 'NONE', #3396, #956, #3822, .T. ) ;
#998 = DIRECTION ( 'NONE',  ( 1.000000000000000000, 0.000000000000000000, 0.000000000000000000 ) ) ;
#999 = ORIENTED_EDGE ( 'NONE', *, *, #2072, .F. ) ;
#1000 = LINE ( 'NONE', #3208, #2358 ) ;
#1001 = DIRECTION ( 'NONE',  ( -0.7986355100472962709, 0.000000000000000000, -0.6018150231520437154 ) ) ;
#1002 = EDGE_CURVE ( 'NONE', #3710, #3746, #4518, .T. ) ;
#1003 = VECTOR ( 'NONE', #1075, 1000.000000000000000 ) ;
#1004 = VECTOR ( 'NONE', #4314, 1000.000000000000000 ) ;
#1005 = ORIENTED_EDGE ( 'NONE', *, *, #3418, .F. ) ;
#1006 = AXIS2_PLACEMENT_3D ( 'NONE', #3190, #4644, #1081 ) ;
#1007 = DIRECTION ( 'NONE',  ( -0.7283709698823984668, 0.000000000000000000, 0.6851829903263612076 ) ) ;
#1008 = CARTESIAN_POINT ( 'NONE',  ( 19.00000000000000000, -1.000000000000000000, -0.000000000000000000 ) ) ;
#1009 = VERTEX_POINT ( 'NONE', #3371 ) ;
#1010 = SURFACE_STYLE_USAGE ( .BOTH. , #3094 ) ;
#1011 = ORIENTED_EDGE ( 'NONE', *, *, #53, .F. ) ;
#1012 = LINE ( 'NONE', #2450, #4558 ) ;
#1013 = CARTESIAN_POINT ( 'NONE',  ( -8.261456028412363040, -10.00000000000000000, 4.519190384286107864 ) ) ;
#1014 = ORIENTED_EDGE ( 'NONE', *, *, #4493, .T. ) ;
#1015 = EDGE_CURVE ( 'NONE', #2351, #3515, #1987, .T. ) ;
#1016 = DIRECTION ( 'NONE',  ( -0.9981347984218672531, 0.000000000000000000, -0.06104853953485289003 ) ) ;
#1017 = PLANE ( 'NONE',  #2394 ) ;
#1018 = CARTESIAN_POINT ( 'NONE',  ( 0.000000000000000000, -0.6400000000000000133, -32.50000000000000000 ) ) ;
#1019 = CIRCLE ( 'NONE', #3290, 2.600000000000001421 ) ;
#1020 = CARTESIAN_POINT ( 'NONE',  ( -10.45482207421827603, -10.00000000000000000, 31.00000000000000355 ) ) ;
#1021 = ORIENTED_EDGE ( 'NONE', *, *, #3260, .F. ) ;
#1022 = ORIENTED_EDGE ( 'NONE', *, *, #2946, .T. ) ;
#1023 = FACE_OUTER_BOUND ( 'NONE', #4656, .T. ) ;
#1024 =( NAMED_UNIT ( * ) PLANE_ANGLE_UNIT ( ) SI_UNIT ( $, .RADIAN. ) );
#1025 = ORIENTED_EDGE ( 'NONE', *, *, #2329, .F. ) ;
#1026 = DIRECTION ( 'NONE',  ( -1.000000000000000000, 0.000000000000000000, 0.000000000000000000 ) ) ;
#1027 = ADVANCED_FACE ( 'NONE', ( #520 ), #2744, .F. ) ;
#1028 = CARTESIAN_POINT ( 'NONE',  ( 6.578310240089507488, -10.00000000000000000, 22.99999999999999289 ) ) ;
#1029 = ORIENTED_EDGE ( 'NONE', *, *, #2509, .T. ) ;
#1030 = ADVANCED_FACE ( 'NONE', ( #1632 ), #1590, .F. ) ;
#1031 = EDGE_CURVE ( 'NONE', #255, #4128, #4562, .T. ) ;
#1032 = LINE ( 'NONE', #223, #2093 ) ;
#1033 = DIRECTION ( 'NONE',  ( -0.7986355100472916080, 0.000000000000000000, 0.6018150231520499327 ) ) ;
#1034 = ORIENTED_EDGE ( 'NONE', *, *, #2910, .F. ) ;
#1035 = DIRECTION ( 'NONE',  ( 0.000000000000000000, 1.000000000000000000, 0.000000000000000000 ) ) ;
#1036 = ADVANCED_FACE ( 'NONE', ( #835 ), #2269, .F. ) ;
#1037 =( GEOMETRIC_REPRESENTATION_CONTEXT ( 3 ) GLOBAL_UNCERTAINTY_ASSIGNED_CONTEXT ( ( #1280 ) ) GLOBAL_UNIT_ASSIGNED_CONTEXT ( ( #4297, #2869, #4344 ) ) REPRESENTATION_CONTEXT ( 'NONE', 'WORKASPACE' ) );
#1038 = EDGE_LOOP ( 'NONE', ( #4284, #814, #1363, #2449 ) ) ;
#1039 = DIRECTION ( 'NONE',  ( 0.000000000000000000, 1.000000000000000000, 0.000000000000000000 ) ) ;
#1040 = AXIS2_PLACEMENT_3D ( 'NONE', #2431, #256, #2695 ) ;
#1041 = LINE ( 'NONE', #940, #1201 ) ;
#1042 = VECTOR ( 'NONE', #4553, 1000.000000000000000 ) ;
#1043 = VERTEX_POINT ( 'NONE', #4676 ) ;
#1044 = VECTOR ( 'NONE', #1035, 1000.000000000000000 ) ;
#1045 = AXIS2_PLACEMENT_3D ( 'NONE', #578, #1601, #847 ) ;
#1046 = CARTESIAN_POINT ( 'NONE',  ( -9.202970849575789813, -0.6400000000000000133, 43.99347179447654099 ) ) ;
#1047 = DIRECTION ( 'NONE',  ( -0.06104853953485003121, 0.000000000000000000, 0.9981347984218673641 ) ) ;
#1048 = DIRECTION ( 'NONE',  ( 0.000000000000000000, 1.000000000000000000, 0.000000000000000000 ) ) ;
#1049 = VECTOR ( 'NONE', #832, 1000.000000000000000 ) ;
#1050 = VERTEX_POINT ( 'NONE', #2407 ) ;
#1051 = CARTESIAN_POINT ( 'NONE',  ( -6.291820713518381680, -0.6400000000000000133, -4.000000000000000000 ) ) ;
#1052 = EDGE_LOOP ( 'NONE', ( #4585, #929, #4695, #3242 ) ) ;
#1053 = CARTESIAN_POINT ( 'NONE',  ( -9.320512243876331482, -0.9999999999999991118, 21.83460644818817187 ) ) ;
#1054 = CARTESIAN_POINT ( 'NONE',  ( 19.00000000000000000, -10.00000000000000000, 32.50000000000000000 ) ) ;
#1055 = EDGE_CURVE ( 'NONE', #3848, #717, #1729, .T. ) ;
#1056 = VERTEX_POINT ( 'NONE', #992 ) ;
#1057 = DIRECTION ( 'NONE',  ( -0.06104853953484814383, 0.000000000000000000, 0.9981347984218674751 ) ) ;
#1058 = CARTESIAN_POINT ( 'NONE',  ( -8.775631072831838964, -10.00000000000000000, 37.00652820552347322 ) ) ;
#1059 = CARTESIAN_POINT ( 'NONE',  ( 8.007780573516589229, -10.00000000000000000, 30.87125241406041809 ) ) ;
#1060 = ORIENTED_EDGE ( 'NONE', *, *, #4456, .F. ) ;
#1061 = EDGE_CURVE ( 'NONE', #3515, #2837, #2051, .T. ) ;
#1062 = VERTEX_POINT ( 'NONE', #2122 ) ;
#1063 = DIRECTION ( 'NONE',  ( -0.6851829903263608745, 0.000000000000000000, -0.7283709698823985779 ) ) ;
#1064 = CARTESIAN_POINT ( 'NONE',  ( 5.220423904620727917, -10.00000000000000000, 23.00000000000000355 ) ) ;
#1065 = EDGE_CURVE ( 'NONE', #973, #2941, #3889, .T. ) ;
#1066 = ORIENTED_EDGE ( 'NONE', *, *, #4109, .F. ) ;
#1067 = AXIS2_PLACEMENT_3D ( 'NONE', #4105, #2334, #3748 ) ;
#1068 = CARTESIAN_POINT ( 'NONE',  ( -8.775631072831838964, -10.00000000000000000, 37.00652820552347322 ) ) ;
#1069 = CARTESIAN_POINT ( 'NONE',  ( -1.775631072831839186, -10.00000000000000000, 37.00652820552347322 ) ) ;
#1070 = DIRECTION ( 'NONE',  ( -1.000000000000000000, 0.000000000000000000, 4.073762697233657151E-16 ) ) ;
#1071 = AXIS2_PLACEMENT_3D ( 'NONE', #3593, #341, #4330 ) ;
#1072 = ORIENTED_EDGE ( 'NONE', *, *, #4109, .T. ) ;
#1073 = LINE ( 'NONE', #2526, #1109 ) ;
#1074 = ORIENTED_EDGE ( 'NONE', *, *, #1272, .F. ) ;
#1075 = DIRECTION ( 'NONE',  ( 0.000000000000000000, 1.000000000000000000, 0.000000000000000000 ) ) ;
#1076 = CYLINDRICAL_SURFACE ( 'NONE', #1246, 8.000000000000014211 ) ;
#1077 = ORIENTED_EDGE ( 'NONE', *, *, #117, .F. ) ;
#1078 = DIRECTION ( 'NONE',  ( 0.000000000000000000, 1.000000000000000000, 0.000000000000000000 ) ) ;
#1079 = DIRECTION ( 'NONE',  ( -0.9981347984218672531, 0.000000000000000000, -0.06104853953485293860 ) ) ;
#1080 = DIRECTION ( 'NONE',  ( 0.000000000000000000, 1.000000000000000000, -0.000000000000000000 ) ) ;
#1081 = DIRECTION ( 'NONE',  ( 0.000000000000000000, 0.000000000000000000, 1.000000000000000000 ) ) ;
#1082 = COLOUR_RGB ( '',0.7921568627450980005, 0.8196078431372548767, 0.9333333333333333481 ) ;
#1083 = AXIS2_PLACEMENT_3D ( 'NONE', #4041, #2958, #4423 ) ;
#1084 = ORIENTED_EDGE ( 'NONE', *, *, #87, .T. ) ;
#1085 = CARTESIAN_POINT ( 'NONE',  ( -0.8256953720314832434, -1.000000000000000000, 16.00000000000000000 ) ) ;
#1086 = DIRECTION ( 'NONE',  ( -0.06104853953485316065, 0.000000000000000000, 0.9981347984218672531 ) ) ;
#1087 = EDGE_CURVE ( 'NONE', #1502, #3026, #2789, .T. ) ;
#1088 = VERTEX_POINT ( 'NONE', #1421 ) ;
#1089 = ADVANCED_FACE ( 'NONE', ( #3223 ), #3176, .F. ) ;
#1090 = CARTESIAN_POINT ( 'NONE',  ( 7.681935248344225364, -0.6400000000000000133, 4.955890615225123419 ) ) ;
#1091 = CARTESIAN_POINT ( 'NONE',  ( 7.955290825755646722, -0.6400000000000000133, 0.4865664309622933503 ) ) ;
#1092 = ADVANCED_FACE ( 'NONE', ( #2433 ), #233, .F. ) ;
#1093 = ORIENTED_EDGE ( 'NONE', *, *, #504, .F. ) ;
#1094 = CARTESIAN_POINT ( 'NONE',  ( 14.56338862746446061, -0.6399999999999999023, 23.48838831627882584 ) ) ;
#1095 = ORIENTED_EDGE ( 'NONE', *, *, #750, .T. ) ;
#1096 = CARTESIAN_POINT ( 'NONE',  ( -12.61499475594644437, -10.00000000000000000, -28.24961332442811823 ) ) ;
#1097 = CARTESIAN_POINT ( 'NONE',  ( -6.291820713518381680, -10.00000000000000000, -4.000000000000000000 ) ) ;
#1098 = ADVANCED_FACE ( 'NONE', ( #258 ), #1751, .F. ) ;
#1099 = ORIENTED_EDGE ( 'NONE', *, *, #2494, .T. ) ;
#1100 = CARTESIAN_POINT ( 'NONE',  ( -0.7970291504242298375, -0.6399999999999999023, 21.00652820552346256 ) ) ;
#1101 = LINE ( 'NONE', #4022, #2242 ) ;
#1102 = PRESENTATION_STYLE_ASSIGNMENT (( #4354 ) ) ;
#1103 = CARTESIAN_POINT ( 'NONE',  ( -0.8256953720314830214, -4.000000000000000000, 10.90000000000000213 ) ) ;
#1104 = EDGE_CURVE ( 'NONE', #4681, #16, #1700, .T. ) ;
#1105 = DIRECTION ( 'NONE',  ( -0.7986355100472917190, 0.000000000000000000, 0.6018150231520498217 ) ) ;
#1106 = ORIENTED_EDGE ( 'NONE', *, *, #445, .F. ) ;
#1107 = CARTESIAN_POINT ( 'NONE',  ( -11.44960120413460736, -0.9999999999999991118, -29.34590610895029883 ) ) ;
#1108 = CARTESIAN_POINT ( 'NONE',  ( -7.681935248344220923, -10.00000000000000000, -4.955890615225188256 ) ) ;
#1109 = VECTOR ( 'NONE', #33, 1000.000000000000227 ) ;
#1110 = ORIENTED_EDGE ( 'NONE', *, *, #260, .T. ) ;
#1111 = EDGE_CURVE ( 'NONE', #2687, #659, #1679, .T. ) ;
#1112 = AXIS2_PLACEMENT_3D ( 'NONE', #566, #2363, #211 ) ;
#1113 = DIRECTION ( 'NONE',  ( -0.06104853953485003121, 0.000000000000000000, 0.9981347984218673641 ) ) ;
#1114 = DIRECTION ( 'NONE',  ( 0.000000000000000000, 0.000000000000000000, -1.000000000000000000 ) ) ;
#1115 = VECTOR ( 'NONE', #4186, 1000.000000000000114 ) ;
#1116 = AXIS2_PLACEMENT_3D ( 'NONE', #3101, #3012, #879 ) ;
#1117 = ORIENTED_EDGE ( 'NONE', *, *, #3259, .F. ) ;
#1118 = VECTOR ( 'NONE', #3832, 999.9999999999998863 ) ;
#1119 = CARTESIAN_POINT ( 'NONE',  ( 0.000000000000000000, -3.000000000000000000, 0.000000000000000000 ) ) ;
#1120 = VECTOR ( 'NONE', #2030, 1000.000000000000000 ) ;
#1121 = EDGE_LOOP ( 'NONE', ( #4062, #4286, #4093, #489, #367, #872 ) ) ;
#1122 = CARTESIAN_POINT ( 'NONE',  ( 9.548273171980190099, -10.00000000000000000, 30.42827841314496240 ) ) ;
#1123 = CARTESIAN_POINT ( 'NONE',  ( -1.224368927168166810, -0.6400000000000000133, 27.99347179447653744 ) ) ;
#1124 = VERTEX_POINT ( 'NONE', #4242 ) ;
#1125 = VECTOR ( 'NONE', #1983, 1000.000000000000000 ) ;
#1126 = CARTESIAN_POINT ( 'NONE',  ( 15.80614170435593735, -0.9999999999999991118, 3.169555116623649305 ) ) ;
#1127 = CARTESIAN_POINT ( 'NONE',  ( 10.45482207421823162, -10.00000000000000000, -23.99999999999997513 ) ) ;
#1128 = DIRECTION ( 'NONE',  ( 0.06104853953485284146, 0.000000000000000000, -0.9981347984218672531 ) ) ;
#1129 = LINE ( 'NONE', #4406, #1232 ) ;
#1130 = EDGE_CURVE ( 'NONE', #168, #2468, #2456, .T. ) ;
#1131 = PLANE ( 'NONE',  #283 ) ;
#1132 = ORIENTED_EDGE ( 'NONE', *, *, #1584, .F. ) ;
#1133 = FACE_OUTER_BOUND ( 'NONE', #1910, .T. ) ;
#1134 = DIRECTION ( 'NONE',  ( 0.000000000000000000, 1.000000000000000000, 0.000000000000000000 ) ) ;
#1135 = ORIENTED_EDGE ( 'NONE', *, *, #1764, .F. ) ;
#1136 = CIRCLE ( 'NONE', #2337, 8.000000000000014211 ) ;
#1137 = DIRECTION ( 'NONE',  ( -0.7986355100472916080, 0.000000000000000000, 0.6018150231520499327 ) ) ;
#1138 = CARTESIAN_POINT ( 'NONE',  ( 8.007780573516589229, -0.9999999999999991118, 30.87125241406041809 ) ) ;
#1139 = ORIENTED_EDGE ( 'NONE', *, *, #1584, .T. ) ;
#1140 = AXIS2_PLACEMENT_3D ( 'NONE', #987, #4264, #2757 ) ;
#1141 = PLANE ( 'NONE',  #495 ) ;
#1142 = CONTEXT_DEPENDENT_SHAPE_REPRESENTATION ( #4361, #3910 ) ;
#1143 = ORIENTED_EDGE ( 'NONE', *, *, #4213, .F. ) ;
#1144 = DIRECTION ( 'NONE',  ( 0.000000000000000000, 1.000000000000000000, 0.000000000000000000 ) ) ;
#1145 = DIRECTION ( 'NONE',  ( -0.000000000000000000, -1.000000000000000000, -0.000000000000000000 ) ) ;
#1146 = ORIENTED_EDGE ( 'NONE', *, *, #1693, .T. ) ;
#1147 = ORIENTED_EDGE ( 'NONE', *, *, #3053, .F. ) ;
#1148 = CARTESIAN_POINT ( 'NONE',  ( -6.645362379242963691, -0.9999999999999991118, -21.90370721547782296 ) ) ;
#1149 = DIRECTION ( 'NONE',  ( 0.000000000000000000, 1.000000000000000000, 0.000000000000000000 ) ) ;
#1150 = ADVANCED_FACE ( 'NONE', ( #592 ), #1347, .F. ) ;
#1151 = CARTESIAN_POINT ( 'NONE',  ( 6.578310240089507488, -10.00000000000000000, 22.99999999999999289 ) ) ;
#1152 = DIRECTION ( 'NONE',  ( 0.000000000000000000, 1.000000000000000000, -0.000000000000000000 ) ) ;
#1153 = DIRECTION ( 'NONE',  ( 0.000000000000000000, 1.000000000000000000, 0.000000000000000000 ) ) ;
#1154 = ORIENTED_EDGE ( 'NONE', *, *, #997, .T. ) ;
#1155 = CARTESIAN_POINT ( 'NONE',  ( -16.06815885638107488, -10.00000000000000000, 28.18215855390708668 ) ) ;
#1156 = LINE ( 'NONE', #753, #1159 ) ;
#1157 = VECTOR ( 'NONE', #2773, 1000.000000000000114 ) ;
#1158 = CIRCLE ( 'NONE', #2668, 6.999999999998958167 ) ;
#1159 = VECTOR ( 'NONE', #1465, 1000.000000000000000 ) ;
#1160 = ORIENTED_EDGE ( 'NONE', *, *, #2004, .F. ) ;
#1161 = AXIS2_PLACEMENT_3D ( 'NONE', #4615, #621, #998 ) ;
#1162 = DIRECTION ( 'NONE',  ( 0.06104853953485288309, 0.000000000000000000, -0.9981347984218672531 ) ) ;
#1163 = DIRECTION ( 'NONE',  ( -0.7986355100472917190, 0.000000000000000000, -0.6018150231520498217 ) ) ;
#1164 = EDGE_CURVE ( 'NONE', #1949, #3396, #3123, .T. ) ;
#1165 = PLANE ( 'NONE',  #1262 ) ;
#1166 = ORIENTED_EDGE ( 'NONE', *, *, #3380, .F. ) ;
#1167 = DIRECTION ( 'NONE',  ( 0.06104853953485003121, 0.000000000000000000, -0.9981347984218673641 ) ) ;
#1168 = CARTESIAN_POINT ( 'NONE',  ( -8.775631072831838964, -10.00000000000000000, 37.00652820552347322 ) ) ;
#1169 = ORIENTED_EDGE ( 'NONE', *, *, #1452, .F. ) ;
#1170 = VERTEX_POINT ( 'NONE', #3199 ) ;
#1171 = LINE ( 'NONE', #2635, #2464 ) ;
#1172 = EDGE_CURVE ( 'NONE', #4526, #920, #4654, .T. ) ;
#1173 = PLANE ( 'NONE',  #201 ) ;
#1174 = ORIENTED_EDGE ( 'NONE', *, *, #2215, .T. ) ;
#1175 = CARTESIAN_POINT ( 'NONE',  ( 0.000000000000000000, -0.6400000000000000133, 32.50000000000000000 ) ) ;
#1176 = EDGE_CURVE ( 'NONE', #2786, #4312, #3940, .T. ) ;
#1177 = CARTESIAN_POINT ( 'NONE',  ( -14.56338862746445351, -0.9999999999999991118, -23.48838831627882229 ) ) ;
#1178 = ORIENTED_EDGE ( 'NONE', *, *, #1588, .F. ) ;
#1179 = CARTESIAN_POINT ( 'NONE',  ( 9.548273171980190099, -0.9999999999999991118, 30.42827841314496240 ) ) ;
#1180 = FACE_OUTER_BOUND ( 'NONE', #4587, .T. ) ;
#1181 = EDGE_LOOP ( 'NONE', ( #4320, #570, #4386, #2528, #1999, #2236 ) ) ;
#1182 = ORIENTED_EDGE ( 'NONE', *, *, #3702, .T. ) ;
#1183 = CARTESIAN_POINT ( 'NONE',  ( 8.261456028412359487, -10.00000000000000000, -4.519190384286056350 ) ) ;
#1184 = CARTESIAN_POINT ( 'NONE',  ( -2.202970849575789369, -10.00000000000000000, 43.99347179447654099 ) ) ;
#1185 = AXIS2_PLACEMENT_3D ( 'NONE', #4566, #2821, #3869 ) ;
#1186 = DIRECTION ( 'NONE',  ( 0.000000000000000000, 1.000000000000000000, 0.000000000000000000 ) ) ;
#1187 = ORIENTED_EDGE ( 'NONE', *, *, #742, .T. ) ;
#1188 = DIRECTION ( 'NONE',  ( 0.7986355100472917190, -0.000000000000000000, 0.6018150231520498217 ) ) ;
#1189 = DIRECTION ( 'NONE',  ( 0.000000000000000000, 1.000000000000000000, 0.000000000000000000 ) ) ;
#1190 = EDGE_LOOP ( 'NONE', ( #4035, #1360, #4202, #513 ) ) ;
#1192 = VECTOR ( 'NONE', #4241, 1000.000000000000000 ) ;
#1191 = CIRCLE ( 'NONE', #1045, 8.000000000000140332 ) ;
#1193 = ORIENTED_EDGE ( 'NONE', *, *, #2705, .T. ) ;
#1194 = CARTESIAN_POINT ( 'NONE',  ( -8.224368927168168142, -0.9999999999999991118, 27.99347179447653389 ) ) ;
#1195 = AXIS2_PLACEMENT_3D ( 'NONE', #4677, #1774, #993 ) ;
#1196 = DIRECTION ( 'NONE',  ( 0.000000000000000000, 0.000000000000000000, 1.000000000000000000 ) ) ;
#1197 = EDGE_LOOP ( 'NONE', ( #4375, #4276, #3275, #2168 ) ) ;
#1198 = CARTESIAN_POINT ( 'NONE',  ( -16.21259128878628886, -0.9999999999999991118, 3.475836847133786378 ) ) ;
#1199 = PLANE ( 'NONE',  #1833 ) ;
#1200 = AXIS2_PLACEMENT_3D ( 'NONE', #1127, #1149, #3613 ) ;
#1201 = VECTOR ( 'NONE', #3554, 1000.000000000000000 ) ;
#1202 = LINE ( 'NONE', #175, #47 ) ;
#1203 = ORIENTED_EDGE ( 'NONE', *, *, #563, .T. ) ;
#1204 = DIRECTION ( 'NONE',  ( -1.000000000000000000, 0.000000000000000000, 0.000000000000000000 ) ) ;
#1205 = ORIENTED_EDGE ( 'NONE', *, *, #97, .T. ) ;
#1206 = VERTEX_POINT ( 'NONE', #1773 ) ;
#1207 = ADVANCED_FACE ( 'NONE', ( #2385 ), #3845, .F. ) ;
#1208 = FACE_BOUND ( 'NONE', #537, .T. ) ;
#1209 = EDGE_CURVE ( 'NONE', #4136, #1530, #970, .T. ) ;
#1210 = AXIS2_PLACEMENT_3D ( 'NONE', #2372, #3829, #4119 ) ;
#1211 = PLANE ( 'NONE',  #2171 ) ;
#1212 = CARTESIAN_POINT ( 'NONE',  ( 10.45482207421837906, -10.00000000000000000, -24.00000000000104095 ) ) ;
#1213 = CARTESIAN_POINT ( 'NONE',  ( -10.45482207421827603, -0.9999999999999991118, 31.00000000000000355 ) ) ;
#1214 = DIRECTION ( 'NONE',  ( 1.000000000000000000, 0.000000000000000000, 6.892772199665726237E-17 ) ) ;
#1215 = EDGE_LOOP ( 'NONE', ( #735, #4452, #3905, #3374, #1757, #4424 ) ) ;
#1216 = ORIENTED_EDGE ( 'NONE', *, *, #136, .F. ) ;
#1217 = CARTESIAN_POINT ( 'NONE',  ( -0.8256953720314832434, -1.000000000000000000, 13.50000000000000178 ) ) ;
#1218 = CARTESIAN_POINT ( 'NONE',  ( 6.291820713518296415, -10.00000000000000000, -4.000000000000000000 ) ) ;
#1219 = VERTEX_POINT ( 'NONE', #713 ) ;
#1220 = DIRECTION ( 'NONE',  ( -0.000000000000000000, -1.000000000000000000, -0.000000000000000000 ) ) ;
#1221 = CARTESIAN_POINT ( 'NONE',  ( -10.00000000000000178, -10.00000000000000000, 65.00000000000000000 ) ) ;
#1222 = LINE ( 'NONE', #98, #3083 ) ;
#1223 = VERTEX_POINT ( 'NONE', #2866 ) ;
#1224 = CARTESIAN_POINT ( 'NONE',  ( -4.201303336261426047, -0.6400000000000000133, 5.575317836442255093 ) ) ;
#1225 = EDGE_LOOP ( 'NONE', ( #2619, #1598, #4326, #3127, #523, #3828 ) ) ;
#1226 = ORIENTED_EDGE ( 'NONE', *, *, #2910, .T. ) ;
#1227 = ORIENTED_EDGE ( 'NONE', *, *, #4126, .F. ) ;
#1228 = DIRECTION ( 'NONE',  ( 0.000000000000000000, 0.000000000000000000, -1.000000000000000000 ) ) ;
#1229 = CARTESIAN_POINT ( 'NONE',  ( -8.775631072831838964, -10.00000000000000000, 37.00652820552347322 ) ) ;
#1230 = PRODUCT_RELATED_PRODUCT_CATEGORY ( 'part', '', ( #3992 ) ) ;
#1231 = EDGE_CURVE ( 'NONE', #3515, #2665, #4318, .T. ) ;
#1232 = VECTOR ( 'NONE', #1506, 1000.000000000000000 ) ;
#1233 = VECTOR ( 'NONE', #3434, 1000.000000000000000 ) ;
#1234 = FACE_BOUND ( 'NONE', #3341, .T. ) ;
#1235 = LINE ( 'NONE', #1213, #4018 ) ;
#1236 = CARTESIAN_POINT ( 'NONE',  ( 16.21259128878628530, -10.00000000000000000, -3.475836847133733976 ) ) ;
#1237 = EDGE_CURVE ( 'NONE', #595, #2355, #1765, .T. ) ;
#1238 = ORIENTED_EDGE ( 'NONE', *, *, #1055, .T. ) ;
#1239 = EDGE_LOOP ( 'NONE', ( #2446, #3887, #2307, #4482 ) ) ;
#1240 = DIRECTION ( 'NONE',  ( 0.7986355100472961599, 0.000000000000000000, -0.6018150231520438265 ) ) ;
#1241 = DIRECTION ( 'NONE',  ( 0.000000000000000000, 1.000000000000000000, 0.000000000000000000 ) ) ;
#1242 = ORIENTED_EDGE ( 'NONE', *, *, #1209, .T. ) ;
#1243 = LINE ( 'NONE', #575, #280 ) ;
#1244 = EDGE_CURVE ( 'NONE', #3397, #3262, #3878, .T. ) ;
#1245 = DIRECTION ( 'NONE',  ( 0.000000000000000000, 1.000000000000000000, 0.000000000000000000 ) ) ;
#1246 = AXIS2_PLACEMENT_3D ( 'NONE', #1028, #2799, #315 ) ;
#1247 = ORIENTED_EDGE ( 'NONE', *, *, #1933, .F. ) ;
#1248 = LINE ( 'NONE', #1224, #3578 ) ;
#1249 = ORIENTED_EDGE ( 'NONE', *, *, #2380, .T. ) ;
#1250 = CARTESIAN_POINT ( 'NONE',  ( -2.202970849575789369, -10.00000000000000000, 43.99347179447654099 ) ) ;
#1251 = CARTESIAN_POINT ( 'NONE',  ( -10.45482207421827603, -10.00000000000000000, 31.00000000000000355 ) ) ;
#1252 = ORIENTED_EDGE ( 'NONE', *, *, #2961, .T. ) ;
#1253 = LINE ( 'NONE', #784, #2537 ) ;
#1254 = DIRECTION ( 'NONE',  ( 0.9981347984218672531, -0.000000000000000000, 0.06104853953485300799 ) ) ;
#1255 = CARTESIAN_POINT ( 'NONE',  ( -7.681935248344220923, -10.00000000000000000, -4.955890615225188256 ) ) ;
#1256 = CIRCLE ( 'NONE', #806, 1.449999999999999956 ) ;
#1257 = ORIENTED_EDGE ( 'NONE', *, *, #3338, .F. ) ;
#1258 = ORIENTED_EDGE ( 'NONE', *, *, #122, .T. ) ;
#1259 = DIRECTION ( 'NONE',  ( -1.000000000000000000, 0.000000000000000000, -0.000000000000000000 ) ) ;
#1260 = DIRECTION ( 'NONE',  ( 0.000000000000000000, 1.000000000000000000, -0.000000000000000000 ) ) ;
#1261 = EDGE_LOOP ( 'NONE', ( #1571, #3698, #1060, #994 ) ) ;
#1262 = AXIS2_PLACEMENT_3D ( 'NONE', #1916, #519, #1540 ) ;
#1263 =( NAMED_UNIT ( * ) PLANE_ANGLE_UNIT ( ) SI_UNIT ( $, .RADIAN. ) );
#1264 = CARTESIAN_POINT ( 'NONE',  ( -10.00000000000000178, -1.000000000000000000, 0.000000000000000000 ) ) ;
#1265 = AXIS2_PLACEMENT_3D ( 'NONE', #387, #433, #3285 ) ;
#1266 = AXIS2_PLACEMENT_3D ( 'NONE', #3466, #3395, #2745 ) ;
#1267 = CARTESIAN_POINT ( 'NONE',  ( -16.21259128878628886, -0.9999999999999991118, 3.475836847133786378 ) ) ;
#1268 = AXIS2_PLACEMENT_3D ( 'NONE', #4353, #2227, #2607 ) ;
#1269 = ORIENTED_EDGE ( 'NONE', *, *, #602, .F. ) ;
#1270 = CARTESIAN_POINT ( 'NONE',  ( -19.00000000000000000, -10.00000000000000000, -32.50000000000000000 ) ) ;
#1271 = VECTOR ( 'NONE', #1047, 1000.000000000000114 ) ;
#1272 = EDGE_CURVE ( 'NONE', #4568, #3098, #983, .T. ) ;
#1273 = ORIENTED_EDGE ( 'NONE', *, *, #3978, .F. ) ;
#1274 = DIRECTION ( 'NONE',  ( 0.000000000000000000, 0.000000000000000000, 1.000000000000000000 ) ) ;
#1275 = LINE ( 'NONE', #2739, #898 ) ;
#1276 = ORIENTED_EDGE ( 'NONE', *, *, #3762, .T. ) ;
#1277 = CARTESIAN_POINT ( 'NONE',  ( 12.92931211289799442, -10.00000000000000000, 1.001708526524975662 ) ) ;
#1278 = CARTESIAN_POINT ( 'NONE',  ( 10.45482207421823162, -10.00000000000000000, -23.99999999999997513 ) ) ;
#1279 = PLANE ( 'NONE',  #4535 ) ;
#1280 = UNCERTAINTY_MEASURE_WITH_UNIT (LENGTH_MEASURE( 1.000000000000000082E-05 ), #4297, 'distance_accuracy_value', 'NONE');
#1281 = ORIENTED_EDGE ( 'NONE', *, *, #4317, .T. ) ;
#1282 = ORIENTED_EDGE ( 'NONE', *, *, #3073, .F. ) ;
#1283 = CARTESIAN_POINT ( 'NONE',  ( -1.775631072831839186, -10.00000000000000000, 37.00652820552347322 ) ) ;
#1284 = PLANE ( 'NONE',  #4686 ) ;
#1285 = ORIENTED_EDGE ( 'NONE', *, *, #1458, .F. ) ;
#1286 = CARTESIAN_POINT ( 'NONE',  ( -9.202970849575789813, -0.9999999999999991118, 43.99347179447654099 ) ) ;
#1287 = DIRECTION ( 'NONE',  ( 0.000000000000000000, 0.000000000000000000, -1.000000000000000000 ) ) ;
#1288 = EDGE_CURVE ( 'NONE', #3493, #1576, #2855, .T. ) ;
#1289 = EDGE_CURVE ( 'NONE', #4136, #3571, #2065, .T. ) ;
#1290 = CARTESIAN_POINT ( 'NONE',  ( 12.94143175556461145, -10.00000000000000000, -30.54345262782842596 ) ) ;
#1291 = VECTOR ( 'NONE', #1039, 1000.000000000000000 ) ;
#1292 = ORIENTED_EDGE ( 'NONE', *, *, #2677, .F. ) ;
#1293 =( NAMED_UNIT ( * ) SI_UNIT ( $, .STERADIAN. ) SOLID_ANGLE_UNIT ( ) );
#1294 = VECTOR ( 'NONE', #4693, 1000.000000000000000 ) ;
#1295 = DIRECTION ( 'NONE',  ( 0.000000000000000000, 0.000000000000000000, 1.000000000000000000 ) ) ;
#1296 = FACE_OUTER_BOUND ( 'NONE', #4549, .T. ) ;
#1297 = EDGE_CURVE ( 'NONE', #191, #1349, #271, .T. ) ;
#1298 = VERTEX_POINT ( 'NONE', #318 ) ;
#1299 = LINE ( 'NONE', #2743, #4374 ) ;
#1300 = DIRECTION ( 'NONE',  ( 0.7986355100472916080, 0.000000000000000000, -0.6018150231520499327 ) ) ;
#1301 = DIRECTION ( 'NONE',  ( 0.7986355100472918300, 0.000000000000000000, 0.6018150231520494886 ) ) ;
#1302 = EDGE_CURVE ( 'NONE', #850, #236, #366, .T. ) ;
#1303 = ORIENTED_EDGE ( 'NONE', *, *, #1393, .F. ) ;
#1304 = CIRCLE ( 'NONE', #4187, 8.000000000000014211 ) ;
#1305 = VECTOR ( 'NONE', #2248, 1000.000000000000000 ) ;
#1306 = ORIENTED_EDGE ( 'NONE', *, *, #1924, .T. ) ;
#1307 = LINE ( 'NONE', #4586, #730 ) ;
#1308 = ORIENTED_EDGE ( 'NONE', *, *, #4416, .T. ) ;
#1309 = DIRECTION ( 'NONE',  ( 0.000000000000000000, 1.000000000000000000, -0.000000000000000000 ) ) ;
#1310 = CARTESIAN_POINT ( 'NONE',  ( 9.548273171980190099, -10.00000000000000000, 30.42827841314496240 ) ) ;
#1311 = EDGE_CURVE ( 'NONE', #4103, #4028, #3547, .T. ) ;
#1312 = CYLINDRICAL_SURFACE ( 'NONE', #352, 2.499999999999998668 ) ;
#1313 = ORIENTED_EDGE ( 'NONE', *, *, #3234, .F. ) ;
#1314 = ADVANCED_FACE ( 'NONE', ( #2156 ), #2088, .F. ) ;
#1315 = LINE ( 'NONE', #3575, #2951 ) ;
#1316 = LINE ( 'NONE', #1770, #208 ) ;
#1317 = VERTEX_POINT ( 'NONE', #3901 ) ;
#1318 = LINE ( 'NONE', #1277, #4146 ) ;
#1319 = LINE ( 'NONE', #2050, #3844 ) ;
#1320 = CARTESIAN_POINT ( 'NONE',  ( 8.007780573516589229, -10.00000000000000000, 30.87125241406041809 ) ) ;
#1321 = CARTESIAN_POINT ( 'NONE',  ( -6.645362379242963691, -10.00000000000000000, -21.90370721547782296 ) ) ;
#1322 = EDGE_CURVE ( 'NONE', #4190, #3848, #2804, .T. ) ;
#1323 = ORIENTED_EDGE ( 'NONE', *, *, #1272, .T. ) ;
#1324 = EDGE_CURVE ( 'NONE', #3397, #679, #3256, .T. ) ;
#1325 = ORIENTED_EDGE ( 'NONE', *, *, #2068, .F. ) ;
#1326 = DIRECTION ( 'NONE',  ( 0.000000000000000000, 0.000000000000000000, 1.000000000000000000 ) ) ;
#1327 = CARTESIAN_POINT ( 'NONE',  ( 38.00000000000000711, 0.000000000000000000, 8.890457814381136359E-15 ) ) ;
#1328 = VERTEX_POINT ( 'NONE', #3214 ) ;
#1329 = FACE_OUTER_BOUND ( 'NONE', #941, .T. ) ;
#1330 = LINE ( 'NONE', #674, #3059 ) ;
#1331 = AXIS2_PLACEMENT_3D ( 'NONE', #4183, #1704, #1375 ) ;
#1332 = AXIS2_PLACEMENT_3D ( 'NONE', #4517, #421, #833 ) ;
#1333 = CARTESIAN_POINT ( 'NONE',  ( 19.00000000000000000, -1.000000000000000000, 32.50000000000000000 ) ) ;
#1334 = ORIENTED_EDGE ( 'NONE', *, *, #2354, .F. ) ;
#1335 = DIRECTION ( 'NONE',  ( 0.000000000000000000, -1.000000000000000000, 0.000000000000000000 ) ) ;
#1336 = AXIS2_PLACEMENT_3D ( 'NONE', #2662, #4121, #3452 ) ;
#1337 = VECTOR ( 'NONE', #2829, 1000.000000000000000 ) ;
#1338 = FACE_OUTER_BOUND ( 'NONE', #759, .T. ) ;
#1339 = CARTESIAN_POINT ( 'NONE',  ( 14.56338862746446061, -10.00000000000000000, 23.48838831627882584 ) ) ;
#1340 = AXIS2_PLACEMENT_3D ( 'NONE', #3871, #4249, #3182 ) ;
#1341 = AXIS2_PLACEMENT_3D ( 'NONE', #2216, #517, #3725 ) ;
#1342 = ADVANCED_FACE ( 'NONE', ( #4643 ), #3570, .F. ) ;
#1343 = ORIENTED_EDGE ( 'NONE', *, *, #2851, .T. ) ;
#1344 = EDGE_CURVE ( 'NONE', #475, #3661, #4308, .T. ) ;
#1345 = DIRECTION ( 'NONE',  ( 0.000000000000000000, -0.000000000000000000, -1.000000000000000000 ) ) ;
#1346 = DIRECTION ( 'NONE',  ( 0.3338068592337682938, 0.000000000000000000, 0.9426414910921793178 ) ) ;
#1347 = CYLINDRICAL_SURFACE ( 'NONE', #2931, 8.000000000003137046 ) ;
#1348 = DIRECTION ( 'NONE',  ( 0.000000000000000000, 1.000000000000000000, 0.000000000000000000 ) ) ;
#1349 = VERTEX_POINT ( 'NONE', #3235 ) ;
#1350 = ORIENTED_EDGE ( 'NONE', *, *, #1111, .T. ) ;
#1351 = CARTESIAN_POINT ( 'NONE',  ( 0.000000000000000000, -1.000000000000000000, 65.00000000000000000 ) ) ;
#1352 = ORIENTED_EDGE ( 'NONE', *, *, #1231, .T. ) ;
#1353 = CARTESIAN_POINT ( 'NONE',  ( 16.00000000000000355, -10.00000000000000000, 28.05000000000000071 ) ) ;
#1354 = CARTESIAN_POINT ( 'NONE',  ( -1.224368927168166810, -10.00000000000000000, 27.99347179447653389 ) ) ;
#1355 = AXIS2_PLACEMENT_3D ( 'NONE', #4405, #793, #1855 ) ;
#1356 = ORIENTED_EDGE ( 'NONE', *, *, #3937, .T. ) ;
#1357 = VECTOR ( 'NONE', #4497, 1000.000000000000000 ) ;
#1358 = LINE ( 'NONE', #3900, #1337 ) ;
#1359 = DIRECTION ( 'NONE',  ( 0.6851829903263613186, -0.000000000000000000, 0.7283709698823983558 ) ) ;
#1360 = ORIENTED_EDGE ( 'NONE', *, *, #122, .F. ) ;
#1361 = LINE ( 'NONE', #4645, #3541 ) ;
#1362 = VECTOR ( 'NONE', #516, 1000.000000000000114 ) ;
#1363 = ORIENTED_EDGE ( 'NONE', *, *, #4432, .T. ) ;
#1364 = CARTESIAN_POINT ( 'NONE',  ( 19.00000000000000000, 0.000000000000000000, -0.000000000000000000 ) ) ;
#1365 = CARTESIAN_POINT ( 'NONE',  ( -12.92931211289798377, -10.00000000000000000, 1.001708526524982767 ) ) ;
#1366 = ORIENTED_EDGE ( 'NONE', *, *, #3411, .F. ) ;
#1367 = CARTESIAN_POINT ( 'NONE',  ( -6.291820713518381680, -10.00000000000000000, -4.000000000000000000 ) ) ;
#1368 = DIRECTION ( 'NONE',  ( -0.000000000000000000, -0.000000000000000000, 1.000000000000000000 ) ) ;
#1369 = DIRECTION ( 'NONE',  ( 0.000000000000000000, -1.000000000000000000, 0.000000000000000000 ) ) ;
#1370 = DIRECTION ( 'NONE',  ( -1.000000000000000000, 0.000000000000000000, 0.000000000000000000 ) ) ;
#1371 = EDGE_CURVE ( 'NONE', #261, #2138, #3976, .T. ) ;
#1372 = EDGE_CURVE ( 'NONE', #4463, #3397, #3953, .T. ) ;
#1373 = ORIENTED_EDGE ( 'NONE', *, *, #504, .T. ) ;
#1374 = ORIENTED_EDGE ( 'NONE', *, *, #4106, .T. ) ;
#1375 = DIRECTION ( 'NONE',  ( 0.6851829903263606525, 0.000000000000000000, 0.7283709698823987999 ) ) ;
#1376 = ORIENTED_EDGE ( 'NONE', *, *, #1130, .T. ) ;
#1377 = DIRECTION ( 'NONE',  ( 0.000000000000000000, 0.000000000000000000, 1.000000000000000000 ) ) ;
#1378 = PLANE ( 'NONE',  #410 ) ;
#1379 = ADVANCED_FACE ( 'NONE', ( #702 ), #2134, .F. ) ;
#1380 = AXIS2_PLACEMENT_3D ( 'NONE', #1620, #4505, #1599 ) ;
#1381 = AXIS2_PLACEMENT_3D ( 'NONE', #4352, #2226, #3282 ) ;
#1382 = ORIENTED_EDGE ( 'NONE', *, *, #1928, .F. ) ;
#1383 = CIRCLE ( 'NONE', #554, 7.000000000000044409 ) ;
#1384 = DIRECTION ( 'NONE',  ( 0.000000000000000000, 0.000000000000000000, -1.000000000000000000 ) ) ;
#1385 = EDGE_CURVE ( 'NONE', #579, #828, #4175, .T. ) ;
#1386 = CARTESIAN_POINT ( 'NONE',  ( -8.261456028412363040, -0.9999999999999991118, 4.519190384286107864 ) ) ;
#1387 = ORIENTED_EDGE ( 'NONE', *, *, #4365, .F. ) ;
#1388 = PLANE ( 'NONE',  #430 ) ;
#1389 = EDGE_LOOP ( 'NONE', ( #1961, #1823, #1285, #2150 ) ) ;
#1390 = DIRECTION ( 'NONE',  ( 0.000000000000000000, 0.000000000000000000, -1.000000000000000000 ) ) ;
#1391 = PLANE ( 'NONE',  #3086 ) ;
#1392 = EDGE_LOOP ( 'NONE', ( #3813, #3068, #3653, #1021, #3548, #1313 ) ) ;
#1393 = EDGE_CURVE ( 'NONE', #1989, #679, #1812, .T. ) ;
#1394 = LINE ( 'NONE', #1068, #1567 ) ;
#1395 = DIRECTION ( 'NONE',  ( -0.000000000000000000, 0.000000000000000000, 1.000000000000000000 ) ) ;
#1396 = FACE_OUTER_BOUND ( 'NONE', #1466, .T. ) ;
#1397 = EDGE_LOOP ( 'NONE', ( #743, #4310, #176, #1429, #437, #2680 ) ) ;
#1398 = CARTESIAN_POINT ( 'NONE',  ( 0.8256953720314850198, -4.000000000000000000, -10.89999999999999858 ) ) ;
#1399 =( LENGTH_UNIT ( ) NAMED_UNIT ( * ) SI_UNIT ( .MILLI., .METRE. ) );
#1400 = ORIENTED_EDGE ( 'NONE', *, *, #2427, .F. ) ;
#1401 = CARTESIAN_POINT ( 'NONE',  ( -16.00000000000000000, -4.000000000000000000, -29.50000000000000000 ) ) ;
#1402 = FACE_BOUND ( 'NONE', #4425, .T. ) ;
#1403 = VERTEX_POINT ( 'NONE', #637 ) ;
#1404 = EDGE_CURVE ( 'NONE', #239, #2889, #2788, .T. ) ;
#1405 = FACE_OUTER_BOUND ( 'NONE', #4055, .T. ) ;
#1406 = DIRECTION ( 'NONE',  ( 0.000000000000000000, 1.000000000000000000, 0.000000000000000000 ) ) ;
#1407 = ADVANCED_FACE ( 'NONE', ( #2432 ), #3175, .F. ) ;
#1408 = CARTESIAN_POINT ( 'NONE',  ( -16.06815885638107488, -10.00000000000000000, 28.18215855390708668 ) ) ;
#1409 = ORIENTED_EDGE ( 'NONE', *, *, #2249, .T. ) ;
#1410 = VECTOR ( 'NONE', #949, 1000.000000000000000 ) ;
#1411 = VERTEX_POINT ( 'NONE', #257 ) ;
#1412 = DIRECTION ( 'NONE',  ( 0.000000000000000000, 0.000000000000000000, 1.000000000000000000 ) ) ;
#1413 = LINE ( 'NONE', #2759, #4385 ) ;
#1414 = EDGE_CURVE ( 'NONE', #3450, #1518, #3508, .T. ) ;
#1416 = VECTOR ( 'NONE', #3222, 1000.000000000000114 ) ;
#1415 = AXIS2_PLACEMENT_3D ( 'NONE', #3283, #3663, #2943 ) ;
#1417 = ORIENTED_EDGE ( 'NONE', *, *, #3501, .T. ) ;
#1418 = AXIS2_PLACEMENT_3D ( 'NONE', #2978, #2954, #1163 ) ;
#1419 = AXIS2_PLACEMENT_3D ( 'NONE', #67, #2514, #3975 ) ;
#1420 = CARTESIAN_POINT ( 'NONE',  ( -12.61499475594644437, -0.9999999999999991118, -28.24961332442811823 ) ) ;
#1421 = CARTESIAN_POINT ( 'NONE',  ( 6.291820713518296415, -0.6400000000000000133, -4.000000000000000000 ) ) ;
#1422 = LINE ( 'NONE', #2434, #816 ) ;
#1423 = VECTOR ( 'NONE', #3883, 1000.000000000000114 ) ;
#1424 = VERTEX_POINT ( 'NONE', #1772 ) ;
#1425 = CARTESIAN_POINT ( 'NONE',  ( 8.001249483932832973, -10.00000000000000000, -23.00000000000000711 ) ) ;
#1426 = VERTEX_POINT ( 'NONE', #2764 ) ;
#1427 = CARTESIAN_POINT ( 'NONE',  ( 8.007780573516589229, -10.00000000000000000, 30.87125241406041809 ) ) ;
#1428 = CARTESIAN_POINT ( 'NONE',  ( 12.92931211289799442, -10.00000000000000000, 1.001708526524975662 ) ) ;
#1429 = ORIENTED_EDGE ( 'NONE', *, *, #1933, .T. ) ;
#1430 = DIRECTION ( 'NONE',  ( 0.000000000000000000, 1.000000000000000000, 0.000000000000000000 ) ) ;
#1431 = DIRECTION ( 'NONE',  ( 0.000000000000000000, 1.000000000000000000, -0.000000000000000000 ) ) ;
#1432 = COLOUR_RGB ( '',0.7921568627450980005, 0.8196078431372548767, 0.9333333333333333481 ) ;
#1433 = CARTESIAN_POINT ( 'NONE',  ( 0.000000000000000000, -1.000000000000000000, 65.00000000000000000 ) ) ;
#1434 = ADVANCED_FACE ( 'NONE', ( #2815 ), #1017, .F. ) ;
#1435 = ORIENTED_EDGE ( 'NONE', *, *, #2380, .F. ) ;
#1436 = EDGE_CURVE ( 'NONE', #2889, #334, #4631, .T. ) ;
#1437 = ORIENTED_EDGE ( 'NONE', *, *, #1458, .T. ) ;
#1438 = SURFACE_STYLE_USAGE ( .BOTH. , #2882 ) ;
#1439 = FACE_OUTER_BOUND ( 'NONE', #2930, .T. ) ;
#1440 = ORIENTED_EDGE ( 'NONE', *, *, #3221, .F. ) ;
#1441 = EDGE_CURVE ( 'NONE', #1557, #3267, #3531, .T. ) ;
#1442 = ORIENTED_EDGE ( 'NONE', *, *, #2411, .F. ) ;
#1443 = CARTESIAN_POINT ( 'NONE',  ( 16.21259128878628530, -10.00000000000000000, -3.475836847133733976 ) ) ;
#1444 = EDGE_CURVE ( 'NONE', #2941, #3335, #1728, .T. ) ;
#1445 = CARTESIAN_POINT ( 'NONE',  ( -16.21259128878628886, -10.00000000000000000, 3.475836847133786378 ) ) ;
#1446 = VECTOR ( 'NONE', #650, 1000.000000000000000 ) ;
#1447 = ORIENTED_EDGE ( 'NONE', *, *, #3488, .T. ) ;
#1448 = LINE ( 'NONE', #3989, #274 ) ;
#1449 = VERTEX_POINT ( 'NONE', #3144 ) ;
#1450 = CARTESIAN_POINT ( 'NONE',  ( 0.000000000000000000, 0.000000000000000000, 0.000000000000000000 ) ) ;
#1451 = DIRECTION ( 'NONE',  ( 0.6018150231520437154, 0.000000000000000000, -0.7986355100472962709 ) ) ;
#1452 = EDGE_CURVE ( 'NONE', #4246, #4255, #664, .T. ) ;
#1453 = VERTEX_POINT ( 'NONE', #1420 ) ;
#1454 = DIRECTION ( 'NONE',  ( -1.000000000000000000, 0.000000000000000000, 4.073762697233657151E-16 ) ) ;
#1455 = CYLINDRICAL_SURFACE ( 'NONE', #4303, 7.000000000000099476 ) ;
#1456 = CARTESIAN_POINT ( 'NONE',  ( -19.00000000000000000, -0.6400000000000000133, 0.000000000000000000 ) ) ;
#1457 = CARTESIAN_POINT ( 'NONE',  ( 4.201303336261341670, -0.6400000000000000133, -5.575317836442231112 ) ) ;
#1458 = EDGE_CURVE ( 'NONE', #1869, #451, #582, .T. ) ;
#1459 =( GEOMETRIC_REPRESENTATION_CONTEXT ( 3 ) GLOBAL_UNCERTAINTY_ASSIGNED_CONTEXT ( ( #4373 ) ) GLOBAL_UNIT_ASSIGNED_CONTEXT ( ( #413, #371, #1464 ) ) REPRESENTATION_CONTEXT ( 'NONE', 'WORKASPACE' ) );
#1460 = AXIS2_PLACEMENT_3D ( 'NONE', #776, #2883, #1086 ) ;
#1461 = DIRECTION ( 'NONE',  ( 0.000000000000000000, 0.000000000000000000, -1.000000000000000000 ) ) ;
#1462 = EDGE_CURVE ( 'NONE', #319, #4190, #4605, .T. ) ;
#1463 = EDGE_LOOP ( 'NONE', ( #3512, #3281, #648, #3036 ) ) ;
#1464 =( NAMED_UNIT ( * ) SI_UNIT ( $, .STERADIAN. ) SOLID_ANGLE_UNIT ( ) );
#1465 = DIRECTION ( 'NONE',  ( 0.000000000000000000, 1.000000000000000000, 0.000000000000000000 ) ) ;
#1466 = EDGE_LOOP ( 'NONE', ( #405, #4700, #2808, #3217 ) ) ;
#1467 = CARTESIAN_POINT ( 'NONE',  ( 0.8256953720314853529, -1.000000000000000000, -16.10000000000000142 ) ) ;
#1468 = FACE_OUTER_BOUND ( 'NONE', #2458, .T. ) ;
#1469 = ORIENTED_EDGE ( 'NONE', *, *, #2993, .F. ) ;
#1470 = CARTESIAN_POINT ( 'NONE',  ( 0.8256953720314850198, -1.000000000000000000, -10.89999999999999858 ) ) ;
#1471 = EDGE_LOOP ( 'NONE', ( #1166, #2403, #154, #2163 ) ) ;
#1472 = CARTESIAN_POINT ( 'NONE',  ( 0.000000000000000000, -0.6400000000000000133, -4.000000000000000000 ) ) ;
#1473 = EDGE_CURVE ( 'NONE', #475, #2667, #3579, .T. ) ;
#1474 = CARTESIAN_POINT ( 'NONE',  ( 5.220423904620727917, -10.00000000000000000, 23.00000000000000355 ) ) ;
#1475 = EDGE_CURVE ( 'NONE', #2351, #313, #1394, .T. ) ;
#1476 = VERTEX_POINT ( 'NONE', #232 ) ;
#1477 = CARTESIAN_POINT ( 'NONE',  ( 0.000000000000000000, -10.00000000000000000, 0.000000000000000000 ) ) ;
#1478 = FACE_OUTER_BOUND ( 'NONE', #2891, .T. ) ;
#1479 = LINE ( 'NONE', #1198, #603 ) ;
#1480 = LINE ( 'NONE', #1457, #3659 ) ;
#1481 = FACE_OUTER_BOUND ( 'NONE', #1900, .T. ) ;
#1482 = VERTEX_POINT ( 'NONE', #4219 ) ;
#1483 = CARTESIAN_POINT ( 'NONE',  ( -8.261456028412361263, -0.6400000000000000133, 4.519190384286108753 ) ) ;
#1484 = CARTESIAN_POINT ( 'NONE',  ( -16.21259128878628886, -10.00000000000000000, 3.475836847133786378 ) ) ;
#1485 = VECTOR ( 'NONE', #3330, 1000.000000000000000 ) ;
#1486 = VERTEX_POINT ( 'NONE', #4581 ) ;
#1487 = AXIS2_PLACEMENT_3D ( 'NONE', #2720, #4177, #4603 ) ;
#1488 = FACE_OUTER_BOUND ( 'NONE', #1471, .T. ) ;
#1489 = FACE_OUTER_BOUND ( 'NONE', #596, .T. ) ;
#1490 = EDGE_CURVE ( 'NONE', #4579, #4487, #613, .T. ) ;
#1491 = VECTOR ( 'NONE', #1856, 1000.000000000000000 ) ;
#1492 = VECTOR ( 'NONE', #3177, 1000.000000000000000 ) ;
#1493 = ADVANCED_FACE ( 'NONE', ( #2839 ), #2502, .F. ) ;
#1494 = EDGE_LOOP ( 'NONE', ( #3102, #989, #3943, #219 ) ) ;
#1495 = VECTOR ( 'NONE', #4435, 1000.000000000000000 ) ;
#1496 = DIRECTION ( 'NONE',  ( -0.06104853953485284146, 0.000000000000000000, 0.9981347984218672531 ) ) ;
#1497 = VECTOR ( 'NONE', #3033, 1000.000000000000227 ) ;
#1498 = ORIENTED_EDGE ( 'NONE', *, *, #3410, .F. ) ;
#1499 = DIRECTION ( 'NONE',  ( 0.000000000000000000, 1.000000000000000000, 0.000000000000000000 ) ) ;
#1500 = CARTESIAN_POINT ( 'NONE',  ( -6.291820713518380792, -10.00000000000000000, 4.000000000000000000 ) ) ;
#1501 = EDGE_LOOP ( 'NONE', ( #1681, #3782, #2608, #2235 ) ) ;
#1502 = VERTEX_POINT ( 'NONE', #1046 ) ;
#1503 = CARTESIAN_POINT ( 'NONE',  ( 8.001249483932832973, -0.6400000000000000133, -23.00000000000000711 ) ) ;
#1504 = CARTESIAN_POINT ( 'NONE',  ( -1.224368927168166810, -0.9999999999999991118, 27.99347179447653389 ) ) ;
#1505 = CARTESIAN_POINT ( 'NONE',  ( -10.00000000000000178, -0.6400000000000000133, 0.000000000000000000 ) ) ;
#1506 = DIRECTION ( 'NONE',  ( 0.000000000000000000, 1.000000000000000000, 0.000000000000000000 ) ) ;
#1507 = DIRECTION ( 'NONE',  ( 0.000000000000000000, 0.000000000000000000, 1.000000000000000000 ) ) ;
#1508 = ORIENTED_EDGE ( 'NONE', *, *, #829, .T. ) ;
#1509 = LINE ( 'NONE', #1790, #1233 ) ;
#1510 = CARTESIAN_POINT ( 'NONE',  ( 0.000000000000000000, -1.000000000000000000, 0.000000000000000000 ) ) ;
#1511 = EDGE_CURVE ( 'NONE', #2713, #3325, #1319, .T. ) ;
#1512 = ORIENTED_EDGE ( 'NONE', *, *, #1981, .F. ) ;
#1513 = DIRECTION ( 'NONE',  ( 0.06104853953485293860, 0.000000000000000000, -0.9981347984218672531 ) ) ;
#1514 = LINE ( 'NONE', #2598, #4079 ) ;
#1515 = EDGE_CURVE ( 'NONE', #3700, #4144, #2480, .T. ) ;
#1516 = VECTOR ( 'NONE', #1113, 1000.000000000000114 ) ;
#1517 = FACE_OUTER_BOUND ( 'NONE', #3183, .T. ) ;
#1518 = VERTEX_POINT ( 'NONE', #3962 ) ;
#1519 = LINE ( 'NONE', #4343, #3024 ) ;
#1520 = CARTESIAN_POINT ( 'NONE',  ( -8.261456028412363040, -0.9999999999999991118, 4.519190384286107864 ) ) ;
#1521 = ADVANCED_FACE ( 'NONE', ( #1820 ), #1537, .F. ) ;
#1522 = ADVANCED_FACE ( 'NONE', ( #1488 ), #3292, .F. ) ;
#1523 = ORIENTED_EDGE ( 'NONE', *, *, #3904, .T. ) ;
#1524 = ORIENTED_EDGE ( 'NONE', *, *, #2880, .T. ) ;
#1525 = CARTESIAN_POINT ( 'NONE',  ( 10.45482207421827248, -10.00000000000000000, -31.00000000000000000 ) ) ;
#1526 = CARTESIAN_POINT ( 'NONE',  ( -16.00000000000000000, -10.00000000000000000, -28.04999999999999716 ) ) ;
#1527 = CARTESIAN_POINT ( 'NONE',  ( -4.201303336261423382, -0.6400000000000000133, 5.575317836442254205 ) ) ;
#1528 = DIRECTION ( 'NONE',  ( -0.000000000000000000, 0.000000000000000000, 1.000000000000000000 ) ) ;
#1529 = DIRECTION ( 'NONE',  ( -0.6018150231520498217, 0.000000000000000000, -0.7986355100472917190 ) ) ;
#1530 = VERTEX_POINT ( 'NONE', #2596 ) ;
#1531 = CARTESIAN_POINT ( 'NONE',  ( -6.645362379242963691, -0.9999999999999991118, -21.90370721547782296 ) ) ;
#1532 = CARTESIAN_POINT ( 'NONE',  ( -11.44960120413460736, -0.9999999999999991118, -29.34590610895029883 ) ) ;
#1533 = ORIENTED_EDGE ( 'NONE', *, *, #426, .T. ) ;
#1534 = VECTOR ( 'NONE', #2714, 1000.000000000000114 ) ;
#1535 = VECTOR ( 'NONE', #4335, 999.9999999999998863 ) ;
#1536 = ORIENTED_EDGE ( 'NONE', *, *, #3115, .T. ) ;
#1537 = PLANE ( 'NONE',  #4680 ) ;
#1538 = DIRECTION ( 'NONE',  ( -0.7283709698823982448, 0.000000000000000000, 0.6851829903263612076 ) ) ;
#1539 = EDGE_CURVE ( 'NONE', #2371, #4357, #2932, .T. ) ;
#1540 = DIRECTION ( 'NONE',  ( -0.6851829903263608745, 0.000000000000000000, -0.7283709698823985779 ) ) ;
#1541 = ORIENTED_EDGE ( 'NONE', *, *, #3110, .F. ) ;
#1542 = CARTESIAN_POINT ( 'NONE',  ( 0.000000000000000000, -4.000000000000000000, 0.000000000000000000 ) ) ;
#1543 = DIRECTION ( 'NONE',  ( 0.000000000000000000, 0.000000000000000000, 1.000000000000000000 ) ) ;
#1544 = VERTEX_POINT ( 'NONE', #4032 ) ;
#1545 = ORIENTED_EDGE ( 'NONE', *, *, #5, .F. ) ;
#1546 = LINE ( 'NONE', #2322, #3838 ) ;
#1547 = PLANE ( 'NONE',  #963 ) ;
#1548 = VERTEX_POINT ( 'NONE', #4441 ) ;
#1549 = CARTESIAN_POINT ( 'NONE',  ( -16.00000000000000000, -10.00000000000000000, -29.50000000000000000 ) ) ;
#1550 = CARTESIAN_POINT ( 'NONE',  ( 7.681935248344225364, -10.00000000000000000, 4.955890615225124307 ) ) ;
#1551 = EDGE_CURVE ( 'NONE', #4503, #4019, #79, .T. ) ;
#1552 = EDGE_CURVE ( 'NONE', #3585, #261, #4390, .T. ) ;
#1553 = CARTESIAN_POINT ( 'NONE',  ( 0.8256953720314850198, -3.000000000000000000, -10.99999999999999822 ) ) ;
#1554 = EDGE_LOOP ( 'NONE', ( #4522, #1925, #2644, #3909 ) ) ;
#1555 = FACE_OUTER_BOUND ( 'NONE', #422, .T. ) ;
#1556 = ORIENTED_EDGE ( 'NONE', *, *, #102, .T. ) ;
#1557 = VERTEX_POINT ( 'NONE', #4414 ) ;
#1558 = DIRECTION ( 'NONE',  ( 0.000000000000000000, 0.000000000000000000, 1.000000000000000000 ) ) ;
#1559 = CARTESIAN_POINT ( 'NONE',  ( -10.45482207421827425, -0.9999999999999991118, 31.00000000000000355 ) ) ;
#1560 = VECTOR ( 'NONE', #670, 1000.000000000000000 ) ;
#1561 = CARTESIAN_POINT ( 'NONE',  ( -15.94036921313058208, -0.6400000000000000133, -0.9749547472411206339 ) ) ;
#1562 = ORIENTED_EDGE ( 'NONE', *, *, #1164, .T. ) ;
#1563 = LINE ( 'NONE', #187, #1872 ) ;
#1564 = DIRECTION ( 'NONE',  ( -0.7986355100472919410, 0.000000000000000000, -0.6018150231520495996 ) ) ;
#1565 = ORIENTED_EDGE ( 'NONE', *, *, #2117, .F. ) ;
#1567 = VECTOR ( 'NONE', #991, 1000.000000000000000 ) ;
#1566 = AXIS2_PLACEMENT_3D ( 'NONE', #369, #1529, #1105 ) ;
#1568 = ORIENTED_EDGE ( 'NONE', *, *, #3504, .T. ) ;
#1569 = CARTESIAN_POINT ( 'NONE',  ( -10.00000000000000178, 0.000000000000000000, 65.00000000000000000 ) ) ;
#1570 = FACE_OUTER_BOUND ( 'NONE', #2975, .T. ) ;
#1571 = ORIENTED_EDGE ( 'NONE', *, *, #4469, .F. ) ;
#1572 = FACE_OUTER_BOUND ( 'NONE', #1877, .T. ) ;
#1573 = DIRECTION ( 'NONE',  ( 0.7986355100472917190, 0.000000000000000000, -0.6018150231520498217 ) ) ;
#1574 = VECTOR ( 'NONE', #3628, 1000.000000000000000 ) ;
#1575 = FACE_OUTER_BOUND ( 'NONE', #4044, .T. ) ;
#1576 = VERTEX_POINT ( 'NONE', #1090 ) ;
#1577 = DIRECTION ( 'NONE',  ( 0.6851829903263608745, -0.000000000000000000, 0.7283709698823985779 ) ) ;
#1578 = EDGE_CURVE ( 'NONE', #4255, #319, #2977, .T. ) ;
#1579 = ORIENTED_EDGE ( 'NONE', *, *, #222, .T. ) ;
#1580 = EDGE_CURVE ( 'NONE', #973, #4333, #2214, .T. ) ;
#1581 = ORIENTED_EDGE ( 'NONE', *, *, #3027, .T. ) ;
#1582 = EDGE_LOOP ( 'NONE', ( #3564, #1993, #1169, #1524 ) ) ;
#1583 = FACE_OUTER_BOUND ( 'NONE', #838, .T. ) ;
#1584 = EDGE_CURVE ( 'NONE', #948, #3867, #417, .T. ) ;
#1585 = VECTOR ( 'NONE', #574, 1000.000000000000000 ) ;
#1586 = LINE ( 'NONE', #3795, #1724 ) ;
#1587 = AXIS2_PLACEMENT_3D ( 'NONE', #2553, #2957, #1167 ) ;
#1588 = EDGE_CURVE ( 'NONE', #1605, #2941, #3318, .T. ) ;
#1589 = DIRECTION ( 'NONE',  ( -1.000000000000000000, -0.000000000000000000, -0.000000000000000000 ) ) ;
#1590 = CYLINDRICAL_SURFACE ( 'NONE', #667, 7.000000000000044409 ) ;
#1591 = DIRECTION ( 'NONE',  ( 0.000000000000000000, 1.000000000000000000, 0.000000000000000000 ) ) ;
#1592 = ORIENTED_EDGE ( 'NONE', *, *, #1441, .F. ) ;
#1593 = AXIS2_PLACEMENT_3D ( 'NONE', #733, #376, #8 ) ;
#1594 = ORIENTED_EDGE ( 'NONE', *, *, #4442, .F. ) ;
#1595 = DIRECTION ( 'NONE',  ( 0.000000000000000000, 1.000000000000000000, 0.000000000000000000 ) ) ;
#1596 = EDGE_CURVE ( 'NONE', #2254, #2331, #2144, .T. ) ;
#1597 = LINE ( 'NONE', #1218, #3849 ) ;
#1598 = ORIENTED_EDGE ( 'NONE', *, *, #1164, .F. ) ;
#1599 = DIRECTION ( 'NONE',  ( 0.000000000000000000, 0.000000000000000000, -1.000000000000000000 ) ) ;
#1600 = DIRECTION ( 'NONE',  ( 0.000000000000000000, -0.000000000000000000, 1.000000000000000000 ) ) ;
#1601 = DIRECTION ( 'NONE',  ( -0.000000000000000000, -1.000000000000000000, -0.000000000000000000 ) ) ;
#1602 = EDGE_LOOP ( 'NONE', ( #3544, #3180, #1858, #2069 ) ) ;
#1603 = DIRECTION ( 'NONE',  ( 0.000000000000000000, -0.000000000000000000, -1.000000000000000000 ) ) ;
#1604 = VERTEX_POINT ( 'NONE', #3649 ) ;
#1605 = VERTEX_POINT ( 'NONE', #3983 ) ;
#1606 = FACE_BOUND ( 'NONE', #384, .T. ) ;
#1607 = VECTOR ( 'NONE', #600, 1000.000000000000227 ) ;
#1608 = DIRECTION ( 'NONE',  ( 0.000000000000000000, 0.000000000000000000, 1.000000000000000000 ) ) ;
#1609 = AXIS2_PLACEMENT_3D ( 'NONE', #1477, #1879, #4328 ) ;
#1610 = ORIENTED_EDGE ( 'NONE', *, *, #616, .T. ) ;
#1611 = AXIS2_PLACEMENT_3D ( 'NONE', #4073, #1905, #3642 ) ;
#1612 = CARTESIAN_POINT ( 'NONE',  ( -16.00000000000000000, -4.000000000000000000, -29.50000000000000000 ) ) ;
#1613 = PLANE ( 'NONE',  #527 ) ;
#1614 = LINE ( 'NONE', #4199, #3081 ) ;
#1615 = EDGE_LOOP ( 'NONE', ( #404, #2507, #1343, #1536 ) ) ;
#1616 = ORIENTED_EDGE ( 'NONE', *, *, #4689, .T. ) ;
#1617 = CARTESIAN_POINT ( 'NONE',  ( -6.291820713518380792, -10.00000000000000000, 4.000000000000000000 ) ) ;
#1618 = DIRECTION ( 'NONE',  ( 0.000000000000000000, 0.000000000000000000, 1.000000000000000000 ) ) ;
#1619 = ORIENTED_EDGE ( 'NONE', *, *, #1808, .T. ) ;
#1620 = CARTESIAN_POINT ( 'NONE',  ( -16.00000000000000000, -4.000000000000000000, -29.50000000000000000 ) ) ;
#1621 = DIRECTION ( 'NONE',  ( -0.000000000000000000, -0.000000000000000000, -1.000000000000000000 ) ) ;
#1622 = ADVANCED_FACE ( 'NONE', ( #2169 ), #1796, .F. ) ;
#1623 = CARTESIAN_POINT ( 'NONE',  ( 6.291820713518296415, -0.9999999999999991118, 4.000000000000000888 ) ) ;
#1624 = VECTOR ( 'NONE', #455, 1000.000000000000000 ) ;
#1625 = ORIENTED_EDGE ( 'NONE', *, *, #2523, .T. ) ;
#1626 = CARTESIAN_POINT ( 'NONE',  ( -16.00000000000000000, -4.000000000000000000, -29.50000000000000000 ) ) ;
#1627 = ORIENTED_EDGE ( 'NONE', *, *, #1979, .F. ) ;
#1628 = FACE_BOUND ( 'NONE', #1215, .T. ) ;
#1629 = CARTESIAN_POINT ( 'NONE',  ( -15.80614170435593380, -10.00000000000000000, -3.169555116623693269 ) ) ;
#1630 = ORIENTED_EDGE ( 'NONE', *, *, #4126, .T. ) ;
#1631 = CARTESIAN_POINT ( 'NONE',  ( -10.00000000000000178, -0.6400000000000000133, 0.000000000000000000 ) ) ;
#1632 = FACE_OUTER_BOUND ( 'NONE', #4092, .T. ) ;
#1633 = FACE_OUTER_BOUND ( 'NONE', #3093, .T. ) ;
#1634 = EDGE_CURVE ( 'NONE', #2976, #3025, #2953, .T. ) ;
#1635 = ADVANCED_FACE ( 'NONE', ( #1890 ), #3343, .F. ) ;
#1636 = AXIS2_PLACEMENT_3D ( 'NONE', #815, #908, #4426 ) ;
#1637 = ORIENTED_EDGE ( 'NONE', *, *, #3150, .T. ) ;
#1638 = ORIENTED_EDGE ( 'NONE', *, *, #2119, .T. ) ;
#1639 = LINE ( 'NONE', #643, #3530 ) ;
#1640 = CARTESIAN_POINT ( 'NONE',  ( -17.44176566317134558, -10.00000000000000000, 23.57266022325603316 ) ) ;
#1641 = ORIENTED_EDGE ( 'NONE', *, *, #2499, .T. ) ;
#1642 = AXIS2_PLACEMENT_3D ( 'NONE', #1892, #2980, #1345 ) ;
#1643 = CARTESIAN_POINT ( 'NONE',  ( 0.000000000000000000, -0.6400000000000000133, 0.000000000000000000 ) ) ;
#1644 = FACE_BOUND ( 'NONE', #1190, .T. ) ;
#1645 = AXIS2_PLACEMENT_3D ( 'NONE', #1, #1461, #2231 ) ;
#1646 = AXIS2_PLACEMENT_3D ( 'NONE', #2340, #1966, #1214 ) ;
#1647 = DIRECTION ( 'NONE',  ( 0.06104853953485284146, 0.000000000000000000, -0.9981347984218672531 ) ) ;
#1648 = AXIS2_PLACEMENT_3D ( 'NONE', #2749, #238, #3153 ) ;
#1649 = ORIENTED_EDGE ( 'NONE', *, *, #4404, .T. ) ;
#1650 = LINE ( 'NONE', #985, #4120 ) ;
#1651 = VECTOR ( 'NONE', #4060, 1000.000000000000114 ) ;
#1652 = LINE ( 'NONE', #2649, #4026 ) ;
#1653 = LINE ( 'NONE', #3368, #3701 ) ;
#1654 = EDGE_LOOP ( 'NONE', ( #3754, #4663, #3168, #1637 ) ) ;
#1655 = FACE_OUTER_BOUND ( 'NONE', #4290, .T. ) ;
#1656 = DIRECTION ( 'NONE',  ( 0.000000000000000000, 0.000000000000000000, 1.000000000000000000 ) ) ;
#1657 = FACE_OUTER_BOUND ( 'NONE', #1786, .T. ) ;
#1658 = EDGE_CURVE ( 'NONE', #1403, #975, #2342, .T. ) ;
#1659 = ORIENTED_EDGE ( 'NONE', *, *, #1404, .F. ) ;
#1660 = VERTEX_POINT ( 'NONE', #1467 ) ;
#1661 = CARTESIAN_POINT ( 'NONE',  ( 11.59999999999999964, -0.6400000000000000133, 8.673617379884035472E-16 ) ) ;
#1662 = EDGE_CURVE ( 'NONE', #4312, #4088, #2908, .T. ) ;
#1663 = VERTEX_POINT ( 'NONE', #397 ) ;
#1664 = ADVANCED_FACE ( 'NONE', ( #1606, #1208, #1628, #465, #1980, #3049, #4151, #3457, #3724, #4556 ), #3367, .F. ) ;
#1665 = APPLICATION_CONTEXT ( 'automotive_design' ) ;
#1666 = LINE ( 'NONE', #3064, #1585 ) ;
#1667 = DIRECTION ( 'NONE',  ( -1.000000000000000000, 0.000000000000000000, -0.000000000000000000 ) ) ;
#1668 = FACE_OUTER_BOUND ( 'NONE', #2436, .T. ) ;
#1669 = VECTOR ( 'NONE', #345, 1000.000000000000000 ) ;
#1670 = VERTEX_POINT ( 'NONE', #852 ) ;
#1671 = VECTOR ( 'NONE', #2492, 1000.000000000000000 ) ;
#1672 = PRODUCT ( 'led-segment-p4', 'led-segment-p4', '', ( #4298 ) ) ;
#1673 = EDGE_CURVE ( 'NONE', #3710, #1731, #532, .T. ) ;
#1674 = CARTESIAN_POINT ( 'NONE',  ( -8.775631072831838964, -10.00000000000000000, 37.00652820552347322 ) ) ;
#1675 = CARTESIAN_POINT ( 'NONE',  ( 15.80614170435593735, -0.9999999999999991118, 3.169555116623649305 ) ) ;
#1676 = ORIENTED_EDGE ( 'NONE', *, *, #1662, .F. ) ;
#1677 = CARTESIAN_POINT ( 'NONE',  ( 15.80614170435593735, -10.00000000000000000, 3.169555116623649305 ) ) ;
#1678 = DIRECTION ( 'NONE',  ( 1.000000000000000000, 0.000000000000000000, 2.036881348616828083E-16 ) ) ;
#1679 = LINE ( 'NONE', #4606, #287 ) ;
#1680 = LINE ( 'NONE', #615, #3005 ) ;
#1681 = ORIENTED_EDGE ( 'NONE', *, *, #982, .F. ) ;
#1682 = AXIS2_PLACEMENT_3D ( 'NONE', #1474, #3327, #1849 ) ;
#1683 = VERTEX_POINT ( 'NONE', #3000 ) ;
#1684 = CARTESIAN_POINT ( 'NONE',  ( 0.000000000000000000, 0.000000000000000000, 65.00000000000000000 ) ) ;
#1685 = CARTESIAN_POINT ( 'NONE',  ( 0.000000000000000000, 0.000000000000000000, 0.000000000000000000 ) ) ;
#1686 = EDGE_LOOP ( 'NONE', ( #2850, #2501, #4209, #547 ) ) ;
#1687 = DIRECTION ( 'NONE',  ( 0.000000000000000000, 0.000000000000000000, -1.000000000000000000 ) ) ;
#1688 = DIRECTION ( 'NONE',  ( 0.000000000000000000, 1.000000000000000000, -0.000000000000000000 ) ) ;
#1689 = FACE_OUTER_BOUND ( 'NONE', #3400, .T. ) ;
#1690 = ORIENTED_EDGE ( 'NONE', *, *, #1444, .T. ) ;
#1691 = CARTESIAN_POINT ( 'NONE',  ( 0.000000000000000000, -10.00000000000000000, 65.00000000000000000 ) ) ;
#1692 = EDGE_CURVE ( 'NONE', #4707, #2976, #1652, .T. ) ;
#1693 = EDGE_CURVE ( 'NONE', #3370, #1349, #3413, .T. ) ;
#1694 = EDGE_CURVE ( 'NONE', #311, #4088, #3794, .T. ) ;
#1695 = DIRECTION ( 'NONE',  ( 0.000000000000000000, 1.000000000000000000, 0.000000000000000000 ) ) ;
#1696 = DIRECTION ( 'NONE',  ( 0.3338068592337683493, -0.000000000000000000, 0.9426414910921793178 ) ) ;
#1697 = ORIENTED_EDGE ( 'NONE', *, *, #3321, .T. ) ;
#1698 = LINE ( 'NONE', #3142, #3148 ) ;
#1699 = CARTESIAN_POINT ( 'NONE',  ( 12.94143175556461145, -10.00000000000000000, -30.54345262782842596 ) ) ;
#1700 = LINE ( 'NONE', #3145, #1120 ) ;
#1701 = CARTESIAN_POINT ( 'NONE',  ( 8.261456028412359487, -10.00000000000000000, -4.519190384286056350 ) ) ;
#1702 = VERTEX_POINT ( 'NONE', #4468 ) ;
#1703 = ORIENTED_EDGE ( 'NONE', *, *, #982, .T. ) ;
#1704 = DIRECTION ( 'NONE',  ( -0.7283709698823987999, 0.000000000000000000, 0.6851829903263606525 ) ) ;
#1705 = DIRECTION ( 'NONE',  ( 1.000000000000000000, 0.000000000000000000, 0.000000000000000000 ) ) ;
#1706 = ORIENTED_EDGE ( 'NONE', *, *, #2531, .F. ) ;
#1707 = DIRECTION ( 'NONE',  ( -0.3338068592337683493, 0.000000000000000000, -0.9426414910921793178 ) ) ;
#1708 = LINE ( 'NONE', #3924, #2219 ) ;
#1709 = CIRCLE ( 'NONE', #4366, 2.600000000000001421 ) ;
#1710 = ORIENTED_EDGE ( 'NONE', *, *, #2852, .T. ) ;
#1711 = VECTOR ( 'NONE', #4561, 1000.000000000000000 ) ;
#1712 = CARTESIAN_POINT ( 'NONE',  ( -8.224219459354149109, -10.00000000000000000, 23.00000000000000000 ) ) ;
#1713 = CARTESIAN_POINT ( 'NONE',  ( -10.00000000000000178, -10.00000000000000000, 0.000000000000000000 ) ) ;
#1714 = EDGE_LOOP ( 'NONE', ( #1400, #786, #2550, #1690 ) ) ;
#1715 = VECTOR ( 'NONE', #4528, 1000.000000000000000 ) ;
#1716 = VECTOR ( 'NONE', #971, 1000.000000000000114 ) ;
#1717 = VECTOR ( 'NONE', #4590, 1000.000000000000000 ) ;
#1718 = VECTOR ( 'NONE', #690, 1000.000000000000000 ) ;
#1719 = ORIENTED_EDGE ( 'NONE', *, *, #1726, .F. ) ;
#1720 = ADVANCED_BREP_SHAPE_REPRESENTATION ( '', ( #2161, #2023, #3619 ), #359 ) ;
#1721 = FACE_OUTER_BOUND ( 'NONE', #3339, .T. ) ;
#1722 = ADVANCED_FACE ( 'NONE', ( #538 ), #831, .F. ) ;
#1723 = CARTESIAN_POINT ( 'NONE',  ( 15.94036921313058563, -0.6400000000000000133, 0.9749547472411157489 ) ) ;
#1724 = VECTOR ( 'NONE', #2359, 1000.000000000000000 ) ;
#1725 = ORIENTED_EDGE ( 'NONE', *, *, #937, .F. ) ;
#1726 = EDGE_CURVE ( 'NONE', #3385, #3089, #2690, .T. ) ;
#1727 = CARTESIAN_POINT ( 'NONE',  ( 8.261456028412359487, -0.9999999999999991118, -4.519190384286056350 ) ) ;
#1728 = LINE ( 'NONE', #4270, #2016 ) ;
#1729 = LINE ( 'NONE', #614, #3317 ) ;
#1730 = FACE_OUTER_BOUND ( 'NONE', #4546, .T. ) ;
#1731 = VERTEX_POINT ( 'NONE', #4536 ) ;
#1732 = ADVANCED_FACE ( 'NONE', ( #1583 ), #561, .F. ) ;
#1733 = ORIENTED_EDGE ( 'NONE', *, *, #1237, .T. ) ;
#1734 = FACE_OUTER_BOUND ( 'NONE', #668, .T. ) ;
#1735 = ORIENTED_EDGE ( 'NONE', *, *, #997, .F. ) ;
#1736 = LINE ( 'NONE', #2082, #777 ) ;
#1737 = FACE_BOUND ( 'NONE', #1181, .T. ) ;
#1738 = VERTEX_POINT ( 'NONE', #490 ) ;
#1739 = AXIS2_PLACEMENT_3D ( 'NONE', #3251, #3606, #356 ) ;
#1740 = FACE_OUTER_BOUND ( 'NONE', #3436, .T. ) ;
#1741 = CARTESIAN_POINT ( 'NONE',  ( -6.291820713518381680, -0.9999999999999991118, -4.000000000000000000 ) ) ;
#1742 = FACE_OUTER_BOUND ( 'NONE', #622, .T. ) ;
#1743 =( NAMED_UNIT ( * ) PLANE_ANGLE_UNIT ( ) SI_UNIT ( $, .RADIAN. ) );
#1744 = ADVANCED_FACE ( 'NONE', ( #4494 ), #3437, .F. ) ;
#1745 = AXIS2_PLACEMENT_3D ( 'NONE', #2887, #3269, #1842 ) ;
#1746 = ORIENTED_EDGE ( 'NONE', *, *, #2068, .T. ) ;
#1747 = LINE ( 'NONE', #1769, #3567 ) ;
#1748 = DIRECTION ( 'NONE',  ( -1.000000000000000000, 0.000000000000000000, -2.580542196641711662E-16 ) ) ;
#1749 = ORIENTED_EDGE ( 'NONE', *, *, #1473, .T. ) ;
#1750 = CARTESIAN_POINT ( 'NONE',  ( 12.92931211289799442, -10.00000000000000000, -1.001708526524977216 ) ) ;
#1751 = PLANE ( 'NONE',  #2703 ) ;
#1752 = LINE ( 'NONE', #4293, #1795 ) ;
#1753 = EDGE_CURVE ( 'NONE', #1317, #3423, #4130, .T. ) ;
#1754 = ORIENTED_EDGE ( 'NONE', *, *, #1658, .T. ) ;
#1755 = PRESENTATION_STYLE_ASSIGNMENT (( #4706 ) ) ;
#1756 = DIRECTION ( 'NONE',  ( 0.000000000000000000, 0.000000000000000000, 1.000000000000000000 ) ) ;
#1757 = ORIENTED_EDGE ( 'NONE', *, *, #1920, .F. ) ;
#1758 = PLANE ( 'NONE',  #1760 ) ;
#1759 = LINE ( 'NONE', #1054, #4515 ) ;
#1760 = AXIS2_PLACEMENT_3D ( 'NONE', #4617, #2824, #3895 ) ;
#1761 = VECTOR ( 'NONE', #2893, 1000.000000000000000 ) ;
#1762 = ORIENTED_EDGE ( 'NONE', *, *, #4416, .F. ) ;
#1763 = DIRECTION ( 'NONE',  ( 1.000000000000000000, 0.000000000000000000, -0.000000000000000000 ) ) ;
#1764 = EDGE_CURVE ( 'NONE', #1219, #1426, #2262, .T. ) ;
#1765 = LINE ( 'NONE', #1008, #1671 ) ;
#1766 = ORIENTED_EDGE ( 'NONE', *, *, #2847, .F. ) ;
#1767 = DIRECTION ( 'NONE',  ( 0.000000000000000000, 0.000000000000000000, 1.000000000000000000 ) ) ;
#1768 = ORIENTED_EDGE ( 'NONE', *, *, #365, .T. ) ;
#1769 = CARTESIAN_POINT ( 'NONE',  ( -11.44960120413460736, -10.00000000000000000, -29.34590610895029883 ) ) ;
#1770 = CARTESIAN_POINT ( 'NONE',  ( 17.44176566317134558, -10.00000000000000000, -23.57266022325602606 ) ) ;
#1771 = ORIENTED_EDGE ( 'NONE', *, *, #3875, .T. ) ;
#1772 = CARTESIAN_POINT ( 'NONE',  ( -9.320512243876331482, -10.00000000000000000, 21.83460644818817187 ) ) ;
#1773 = CARTESIAN_POINT ( 'NONE',  ( 8.261456028412359487, -0.6400000000000000133, -4.519190384286058126 ) ) ;
#1774 = DIRECTION ( 'NONE',  ( -0.000000000000000000, -1.000000000000000000, -0.000000000000000000 ) ) ;
#1775 = ORIENTED_EDGE ( 'NONE', *, *, #2803, .T. ) ;
#1776 = EDGE_CURVE ( 'NONE', #3538, #440, #918, .T. ) ;
#1777 = ORIENTED_EDGE ( 'NONE', *, *, #1087, .T. ) ;
#1778 = PLANE ( 'NONE',  #3042 ) ;
#1779 = CARTESIAN_POINT ( 'NONE',  ( 19.00000000000000000, -0.6400000000000000133, -32.50000000000000000 ) ) ;
#1780 = EDGE_CURVE ( 'NONE', #3934, #1476, #2671, .T. ) ;
#1781 = ORIENTED_EDGE ( 'NONE', *, *, #1015, .F. ) ;
#1782 = DIRECTION ( 'NONE',  ( -0.7283709698823984668, 0.000000000000000000, 0.6851829903263612076 ) ) ;
#1783 = FACE_OUTER_BOUND ( 'NONE', #1615, .T. ) ;
#1784 = EDGE_CURVE ( 'NONE', #3120, #1170, #875, .T. ) ;
#1785 = CARTESIAN_POINT ( 'NONE',  ( -0.8256953720314832434, -3.000000000000000000, 13.50000000000000178 ) ) ;
#1786 = EDGE_LOOP ( 'NONE', ( #3587, #2376, #1216, #4058 ) ) ;
#1787 = AXIS2_PLACEMENT_3D ( 'NONE', #3106, #3448, #1326 ) ;
#1788 = EDGE_CURVE ( 'NONE', #1403, #1062, #3525, .T. ) ;
#1789 = ORIENTED_EDGE ( 'NONE', *, *, #3855, .T. ) ;
#1790 = CARTESIAN_POINT ( 'NONE',  ( -8.261456028412363040, -10.00000000000000000, 4.519190384286107864 ) ) ;
#1791 = CARTESIAN_POINT ( 'NONE',  ( 10.45482207421823162, -0.6399999999999999023, -23.99999999999997513 ) ) ;
#1793 = VECTOR ( 'NONE', #3485, 1000.000000000000000 ) ;
#1792 = VECTOR ( 'NONE', #2280, 1000.000000000000000 ) ;
#1794 = EDGE_LOOP ( 'NONE', ( #2985, #3063, #2397, #906 ) ) ;
#1795 = VECTOR ( 'NONE', #2101, 1000.000000000000000 ) ;
#1796 = PLANE ( 'NONE',  #4407 ) ;
#1797 = LINE ( 'NONE', #1445, #292 ) ;
#1798 = VECTOR ( 'NONE', #1538, 1000.000000000000114 ) ;
#1799 = ORIENTED_EDGE ( 'NONE', *, *, #3966, .F. ) ;
#1800 = DIRECTION ( 'NONE',  ( 0.9205048534524415960, -0.000000000000000000, 0.3907311284892708292 ) ) ;
#1801 = CONTEXT_DEPENDENT_SHAPE_REPRESENTATION ( #2810, #4252 ) ;
#1802 = ORIENTED_EDGE ( 'NONE', *, *, #3418, .T. ) ;
#1803 = DIRECTION ( 'NONE',  ( -0.7986355100472960489, 0.000000000000000000, 0.6018150231520439375 ) ) ;
#1804 = DIRECTION ( 'NONE',  ( 2.573541108691231936E-16, -0.000000000000000000, 1.000000000000000000 ) ) ;
#1805 = ADVANCED_FACE ( 'NONE', ( #3139 ), #4595, .T. ) ;
#1806 = ORIENTED_EDGE ( 'NONE', *, *, #3259, .T. ) ;
#1807 = ADVANCED_FACE ( 'NONE', ( #1338 ), #657, .F. ) ;
#1808 = EDGE_CURVE ( 'NONE', #2960, #726, #1315, .T. ) ;
#1809 = CARTESIAN_POINT ( 'NONE',  ( 0.000000000000000000, -0.6400000000000000133, 0.000000000000000000 ) ) ;
#1810 = DIRECTION ( 'NONE',  ( 0.000000000000000000, 0.000000000000000000, 1.000000000000000000 ) ) ;
#1811 = CIRCLE ( 'NONE', #2183, 6.999999999998958167 ) ;
#1812 = LINE ( 'NONE', #2779, #2727 ) ;
#1813 = ORIENTED_EDGE ( 'NONE', *, *, #2994, .T. ) ;
#1814 = DIRECTION ( 'NONE',  ( -0.06104853953485289003, 0.000000000000000000, 0.9981347984218672531 ) ) ;
#1815 = EDGE_LOOP ( 'NONE', ( #4015, #3536, #324, #1135, #1985, #2430 ) ) ;
#1816 = DIRECTION ( 'NONE',  ( 0.000000000000000000, -1.000000000000000000, 0.000000000000000000 ) ) ;
#1817 = FACE_OUTER_BOUND ( 'NONE', #1976, .T. ) ;
#1818 = ORIENTED_EDGE ( 'NONE', *, *, #942, .F. ) ;
#1819 = ADVANCED_FACE ( 'NONE', ( #276 ), #3169, .F. ) ;
#1820 = FACE_OUTER_BOUND ( 'NONE', #3035, .T. ) ;
#1821 = EDGE_CURVE ( 'NONE', #2085, #248, #3552, .T. ) ;
#1822 = DIRECTION ( 'NONE',  ( 0.000000000000000000, 1.000000000000000000, 0.000000000000000000 ) ) ;
#1823 = ORIENTED_EDGE ( 'NONE', *, *, #332, .F. ) ;
#1824 = DIRECTION ( 'NONE',  ( -0.3338068592337682938, 0.000000000000000000, -0.9426414910921793178 ) ) ;
#1825 = ORIENTED_EDGE ( 'NONE', *, *, #4257, .F. ) ;
#1826 = PLANE ( 'NONE',  #3178 ) ;
#1827 = LINE ( 'NONE', #1919, #4420 ) ;
#1828 = EDGE_LOOP ( 'NONE', ( #3, #454, #2199, #1913 ) ) ;
#1829 = DIRECTION ( 'NONE',  ( 1.000000000000000000, -0.000000000000000000, 0.000000000000000000 ) ) ;
#1830 = CARTESIAN_POINT ( 'NONE',  ( -10.45482207421820675, -0.6399999999999999023, 31.00000000000000355 ) ) ;
#1831 = PLANE ( 'NONE',  #1355 ) ;
#1832 = DIRECTION ( 'NONE',  ( 1.000000000000000000, -0.000000000000000000, 0.000000000000000000 ) ) ;
#1833 = AXIS2_PLACEMENT_3D ( 'NONE', #2563, #3741, #4355 ) ;
#1834 = PRESENTATION_LAYER_ASSIGNMENT (  '', '', ( #2437 ) ) ;
#1835 = CARTESIAN_POINT ( 'NONE',  ( -11.60000000000000142, -10.00000000000000000, 0.000000000000000000 ) ) ;
#1836 = EDGE_CURVE ( 'NONE', #631, #3806, #1747, .T. ) ;
#1837 = ORIENTED_EDGE ( 'NONE', *, *, #2987, .T. ) ;
#1838 = CARTESIAN_POINT ( 'NONE',  ( -1.224368927168166810, -0.9999999999999991118, 27.99347179447653389 ) ) ;
#1839 = LINE ( 'NONE', #372, #3812 ) ;
#1840 = EDGE_CURVE ( 'NONE', #1349, #3025, #3935, .T. ) ;
#1841 = ORIENTED_EDGE ( 'NONE', *, *, #4049, .T. ) ;
#1842 = DIRECTION ( 'NONE',  ( 0.000000000000000000, 0.000000000000000000, 1.000000000000000000 ) ) ;
#1843 = LINE ( 'NONE', #1091, #4684 ) ;
#1844 = EDGE_LOOP ( 'NONE', ( #2693, #3707, #2820, #4160 ) ) ;
#1845 = LINE ( 'NONE', #2936, #3610 ) ;
#1846 = VECTOR ( 'NONE', #2872, 1000.000000000000000 ) ;
#1847 = EDGE_LOOP ( 'NONE', ( #3455, #1072, #2272, #866 ) ) ;
#1848 = DIRECTION ( 'NONE',  ( 0.000000000000000000, 1.000000000000000000, -0.000000000000000000 ) ) ;
#1849 = DIRECTION ( 'NONE',  ( -1.000000000000000000, 0.000000000000000000, -2.580542196641711662E-16 ) ) ;
#1850 = ORIENTED_EDGE ( 'NONE', *, *, #3841, .T. ) ;
#1851 = ORIENTED_EDGE ( 'NONE', *, *, #1552, .F. ) ;
#1852 = PLANE ( 'NONE',  #2387 ) ;
#1853 = ADVANCED_FACE ( 'NONE', ( #1721 ), #938, .F. ) ;
#1854 = LINE ( 'NONE', #1504, #4538 ) ;
#1855 = DIRECTION ( 'NONE',  ( -0.3907311284892709402, 0.000000000000000000, 0.9205048534524414849 ) ) ;
#1856 = DIRECTION ( 'NONE',  ( 0.000000000000000000, 1.000000000000000000, 0.000000000000000000 ) ) ;
#1857 = FACE_OUTER_BOUND ( 'NONE', #1582, .T. ) ;
#1858 = ORIENTED_EDGE ( 'NONE', *, *, #3477, .T. ) ;
#1859 = DIRECTION ( 'NONE',  ( -0.06104853953485284146, 0.000000000000000000, 0.9981347984218672531 ) ) ;
#1860 = VECTOR ( 'NONE', #2577, 1000.000000000000114 ) ;
#1861 = ORIENTED_EDGE ( 'NONE', *, *, #2215, .F. ) ;
#1862 = ADVANCED_FACE ( 'NONE', ( #303 ), #2096, .F. ) ;
#1863 = EDGE_CURVE ( 'NONE', #3577, #3250, #2046, .T. ) ;
#1864 = VECTOR ( 'NONE', #3842, 1000.000000000000000 ) ;
#1865 = DIRECTION ( 'NONE',  ( 0.9981347984218672531, -0.000000000000000000, 0.06104853953485288309 ) ) ;
#1866 = LINE ( 'NONE', #4033, #3167 ) ;
#1867 = VECTOR ( 'NONE', #1348, 1000.000000000000000 ) ;
#1868 = EDGE_CURVE ( 'NONE', #2793, #948, #4625, .T. ) ;
#1869 = VERTEX_POINT ( 'NONE', #2783 ) ;
#1870 = AXIS2_PLACEMENT_3D ( 'NONE', #2534, #3998, #2181 ) ;
#1871 = CARTESIAN_POINT ( 'NONE',  ( -11.44960120413460913, -0.6400000000000000133, -29.34590610895030238 ) ) ;
#1872 = VECTOR ( 'NONE', #878, 999.9999999999998863 ) ;
#1873 = ORIENTED_EDGE ( 'NONE', *, *, #4642, .T. ) ;
#1874 = DIRECTION ( 'NONE',  ( -0.6851829903263612076, 0.000000000000000000, -0.7283709698823984668 ) ) ;
#1875 = LINE ( 'NONE', #2223, #1761 ) ;
#1876 = EDGE_CURVE ( 'NONE', #2089, #2812, #4235, .T. ) ;
#1877 = EDGE_LOOP ( 'NONE', ( #3973, #3272, #1799, #3356 ) ) ;
#1878 = ORIENTED_EDGE ( 'NONE', *, *, #1244, .T. ) ;
#1879 = DIRECTION ( 'NONE',  ( 0.000000000000000000, -1.000000000000000000, 0.000000000000000000 ) ) ;
#1880 = DIRECTION ( 'NONE',  ( -0.7986355100472919410, 0.000000000000000000, -0.6018150231520495996 ) ) ;
#1881 = LINE ( 'NONE', #1505, #373 ) ;
#1882 = CARTESIAN_POINT ( 'NONE',  ( -7.797029150424228838, -0.6400000000000000133, 21.00652820552346256 ) ) ;
#1883 = DIRECTION ( 'NONE',  ( -6.892772199665726237E-17, 0.000000000000000000, 1.000000000000000000 ) ) ;
#1884 = ORIENTED_EDGE ( 'NONE', *, *, #1726, .T. ) ;
#1885 = CARTESIAN_POINT ( 'NONE',  ( -10.45482207421817300, -10.00000000000000000, 23.99999999999997158 ) ) ;
#1886 = DIRECTION ( 'NONE',  ( 1.000000000000000000, 0.000000000000000000, -2.573541108691231936E-16 ) ) ;
#1887 = ORIENTED_EDGE ( 'NONE', *, *, #3004, .F. ) ;
#1888 = EDGE_CURVE ( 'NONE', #848, #1449, #3836, .T. ) ;
#1889 = ORIENTED_EDGE ( 'NONE', *, *, #3138, .T. ) ;
#1890 = FACE_OUTER_BOUND ( 'NONE', #3872, .T. ) ;
#1891 = DIRECTION ( 'NONE',  ( 0.000000000000000000, 1.000000000000000000, 0.000000000000000000 ) ) ;
#1892 = CARTESIAN_POINT ( 'NONE',  ( 0.000000000000000000, -10.00000000000000000, 0.000000000000000000 ) ) ;
#1893 = VECTOR ( 'NONE', #1513, 1000.000000000000114 ) ;
#1894 = ORIENTED_EDGE ( 'NONE', *, *, #2708, .T. ) ;
#1895 = FACE_OUTER_BOUND ( 'NONE', #1501, .T. ) ;
#1896 = EDGE_CURVE ( 'NONE', #23, #1056, #684, .T. ) ;
#1897 = LINE ( 'NONE', #473, #2970 ) ;
#1898 = EDGE_CURVE ( 'NONE', #178, #1544, #3502, .T. ) ;
#1899 = EDGE_LOOP ( 'NONE', ( #4628, #669 ) ) ;
#1900 = EDGE_LOOP ( 'NONE', ( #2747, #126, #4342, #2367 ) ) ;
#1901 = LINE ( 'NONE', #452, #3305 ) ;
#1902 = DIRECTION ( 'NONE',  ( 0.000000000000000000, 0.000000000000000000, 1.000000000000000000 ) ) ;
#1903 = ORIENTED_EDGE ( 'NONE', *, *, #905, .T. ) ;
#1904 = PLANE ( 'NONE',  #4057 ) ;
#1905 = DIRECTION ( 'NONE',  ( -0.000000000000000000, -1.000000000000000000, -0.000000000000000000 ) ) ;
#1906 = APPLICATION_CONTEXT ( 'automotive_design' ) ;
#1907 = LINE ( 'NONE', #3717, #1495 ) ;
#1908 = ORIENTED_EDGE ( 'NONE', *, *, #2566, .F. ) ;
#1909 = FACE_OUTER_BOUND ( 'NONE', #461, .T. ) ;
#1910 = EDGE_LOOP ( 'NONE', ( #2459, #1873, #4196, #2750 ) ) ;
#1911 = MECHANICAL_DESIGN_GEOMETRIC_PRESENTATION_REPRESENTATION (  '', ( #245 ), #2284 ) ;
#1912 = VECTOR ( 'NONE', #1829, 1000.000000000000000 ) ;
#1913 = ORIENTED_EDGE ( 'NONE', *, *, #4364, .T. ) ;
#1914 = CARTESIAN_POINT ( 'NONE',  ( 0.8256953720314850198, -4.000000000000000000, -13.49999999999999822 ) ) ;
#1915 = PLANE ( 'NONE',  #1953 ) ;
#1916 = CARTESIAN_POINT ( 'NONE',  ( -6.645362379242963691, -10.00000000000000000, -21.90370721547782296 ) ) ;
#1917 = ORIENTED_EDGE ( 'NONE', *, *, #3004, .T. ) ;
#1918 = CARTESIAN_POINT ( 'NONE',  ( -1.775631072831839186, -10.00000000000000000, 37.00652820552347322 ) ) ;
#1919 = CARTESIAN_POINT ( 'NONE',  ( -8.224368927168168142, -0.9999999999999991118, 27.99347179447653389 ) ) ;
#1920 = EDGE_CURVE ( 'NONE', #450, #4115, #3881, .T. ) ;
#1921 = ORIENTED_EDGE ( 'NONE', *, *, #1130, .F. ) ;
#1922 = EDGE_LOOP ( 'NONE', ( #1594, #984, #4322, #89 ) ) ;
#1923 = LINE ( 'NONE', #66, #2618 ) ;
#1924 = EDGE_CURVE ( 'NONE', #4526, #3568, #1012, .T. ) ;
#1925 = ORIENTED_EDGE ( 'NONE', *, *, #156, .T. ) ;
#1926 = CARTESIAN_POINT ( 'NONE',  ( -6.578310240089471073, -0.9999999999999991118, -22.99999999999981171 ) ) ;
#1927 = CARTESIAN_POINT ( 'NONE',  ( -19.00000000000000000, -1.000000000000000000, -0.000000000000000000 ) ) ;
#1928 = EDGE_CURVE ( 'NONE', #4503, #2089, #4358, .T. ) ;
#1929 = DIRECTION ( 'NONE',  ( 0.000000000000000000, 1.000000000000000000, -0.000000000000000000 ) ) ;
#1930 = EDGE_LOOP ( 'NONE', ( #1813, #4634, #3777, #1733 ) ) ;
#1931 = LINE ( 'NONE', #3791, #2360 ) ;
#1932 = EDGE_LOOP ( 'NONE', ( #464, #2730, #152, #656 ) ) ;
#1933 = EDGE_CURVE ( 'NONE', #4489, #262, #4008, .T. ) ;
#1934 = VERTEX_POINT ( 'NONE', #3646 ) ;
#1935 = CARTESIAN_POINT ( 'NONE',  ( -10.00000000000000178, 0.000000000000000000, 0.000000000000000000 ) ) ;
#1936 = VECTOR ( 'NONE', #90, 1000.000000000000000 ) ;
#1937 = DIRECTION ( 'NONE',  ( -2.036881348616828083E-16, 0.000000000000000000, 1.000000000000000000 ) ) ;
#1938 = EDGE_CURVE ( 'NONE', #3047, #1050, #2862, .T. ) ;
#1939 = VECTOR ( 'NONE', #4541, 1000.000000000000000 ) ;
#1940 = DIRECTION ( 'NONE',  ( 0.000000000000000000, -1.000000000000000000, 0.000000000000000000 ) ) ;
#1941 = DIRECTION ( 'NONE',  ( 0.000000000000000000, 1.000000000000000000, 0.000000000000000000 ) ) ;
#1942 = PLANE ( 'NONE',  #1266 ) ;
#1943 = VECTOR ( 'NONE', #2639, 1000.000000000000000 ) ;
#1944 = ORIENTED_EDGE ( 'NONE', *, *, #1552, .T. ) ;
#1945 = VECTOR ( 'NONE', #1153, 1000.000000000000000 ) ;
#1946 = ORIENTED_EDGE ( 'NONE', *, *, #2228, .F. ) ;
#1947 = DIRECTION ( 'NONE',  ( 0.000000000000000000, 1.000000000000000000, 0.000000000000000000 ) ) ;
#1948 = CARTESIAN_POINT ( 'NONE',  ( 12.92931211289799442, -10.00000000000000000, -1.001708526524977216 ) ) ;
#1949 = VERTEX_POINT ( 'NONE', #2498 ) ;
#1950 = EDGE_CURVE ( 'NONE', #4088, #78, #728, .T. ) ;
#1951 =( NAMED_UNIT ( * ) SI_UNIT ( $, .STERADIAN. ) SOLID_ANGLE_UNIT ( ) );
#1952 = FACE_BOUND ( 'NONE', #3551, .T. ) ;
#1953 = AXIS2_PLACEMENT_3D ( 'NONE', #1251, #1937, #2692 ) ;
#1954 = LINE ( 'NONE', #4188, #2623 ) ;
#1955 = EDGE_LOOP ( 'NONE', ( #599, #355, #1034, #420 ) ) ;
#1956 = CARTESIAN_POINT ( 'NONE',  ( 0.8256953720314850198, -3.000000000000000000, -13.49999999999999822 ) ) ;
#1957 = ORIENTED_EDGE ( 'NONE', *, *, #3978, .T. ) ;
#1958 = ORIENTED_EDGE ( 'NONE', *, *, #3133, .F. ) ;
#1959 = CARTESIAN_POINT ( 'NONE',  ( 6.291820713518296415, -10.00000000000000000, -4.000000000000000000 ) ) ;
#1960 = DIRECTION ( 'NONE',  ( 0.6018150231520440485, -0.000000000000000000, 0.7986355100472961599 ) ) ;
#1961 = ORIENTED_EDGE ( 'NONE', *, *, #2961, .F. ) ;
#1962 = VECTOR ( 'NONE', #787, 1000.000000000000000 ) ;
#1963 = EDGE_CURVE ( 'NONE', #2667, #2861, #4325, .T. ) ;
#1964 = CARTESIAN_POINT ( 'NONE',  ( -7.797029150424228838, -10.00000000000000000, 21.00652820552346256 ) ) ;
#1965 = DIRECTION ( 'NONE',  ( -0.9426414910921793178, 0.000000000000000000, 0.3338068592337682938 ) ) ;
#1966 = DIRECTION ( 'NONE',  ( -6.892772199665726237E-17, 0.000000000000000000, 1.000000000000000000 ) ) ;
#1967 = VERTEX_POINT ( 'NONE', #1085 ) ;
#1968 = VECTOR ( 'NONE', #3817, 999.9999999999998863 ) ;
#1969 = ORIENTED_EDGE ( 'NONE', *, *, #4657, .F. ) ;
#1970 = CARTESIAN_POINT ( 'NONE',  ( -7.797029150424228838, -0.9999999999999991118, 21.00652820552346256 ) ) ;
#1971 = CARTESIAN_POINT ( 'NONE',  ( 16.21259128878628530, -0.9999999999999991118, -3.475836847133733976 ) ) ;
#1972 = ORIENTED_EDGE ( 'NONE', *, *, #1297, .F. ) ;
#1973 = FACE_OUTER_BOUND ( 'NONE', #4466, .T. ) ;
#1974 = CARTESIAN_POINT ( 'NONE',  ( -19.00000000000000000, -10.00000000000000000, -32.50000000000000000 ) ) ;
#1975 = DIRECTION ( 'NONE',  ( 0.06104853953485003121, 0.000000000000000000, -0.9981347984218673641 ) ) ;
#1976 = EDGE_LOOP ( 'NONE', ( #1435, #1562, #1154, #559 ) ) ;
#1977 = DIRECTION ( 'NONE',  ( 0.000000000000000000, 1.000000000000000000, 0.000000000000000000 ) ) ;
#1978 = EDGE_LOOP ( 'NONE', ( #64, #3447, #1889, #4545 ) ) ;
#1979 = EDGE_CURVE ( 'NONE', #16, #1328, #392, .T. ) ;
#1980 = FACE_BOUND ( 'NONE', #3387, .T. ) ;
#1981 = EDGE_CURVE ( 'NONE', #4436, #338, #7, .T. ) ;
#1982 = VECTOR ( 'NONE', #2418, 999.9999999999998863 ) ;
#1983 = DIRECTION ( 'NONE',  ( 0.000000000000000000, -1.000000000000000000, 0.000000000000000000 ) ) ;
#1984 = AXIS2_PLACEMENT_3D ( 'NONE', #3336, #871, #895 ) ;
#1985 = ORIENTED_EDGE ( 'NONE', *, *, #4113, .F. ) ;
#1986 = DIRECTION ( 'NONE',  ( -1.000000000000000000, 0.000000000000000000, 0.000000000000000000 ) ) ;
#1987 = LINE ( 'NONE', #4474, #4383 ) ;
#1988 = CARTESIAN_POINT ( 'NONE',  ( 8.261456028412359487, -0.9999999999999991118, -4.519190384286056350 ) ) ;
#1989 = VERTEX_POINT ( 'NONE', #1483 ) ;
#1990 = ORIENTED_EDGE ( 'NONE', *, *, #3620, .F. ) ;
#1991 = CARTESIAN_POINT ( 'NONE',  ( -14.97186607185890139, -0.6400000000000000133, 29.34755210571891482 ) ) ;
#1992 = DIRECTION ( 'NONE',  ( 0.000000000000000000, 0.000000000000000000, 1.000000000000000000 ) ) ;
#1993 = ORIENTED_EDGE ( 'NONE', *, *, #3453, .F. ) ;
#1994 = LINE ( 'NONE', #1286, #2585 ) ;
#1995 = DIRECTION ( 'NONE',  ( 0.000000000000000000, 1.000000000000000000, 0.000000000000000000 ) ) ;
#1996 = EDGE_CURVE ( 'NONE', #3225, #1424, #4387, .T. ) ;
#1997 = CARTESIAN_POINT ( 'NONE',  ( 0.000000000000000000, -1.000000000000000000, 32.50000000000000000 ) ) ;
#1998 = CIRCLE ( 'NONE', #3403, 1.449999999999999956 ) ;
#1999 = ORIENTED_EDGE ( 'NONE', *, *, #4596, .T. ) ;
#2000 = ADVANCED_FACE ( 'NONE', ( #1133 ), #2949, .F. ) ;
#2001 = CARTESIAN_POINT ( 'NONE',  ( -1.224368927168166810, -10.00000000000000000, 27.99347179447653389 ) ) ;
#2002 = CARTESIAN_POINT ( 'NONE',  ( 9.548273171980190099, -0.9999999999999991118, 30.42827841314496240 ) ) ;
#2003 = ORIENTED_EDGE ( 'NONE', *, *, #750, .F. ) ;
#2004 = EDGE_CURVE ( 'NONE', #4267, #2276, #4669, .T. ) ;
#2005 = ADVANCED_FACE ( 'NONE', ( #4313 ), #775, .F. ) ;
#2006 = LINE ( 'NONE', #2404, #1711 ) ;
#2007 = CARTESIAN_POINT ( 'NONE',  ( 6.628307619941712581, -10.00000000000000000, 22.18255006523297723 ) ) ;
#2008 = DIRECTION ( 'NONE',  ( -1.000000000000000000, 0.000000000000000000, 0.000000000000000000 ) ) ;
#2009 = CIRCLE ( 'NONE', #3229, 2.500000000000000444 ) ;
#2010 = EDGE_LOOP ( 'NONE', ( #3082, #4259, #3949, #2689 ) ) ;
#2011 = VERTEX_POINT ( 'NONE', #2210 ) ;
#2012 = LINE ( 'NONE', #237, #1410 ) ;
#2013 = ORIENTED_EDGE ( 'NONE', *, *, #2494, .F. ) ;
#2014 = PLANE ( 'NONE',  #41 ) ;
#2016 = VECTOR ( 'NONE', #2029, 1000.000000000000114 ) ;
#2015 = VECTOR ( 'NONE', #1880, 999.9999999999998863 ) ;
#2017 = AXIS2_PLACEMENT_3D ( 'NONE', #399, #2574, #758 ) ;
#2018 = CARTESIAN_POINT ( 'NONE',  ( 14.56338862746446061, -0.9999999999999991118, 23.48838831627882584 ) ) ;
#2019 = VECTOR ( 'NONE', #3757, 1000.000000000000000 ) ;
#2020 = ORIENTED_EDGE ( 'NONE', *, *, #891, .F. ) ;
#2021 = DIRECTION ( 'NONE',  ( 1.000000000000000000, -0.000000000000000000, -0.000000000000000000 ) ) ;
#2022 = VECTOR ( 'NONE', #3117, 1000.000000000000114 ) ;
#2023 = MANIFOLD_SOLID_BREP ( 'Boss-Extrude3', #172 ) ;
#2024 = DIRECTION ( 'NONE',  ( -0.000000000000000000, 0.000000000000000000, 1.000000000000000000 ) ) ;
#2025 = FACE_OUTER_BOUND ( 'NONE', #1978, .T. ) ;
#2026 = ORIENTED_EDGE ( 'NONE', *, *, #2523, .F. ) ;
#2027 = FACE_OUTER_BOUND ( 'NONE', #1847, .T. ) ;
#2028 = CIRCLE ( 'NONE', #4699, 8.000000000000181188 ) ;
#2029 = DIRECTION ( 'NONE',  ( 0.06104853953485295248, 0.000000000000000000, -0.9981347984218672531 ) ) ;
#2030 = DIRECTION ( 'NONE',  ( 0.000000000000000000, 1.000000000000000000, 0.000000000000000000 ) ) ;
#2031 = PLANE ( 'NONE',  #1646 ) ;
#2032 = VERTEX_POINT ( 'NONE', #1838 ) ;
#2033 = ORIENTED_EDGE ( 'NONE', *, *, #3027, .F. ) ;
#2034 = CARTESIAN_POINT ( 'NONE',  ( 0.8256953720314850198, -3.000000000000000000, -13.49999999999999822 ) ) ;
#2035 = EDGE_CURVE ( 'NONE', #1663, #360, #1509, .T. ) ;
#2036 = DIRECTION ( 'NONE',  ( 1.000000000000000000, 0.000000000000000000, 0.000000000000000000 ) ) ;
#2037 = ORIENTED_EDGE ( 'NONE', *, *, #3321, .F. ) ;
#2038 = LINE ( 'NONE', #4551, #165 ) ;
#2039 = FACE_BOUND ( 'NONE', #3561, .T. ) ;
#2040 = ADVANCED_FACE ( 'NONE', ( #4437 ), #2352, .F. ) ;
#2041 = EDGE_CURVE ( 'NONE', #2669, #378, #3961, .T. ) ;
#2042 = CARTESIAN_POINT ( 'NONE',  ( 5.220423904620727917, -10.00000000000000000, 23.00000000000000355 ) ) ;
#2043 = ORIENTED_EDGE ( 'NONE', *, *, #443, .F. ) ;
#2044 = LINE ( 'NONE', #2735, #43 ) ;
#2045 = VECTOR ( 'NONE', #2110, 1000.000000000000000 ) ;
#2046 = LINE ( 'NONE', #1674, #2190 ) ;
#2047 = CARTESIAN_POINT ( 'NONE',  ( -9.320512243876331482, -0.9999999999999991118, 21.83460644818817187 ) ) ;
#2048 = ORIENTED_EDGE ( 'NONE', *, *, #368, .T. ) ;
#2049 = CARTESIAN_POINT ( 'NONE',  ( -0.7970291504242298375, -0.9999999999999991118, 21.00652820552346256 ) ) ;
#2050 = CARTESIAN_POINT ( 'NONE',  ( -5.919144549989834882E-15, -0.6400000000000000133, -23.00000000000000355 ) ) ;
#2051 = LINE ( 'NONE', #285, #1271 ) ;
#2052 = DIRECTION ( 'NONE',  ( 0.000000000000000000, 1.000000000000000000, -0.000000000000000000 ) ) ;
#2053 = EDGE_LOOP ( 'NONE', ( #3048, #1273, #3322, #4440 ) ) ;
#2054 = VECTOR ( 'NONE', #3166, 1000.000000000000000 ) ;
#2055 = ORIENTED_EDGE ( 'NONE', *, *, #2645, .T. ) ;
#2056 = DIRECTION ( 'NONE',  ( -0.06104853953485293860, -0.000000000000000000, 0.9981347984218672531 ) ) ;
#2057 = DIRECTION ( 'NONE',  ( 1.000000000000000000, 0.000000000000000000, 0.000000000000000000 ) ) ;
#2058 = ORIENTED_EDGE ( 'NONE', *, *, #1963, .T. ) ;
#2059 = DIRECTION ( 'NONE',  ( 0.000000000000000000, 1.000000000000000000, 0.000000000000000000 ) ) ;
#2060 = CARTESIAN_POINT ( 'NONE',  ( 0.000000000000000000, -1.000000000000000000, 0.000000000000000000 ) ) ;
#2061 = ORIENTED_EDGE ( 'NONE', *, *, #1981, .T. ) ;
#2062 = EDGE_CURVE ( 'NONE', #631, #880, #854, .T. ) ;
#2063 = EDGE_CURVE ( 'NONE', #2952, #4584, #1931, .T. ) ;
#2064 = LINE ( 'NONE', #2778, #2543 ) ;
#2065 = LINE ( 'NONE', #2830, #2496 ) ;
#2066 = VERTEX_POINT ( 'NONE', #1179 ) ;
#2067 =( LENGTH_UNIT ( ) NAMED_UNIT ( * ) SI_UNIT ( .MILLI., .METRE. ) );
#2068 = EDGE_CURVE ( 'NONE', #3598, #4499, #3358, .T. ) ;
#2069 = ORIENTED_EDGE ( 'NONE', *, *, #1111, .F. ) ;
#2070 = DIRECTION ( 'NONE',  ( 0.06104853953485316065, 0.000000000000000000, -0.9981347984218672531 ) ) ;
#2071 = CYLINDRICAL_SURFACE ( 'NONE', #2630, 8.000000000000181188 ) ;
#2072 = EDGE_CURVE ( 'NONE', #3060, #239, #3719, .T. ) ;
#2073 = ORIENTED_EDGE ( 'NONE', *, *, #605, .F. ) ;
#2074 = DIRECTION ( 'NONE',  ( 0.000000000000000000, 0.000000000000000000, -1.000000000000000000 ) ) ;
#2075 = DIRECTION ( 'NONE',  ( 0.000000000000000000, 0.000000000000000000, 1.000000000000000000 ) ) ;
#2076 = CARTESIAN_POINT ( 'NONE',  ( -7.681935248344220923, -10.00000000000000000, -4.955890615225188256 ) ) ;
#2077 = CARTESIAN_POINT ( 'NONE',  ( 7.681935248344225364, -10.00000000000000000, 4.955890615225124307 ) ) ;
#2078 = ORIENTED_EDGE ( 'NONE', *, *, #3231, .T. ) ;
#2079 = ORIENTED_EDGE ( 'NONE', *, *, #1302, .T. ) ;
#2080 = FACE_OUTER_BOUND ( 'NONE', #2268, .T. ) ;
#2081 = VERTEX_POINT ( 'NONE', #3069 ) ;
#2082 = CARTESIAN_POINT ( 'NONE',  ( 0.000000000000000000, 0.000000000000000000, -32.50000000000000000 ) ) ;
#2083 = FACE_BOUND ( 'NONE', #843, .T. ) ;
#2084 = VECTOR ( 'NONE', #3893, 1000.000000000000000 ) ;
#2085 = VERTEX_POINT ( 'NONE', #2259 ) ;
#2086 = AXIS2_PLACEMENT_3D ( 'NONE', #3507, #636, #2162 ) ;
#2087 = FACE_OUTER_BOUND ( 'NONE', #4315, .T. ) ;
#2088 = PLANE ( 'NONE',  #2113 ) ;
#2089 = VERTEX_POINT ( 'NONE', #915 ) ;
#2090 = DIRECTION ( 'NONE',  ( 0.000000000000000000, 1.000000000000000000, 0.000000000000000000 ) ) ;
#2091 = VECTOR ( 'NONE', #1573, 1000.000000000000000 ) ;
#2092 = AXIS2_PLACEMENT_3D ( 'NONE', #4319, #1370, #2766 ) ;
#2093 = VECTOR ( 'NONE', #1406, 1000.000000000000000 ) ;
#2094 = VECTOR ( 'NONE', #1395, 1000.000000000000000 ) ;
#2095 = ORIENTED_EDGE ( 'NONE', *, *, #557, .F. ) ;
#2096 = PLANE ( 'NONE',  #1140 ) ;
#2097 = DIRECTION ( 'NONE',  ( -0.06104853953485284146, 0.000000000000000000, 0.9981347984218672531 ) ) ;
#2098 = ORIENTED_EDGE ( 'NONE', *, *, #2663, .F. ) ;
#2099 = CARTESIAN_POINT ( 'NONE',  ( 6.578310240089229488, -10.00000000000000000, 22.99999999999687006 ) ) ;
#2100 = DIRECTION ( 'NONE',  ( 0.000000000000000000, 1.000000000000000000, 0.000000000000000000 ) ) ;
#2101 = DIRECTION ( 'NONE',  ( -0.7283709698823984668, 0.000000000000000000, 0.6851829903263612076 ) ) ;
#2102 = EDGE_CURVE ( 'NONE', #2196, #2283, #2688, .T. ) ;
#2103 = ORIENTED_EDGE ( 'NONE', *, *, #4200, .T. ) ;
#2104 = FILL_AREA_STYLE ('',( #3562 ) ) ;
#2105 = EDGE_LOOP ( 'NONE', ( #3594, #1366, #427, #617, #4336, #496 ) ) ;
#2106 = DIRECTION ( 'NONE',  ( 0.000000000000000000, -1.000000000000000000, 0.000000000000000000 ) ) ;
#2107 = CARTESIAN_POINT ( 'NONE',  ( -8.261456028412363040, -0.9999999999999991118, 4.519190384286107864 ) ) ;
#2108 = ORIENTED_EDGE ( 'NONE', *, *, #184, .T. ) ;
#2109 = CARTESIAN_POINT ( 'NONE',  ( -9.202970849575789813, -10.00000000000000000, 43.99347179447654099 ) ) ;
#2110 = DIRECTION ( 'NONE',  ( 0.000000000000000000, 1.000000000000000000, 0.000000000000000000 ) ) ;
#2111 = ORIENTED_EDGE ( 'NONE', *, *, #1393, .T. ) ;
#2112 = CARTESIAN_POINT ( 'NONE',  ( 0.000000000000000000, -0.6400000000000000133, 0.000000000000000000 ) ) ;
#2113 = AXIS2_PLACEMENT_3D ( 'NONE', #1408, #1359, #2445 ) ;
#2114 = ORIENTED_EDGE ( 'NONE', *, *, #1002, .F. ) ;
#2115 = CARTESIAN_POINT ( 'NONE',  ( -6.578310240089519922, -10.00000000000000000, -30.99999999999999289 ) ) ;
#2116 = CARTESIAN_POINT ( 'NONE',  ( -6.578310240089378702, -10.00000000000000000, -22.99999999999995026 ) ) ;
#2117 = EDGE_CURVE ( 'NONE', #1298, #1449, #1158, .T. ) ;
#2118 = ORIENTED_EDGE ( 'NONE', *, *, #4611, .F. ) ;
#2119 = EDGE_CURVE ( 'NONE', #1486, #1502, #2973, .T. ) ;
#2120 = EDGE_CURVE ( 'NONE', #3524, #3521, #560, .T. ) ;
#2121 = DIRECTION ( 'NONE',  ( 0.7986355100472961599, 0.000000000000000000, -0.6018150231520439375 ) ) ;
#2122 = CARTESIAN_POINT ( 'NONE',  ( -6.578310240089519922, -0.9999999999999991118, -30.99999999999999289 ) ) ;
#2123 = CARTESIAN_POINT ( 'NONE',  ( 15.80614170435593735, -10.00000000000000000, 3.169555116623649305 ) ) ;
#2124 = EDGE_LOOP ( 'NONE', ( #4082, #1579, #533, #3852 ) ) ;
#2125 = EDGE_LOOP ( 'NONE', ( #3679, #3885 ) ) ;
#2126 = CARTESIAN_POINT ( 'NONE',  ( 17.44176566317134558, -0.9999999999999991118, -23.57266022325602606 ) ) ;
#2127 = CARTESIAN_POINT ( 'NONE',  ( 0.000000000000000000, -0.6400000000000000133, 32.50000000000000000 ) ) ;
#2128 = VECTOR ( 'NONE', #4053, 1000.000000000000114 ) ;
#2129 = EDGE_CURVE ( 'NONE', #1453, #4573, #75, .T. ) ;
#2130 = VECTOR ( 'NONE', #1886, 1000.000000000000000 ) ;
#2131 = ORIENTED_EDGE ( 'NONE', *, *, #3736, .T. ) ;
#2132 = DIRECTION ( 'NONE',  ( -0.7986355100472961599, -0.000000000000000000, 0.6018150231520438265 ) ) ;
#2133 = CARTESIAN_POINT ( 'NONE',  ( 19.00000000000000000, -0.6400000000000000133, 32.50000000000000000 ) ) ;
#2134 = PLANE ( 'NONE',  #1071 ) ;
#2135 = ORIENTED_EDGE ( 'NONE', *, *, #332, .T. ) ;
#2136 = ADVANCED_FACE ( 'NONE', ( #1909 ), #3363, .T. ) ;
#2137 = AXIS2_PLACEMENT_3D ( 'NONE', #3129, #598, #2036 ) ;
#2138 = VERTEX_POINT ( 'NONE', #100 ) ;
#2139 = CARTESIAN_POINT ( 'NONE',  ( -16.06815885638107488, -0.9999999999999991118, 28.18215855390708668 ) ) ;
#2140 = CARTESIAN_POINT ( 'NONE',  ( 0.000000000000000000, -1.000000000000000000, 65.00000000000000000 ) ) ;
#2141 = ORIENTED_EDGE ( 'NONE', *, *, #802, .T. ) ;
#2142 = EDGE_CURVE ( 'NONE', #1544, #3595, #4488, .T. ) ;
#2143 = ADVANCED_FACE ( 'NONE', ( #1555 ), #3745, .T. ) ;
#2144 = LINE ( 'NONE', #3599, #1893 ) ;
#2145 = DIRECTION ( 'NONE',  ( 0.3338068592337682938, 0.000000000000000000, 0.9426414910921793178 ) ) ;
#2146 = ADVANCED_FACE ( 'NONE', ( #849 ), #4145, .F. ) ;
#2147 = ORIENTED_EDGE ( 'NONE', *, *, #2777, .T. ) ;
#2148 = CARTESIAN_POINT ( 'NONE',  ( 9.333267306181616263, -0.9999999999999991118, -22.04314987346826626 ) ) ;
#2149 = APPLICATION_PROTOCOL_DEFINITION ( 'draft international standard', 'automotive_design', 1998, #1665 ) ;
#2150 = ORIENTED_EDGE ( 'NONE', *, *, #557, .T. ) ;
#2151 = CARTESIAN_POINT ( 'NONE',  ( -6.291820713518380792, -10.00000000000000000, 4.000000000000000000 ) ) ;
#2152 = CARTESIAN_POINT ( 'NONE',  ( -5.479968827431126677, -10.00000000000000000, -23.00000000000000355 ) ) ;
#2153 = ORIENTED_EDGE ( 'NONE', *, *, #3584, .F. ) ;
#2154 = CARTESIAN_POINT ( 'NONE',  ( 6.628307619941712581, -0.9999999999999991118, 22.18255006523297723 ) ) ;
#2155 = CARTESIAN_POINT ( 'NONE',  ( -9.320512243876331482, -0.9999999999999991118, 21.83460644818817187 ) ) ;
#2156 = FACE_OUTER_BOUND ( 'NONE', #3506, .T. ) ;
#2157 = VERTEX_POINT ( 'NONE', #3384 ) ;
#2158 = EDGE_CURVE ( 'NONE', #4144, #514, #1248, .T. ) ;
#2159 = AXIS2_PLACEMENT_3D ( 'NONE', #2942, #723, #1454 ) ;
#2160 = EDGE_CURVE ( 'NONE', #1124, #3728, #1304, .T. ) ;
#2161 = MANIFOLD_SOLID_BREP ( 'Cut-Extrude1', #3435 ) ;
#2162 = DIRECTION ( 'NONE',  ( 0.000000000000000000, 0.000000000000000000, -1.000000000000000000 ) ) ;
#2163 = ORIENTED_EDGE ( 'NONE', *, *, #333, .T. ) ;
#2164 = CARTESIAN_POINT ( 'NONE',  ( 0.8256953720314850198, -3.000000000000000000, -10.99999999999999822 ) ) ;
#2165 = CARTESIAN_POINT ( 'NONE',  ( -15.94036921313058563, -0.6400000000000000133, -0.9749547472411157489 ) ) ;
#2167 = AXIS2_PLACEMENT_3D ( 'NONE', #3864, #4291, #1346 ) ;
#2166 = VECTOR ( 'NONE', #1647, 1000.000000000000114 ) ;
#2168 = ORIENTED_EDGE ( 'NONE', *, *, #467, .T. ) ;
#2169 = FACE_OUTER_BOUND ( 'NONE', #4705, .T. ) ;
#2170 = CARTESIAN_POINT ( 'NONE',  ( -16.06815885638107488, -0.9999999999999991118, 28.18215855390708668 ) ) ;
#2171 = AXIS2_PLACEMENT_3D ( 'NONE', #540, #2311, #919 ) ;
#2172 = ORIENTED_EDGE ( 'NONE', *, *, #1963, .F. ) ;
#2173 = LINE ( 'NONE', #380, #197 ) ;
#2174 = APPLICATION_PROTOCOL_DEFINITION ( 'draft international standard', 'automotive_design', 1998, #4433 ) ;
#2175 = ORIENTED_EDGE ( 'NONE', *, *, #4192, .T. ) ;
#2176 = CARTESIAN_POINT ( 'NONE',  ( -6.578310240089519922, -0.9999999999999991118, -30.99999999999999289 ) ) ;
#2177 = CARTESIAN_POINT ( 'NONE',  ( 12.92931211289799442, -10.00000000000000000, 1.001708526524975662 ) ) ;
#2178 = ORIENTED_EDGE ( 'NONE', *, *, #1475, .F. ) ;
#2179 = EDGE_CURVE ( 'NONE', #920, #3867, #1650, .T. ) ;
#2180 = CARTESIAN_POINT ( 'NONE',  ( -8.775631072831838964, -0.9999999999999991118, 37.00652820552347322 ) ) ;
#2181 = DIRECTION ( 'NONE',  ( 0.000000000000000000, 0.000000000000000000, 1.000000000000000000 ) ) ;
#2182 = EDGE_CURVE ( 'NONE', #3060, #2355, #3114, .T. ) ;
#2183 = AXIS2_PLACEMENT_3D ( 'NONE', #3427, #3401, #119 ) ;
#2184 =( LENGTH_UNIT ( ) NAMED_UNIT ( * ) SI_UNIT ( .MILLI., .METRE. ) );
#2185 = DIRECTION ( 'NONE',  ( -0.7986355100472962709, 0.000000000000000000, -0.6018150231520437154 ) ) ;
#2186 = VECTOR ( 'NONE', #2222, 1000.000000000000114 ) ;
#2187 = CARTESIAN_POINT ( 'NONE',  ( -9.320512243876331482, -0.6399999999999999023, 21.83460644818817187 ) ) ;
#2188 = EDGE_LOOP ( 'NONE', ( #3366, #3917, #2055, #2937 ) ) ;
#2189 = DIRECTION ( 'NONE',  ( 0.000000000000000000, 0.000000000000000000, 1.000000000000000000 ) ) ;
#2190 = VECTOR ( 'NONE', #4577, 1000.000000000000000 ) ;
#2191 = VERTEX_POINT ( 'NONE', #200 ) ;
#2192 = DIRECTION ( 'NONE',  ( -0.7986355100472962709, 0.000000000000000000, -0.6018150231520437154 ) ) ;
#2193 = DIRECTION ( 'NONE',  ( 0.000000000000000000, 1.000000000000000000, 0.000000000000000000 ) ) ;
#2194 = ORIENTED_EDGE ( 'NONE', *, *, #2761, .T. ) ;
#2195 = DIRECTION ( 'NONE',  ( -0.9981347984218672531, 0.000000000000000000, -0.06104853953485284146 ) ) ;
#2196 = VERTEX_POINT ( 'NONE', #3136 ) ;
#2197 = LINE ( 'NONE', #4063, #2186 ) ;
#2198 = DIRECTION ( 'NONE',  ( 0.06104853953485300799, 0.000000000000000000, -0.9981347984218672531 ) ) ;
#2199 = ORIENTED_EDGE ( 'NONE', *, *, #242, .F. ) ;
#2200 = ORIENTED_EDGE ( 'NONE', *, *, #184, .F. ) ;
#2201 = CARTESIAN_POINT ( 'NONE',  ( 0.000000000000000000, -0.6400000000000000133, 27.99347179447653389 ) ) ;
#2202 = DIRECTION ( 'NONE',  ( -0.06104853953485293860, 0.000000000000000000, 0.9981347984218672531 ) ) ;
#2203 = CIRCLE ( 'NONE', #375, 2.500000000000000444 ) ;
#2204 = LINE ( 'NONE', #4097, #3480 ) ;
#2205 = CARTESIAN_POINT ( 'NONE',  ( -0.8256953720314832434, -3.000000000000000000, 13.50000000000000178 ) ) ;
#2206 = VECTOR ( 'NONE', #3731, 1000.000000000000000 ) ;
#2207 = EDGE_CURVE ( 'NONE', #2081, #2669, #4623, .T. ) ;
#2208 = DIRECTION ( 'NONE',  ( 0.000000000000000000, 1.000000000000000000, -0.000000000000000000 ) ) ;
#2209 = ORIENTED_EDGE ( 'NONE', *, *, #2555, .T. ) ;
#2210 = CARTESIAN_POINT ( 'NONE',  ( -12.61499475594644792, -0.6400000000000000133, -28.24961332442812179 ) ) ;
#2211 = DIRECTION ( 'NONE',  ( 0.000000000000000000, 1.000000000000000000, -0.000000000000000000 ) ) ;
#2212 = EDGE_CURVE ( 'NONE', #4148, #4436, #4592, .T. ) ;
#2213 = EDGE_LOOP ( 'NONE', ( #3287, #3433, #2801, #4394 ) ) ;
#2214 = LINE ( 'NONE', #28, #3003 ) ;
#2215 = EDGE_CURVE ( 'NONE', #3385, #1009, #2044, .T. ) ;
#2216 = CARTESIAN_POINT ( 'NONE',  ( 0.8256953720314850198, -4.000000000000000000, -13.49999999999999822 ) ) ;
#2217 = ORIENTED_EDGE ( 'NONE', *, *, #2575, .T. ) ;
#2218 = FACE_BOUND ( 'NONE', #3954, .T. ) ;
#2219 = VECTOR ( 'NONE', #3947, 1000.000000000000000 ) ;
#2220 = APPLICATION_PROTOCOL_DEFINITION ( 'draft international standard', 'automotive_design', 1998, #4670 ) ;
#2221 = ORIENTED_EDGE ( 'NONE', *, *, #2349, .F. ) ;
#2222 = DIRECTION ( 'NONE',  ( 0.3338068592337683493, -0.000000000000000000, 0.9426414910921793178 ) ) ;
#2223 = CARTESIAN_POINT ( 'NONE',  ( -6.578310240089519922, -10.00000000000000000, -30.99999999999999289 ) ) ;
#2224 = ORIENTED_EDGE ( 'NONE', *, *, #4365, .T. ) ;
#2225 = VERTEX_POINT ( 'NONE', #2447 ) ;
#2226 = DIRECTION ( 'NONE',  ( 0.9205048534524415960, -0.000000000000000000, 0.3907311284892708292 ) ) ;
#2227 = DIRECTION ( 'NONE',  ( 0.000000000000000000, 1.000000000000000000, -0.000000000000000000 ) ) ;
#2228 = EDGE_CURVE ( 'NONE', #3806, #2713, #3903, .T. ) ;
#2229 = PLANE ( 'NONE',  #978 ) ;
#2230 = DIRECTION ( 'NONE',  ( 0.000000000000000000, 1.000000000000000000, -0.000000000000000000 ) ) ;
#2231 = DIRECTION ( 'NONE',  ( -1.000000000000000000, 0.000000000000000000, -0.000000000000000000 ) ) ;
#2232 = VERTEX_POINT ( 'NONE', #3880 ) ;
#2233 = DIRECTION ( 'NONE',  ( 0.000000000000000000, 1.000000000000000000, 0.000000000000000000 ) ) ;
#2234 = CARTESIAN_POINT ( 'NONE',  ( 10.45482207421827248, -0.9999999999999991118, -31.00000000000000000 ) ) ;
#2235 = ORIENTED_EDGE ( 'NONE', *, *, #2557, .T. ) ;
#2236 = ORIENTED_EDGE ( 'NONE', *, *, #2472, .T. ) ;
#2237 = EDGE_CURVE ( 'NONE', #3021, #401, #1361, .T. ) ;
#2238 = VECTOR ( 'NONE', #3821, 1000.000000000000227 ) ;
#2239 = DIRECTION ( 'NONE',  ( -0.7986355100472917190, 0.000000000000000000, 0.6018150231520498217 ) ) ;
#2240 = ADVANCED_FACE ( 'NONE', ( #2377 ), #1388, .F. ) ;
#2241 = DIRECTION ( 'NONE',  ( -0.06104853953485284146, 0.000000000000000000, 0.9981347984218672531 ) ) ;
#2242 = VECTOR ( 'NONE', #2963, 999.9999999999998863 ) ;
#2243 = AXIS2_PLACEMENT_3D ( 'NONE', #3582, #4243, #4655 ) ;
#2244 = DIRECTION ( 'NONE',  ( 0.000000000000000000, 1.000000000000000000, 0.000000000000000000 ) ) ;
#2245 = EDGE_LOOP ( 'NONE', ( #1958, #194, #4232, #441, #1227, #2989 ) ) ;
#2246 = VECTOR ( 'NONE', #3319, 1000.000000000000000 ) ;
#2247 = LINE ( 'NONE', #3708, #3409 ) ;
#2248 = DIRECTION ( 'NONE',  ( 1.000000000000000000, -0.000000000000000000, 6.892772199665726237E-17 ) ) ;
#2249 = EDGE_CURVE ( 'NONE', #236, #3601, #652, .T. ) ;
#2250 = ORIENTED_EDGE ( 'NONE', *, *, #2470, .F. ) ;
#2251 = EDGE_LOOP ( 'NONE', ( #288, #3927, #1095, #370 ) ) ;
#2252 = DIRECTION ( 'NONE',  ( 0.000000000000000000, 1.000000000000000000, -0.000000000000000000 ) ) ;
#2253 = DIRECTION ( 'NONE',  ( 0.000000000000000000, 0.000000000000000000, 1.000000000000000000 ) ) ;
#2254 = VERTEX_POINT ( 'NONE', #3549 ) ;
#2255 = LINE ( 'NONE', #4072, #1624 ) ;
#2256 = DIRECTION ( 'NONE',  ( 1.000000000000000000, -0.000000000000000000, 0.000000000000000000 ) ) ;
#2257 = DIRECTION ( 'NONE',  ( 1.000000000000000000, 0.000000000000000000, -4.073762697233657151E-16 ) ) ;
#2258 = ORIENTED_EDGE ( 'NONE', *, *, #1996, .T. ) ;
#2259 = CARTESIAN_POINT ( 'NONE',  ( 12.94143175556461145, -0.6399999999999999023, -30.54345262782842596 ) ) ;
#2260 = ORIENTED_EDGE ( 'NONE', *, *, #1693, .F. ) ;
#2261 = ORIENTED_EDGE ( 'NONE', *, *, #2207, .T. ) ;
#2262 = LINE ( 'NONE', #3388, #986 ) ;
#2263 = EDGE_CURVE ( 'NONE', #2868, #4171, #2781, .T. ) ;
#2264 = FACE_OUTER_BOUND ( 'NONE', #4428, .T. ) ;
#2265 = EDGE_CURVE ( 'NONE', #625, #3521, #2832, .T. ) ;
#2266 = AXIS2_PLACEMENT_3D ( 'NONE', #2925, #2593, #3243 ) ;
#2267 = DIRECTION ( 'NONE',  ( -0.06104853953485316065, 0.000000000000000000, 0.9981347984218672531 ) ) ;
#2268 = EDGE_LOOP ( 'NONE', ( #2273, #2308, #2897, #4445 ) ) ;
#2269 = PLANE ( 'NONE',  #2545 ) ;
#2270 = CARTESIAN_POINT ( 'NONE',  ( 0.000000000000000000, -1.000000000000000000, 0.000000000000000000 ) ) ;
#2271 = ADVANCED_FACE ( 'NONE', ( #3479 ), #3932, .F. ) ;
#2272 = ORIENTED_EDGE ( 'NONE', *, *, #1753, .F. ) ;
#2273 = ORIENTED_EDGE ( 'NONE', *, *, #4432, .F. ) ;
#2274 = CARTESIAN_POINT ( 'NONE',  ( 16.00000000000000355, -10.00000000000000000, 29.50000000000000355 ) ) ;
#2275 = CARTESIAN_POINT ( 'NONE',  ( -8.224368927168168142, -0.9999999999999991118, 27.99347179447653389 ) ) ;
#2276 = VERTEX_POINT ( 'NONE', #3572 ) ;
#2277 = FILL_AREA_STYLE_COLOUR ( '', #1432 ) ;
#2278 = LINE ( 'NONE', #2300, #660 ) ;
#2279 = ADVANCED_FACE ( 'NONE', ( #3216 ), #680, .F. ) ;
#2280 = DIRECTION ( 'NONE',  ( -0.000000000000000000, -0.000000000000000000, -1.000000000000000000 ) ) ;
#2281 = EDGE_LOOP ( 'NONE', ( #3518, #3310, #881, #914, #1719, #1005 ) ) ;
#2282 = CARTESIAN_POINT ( 'NONE',  ( 10.45482207421837906, -0.9999999999999991118, -24.00000000000104095 ) ) ;
#2283 = VERTEX_POINT ( 'NONE', #1255 ) ;
#2284 =( GEOMETRIC_REPRESENTATION_CONTEXT ( 3 ) GLOBAL_UNCERTAINTY_ASSIGNED_CONTEXT ( ( #2556 ) ) GLOBAL_UNIT_ASSIGNED_CONTEXT ( ( #2067, #1743, #1293 ) ) REPRESENTATION_CONTEXT ( 'NONE', 'WORKASPACE' ) );
#2285 = VECTOR ( 'NONE', #791, 1000.000000000000114 ) ;
#2286 = ORIENTED_EDGE ( 'NONE', *, *, #864, .F. ) ;
#2287 = DIRECTION ( 'NONE',  ( 0.000000000000000000, -1.000000000000000000, 0.000000000000000000 ) ) ;
#2288 = LINE ( 'NONE', #2672, #587 ) ;
#2289 = ADVANCED_FACE ( 'NONE', ( #494 ), #4158, .F. ) ;
#2290 = DIRECTION ( 'NONE',  ( 0.000000000000000000, 1.000000000000000000, 0.000000000000000000 ) ) ;
#2291 = DIRECTION ( 'NONE',  ( 0.000000000000000000, 0.000000000000000000, 1.000000000000000000 ) ) ;
#2292 = CARTESIAN_POINT ( 'NONE',  ( 19.00000000000000000, -1.000000000000000000, -32.50000000000000000 ) ) ;
#2293 = ADVANCED_FACE ( 'NONE', ( #1633 ), #1279, .F. ) ;
#2294 = ORIENTED_EDGE ( 'NONE', *, *, #2597, .F. ) ;
#2295 = VERTEX_POINT ( 'NONE', #2722 ) ;
#2296 = DIRECTION ( 'NONE',  ( -0.06104853953485293860, 0.000000000000000000, 0.9981347984218672531 ) ) ;
#2297 = CARTESIAN_POINT ( 'NONE',  ( 0.8256953720314850198, -3.000000000000000000, -13.49999999999999822 ) ) ;
#2298 = VERTEX_POINT ( 'NONE', #213 ) ;
#2299 = CARTESIAN_POINT ( 'NONE',  ( 11.37146240934107055, -0.9999999999999991118, -30.93972409365286325 ) ) ;
#2300 = CARTESIAN_POINT ( 'NONE',  ( -12.92931211289798377, -10.00000000000000000, 1.001708526524982767 ) ) ;
#2301 = PLANE ( 'NONE',  #2473 ) ;
#2302 = VERTEX_POINT ( 'NONE', #1988 ) ;
#2303 = DIRECTION ( 'NONE',  ( -0.000000000000000000, -1.000000000000000000, -0.000000000000000000 ) ) ;
#2304 = EDGE_CURVE ( 'NONE', #1043, #2196, #3421, .T. ) ;
#2305 = ORIENTED_EDGE ( 'NONE', *, *, #3614, .T. ) ;
#2306 = ADVANCED_FACE ( 'NONE', ( #3781 ), #2031, .F. ) ;
#2307 = ORIENTED_EDGE ( 'NONE', *, *, #2427, .T. ) ;
#2308 = ORIENTED_EDGE ( 'NONE', *, *, #3133, .T. ) ;
#2309 = DIRECTION ( 'NONE',  ( 0.000000000000000000, 1.000000000000000000, 0.000000000000000000 ) ) ;
#2310 = PRESENTATION_LAYER_ASSIGNMENT (  '', '', ( #348 ) ) ;
#2311 = DIRECTION ( 'NONE',  ( 0.9981347984218674751, -0.000000000000000000, 0.06104853953484814383 ) ) ;
#2312 = ORIENTED_EDGE ( 'NONE', *, *, #3201, .T. ) ;
#2313 = CIRCLE ( 'NONE', #2086, 1.449999999999999956 ) ;
#2314 = PLANE ( 'NONE',  #277 ) ;
#2315 = CARTESIAN_POINT ( 'NONE',  ( 5.220423904620727917, -10.00000000000000000, 23.00000000000000355 ) ) ;
#2316 = CARTESIAN_POINT ( 'NONE',  ( -6.291820713518381680, -0.9999999999999991118, -4.000000000000000000 ) ) ;
#2317 = AXIS2_PLACEMENT_3D ( 'NONE', #1175, #2969, #2945 ) ;
#2318 = VECTOR ( 'NONE', #1301, 1000.000000000000114 ) ;
#2319 = ORIENTED_EDGE ( 'NONE', *, *, #1888, .F. ) ;
#2320 = VECTOR ( 'NONE', #792, 1000.000000000000000 ) ;
#2321 = ORIENTED_EDGE ( 'NONE', *, *, #1297, .T. ) ;
#2322 = CARTESIAN_POINT ( 'NONE',  ( -14.56338862746445351, -10.00000000000000000, -23.48838831627882229 ) ) ;
#2323 = DIRECTION ( 'NONE',  ( 0.000000000000000000, 1.000000000000000000, 0.000000000000000000 ) ) ;
#2324 = VERTEX_POINT ( 'NONE', #2365 ) ;
#2325 = CARTESIAN_POINT ( 'NONE',  ( 19.00000000000000000, -1.000000000000000000, 32.50000000000000000 ) ) ;
#2326 = CARTESIAN_POINT ( 'NONE',  ( 19.00000000000000000, -10.00000000000000000, -32.50000000000000000 ) ) ;
#2327 = VECTOR ( 'NONE', #1748, 1000.000000000000000 ) ;
#2328 = EDGE_CURVE ( 'NONE', #4463, #2726, #4519, .T. ) ;
#2329 = EDGE_CURVE ( 'NONE', #4028, #3445, #1614, .T. ) ;
#2330 = CARTESIAN_POINT ( 'NONE',  ( -9.202970849575789813, -10.00000000000000000, 43.99347179447654099 ) ) ;
#2331 = VERTEX_POINT ( 'NONE', #3801 ) ;
#2332 = DIRECTION ( 'NONE',  ( 0.000000000000000000, 1.000000000000000000, 0.000000000000000000 ) ) ;
#2333 = ORIENTED_EDGE ( 'NONE', *, *, #1551, .F. ) ;
#2334 = DIRECTION ( 'NONE',  ( 0.000000000000000000, 0.000000000000000000, -1.000000000000000000 ) ) ;
#2335 = LINE ( 'NONE', #3749, #1049 ) ;
#2336 = EDGE_LOOP ( 'NONE', ( #1754, #2131, #1917, #1356, #1523, #618 ) ) ;
#2337 = AXIS2_PLACEMENT_3D ( 'NONE', #4089, #2938, #4016 ) ;
#2338 = CARTESIAN_POINT ( 'NONE',  ( 16.00000000000000355, -4.000000000000000000, 29.50000000000000355 ) ) ;
#2339 = CARTESIAN_POINT ( 'NONE',  ( -1.090230481730506185, -0.6400000000000000133, 0.3860708619198585656 ) ) ;
#2340 = CARTESIAN_POINT ( 'NONE',  ( 6.291820713518296415, -10.00000000000000000, 4.000000000000000888 ) ) ;
#2341 = EDGE_LOOP ( 'NONE', ( #4622, #3783, #183, #1029 ) ) ;
#2342 = CIRCLE ( 'NONE', #1593, 8.000000000000181188 ) ;
#2343 = ORIENTED_EDGE ( 'NONE', *, *, #1578, .T. ) ;
#2344 = LINE ( 'NONE', #1525, #118 ) ;
#2345 = CARTESIAN_POINT ( 'NONE',  ( 0.000000000000000000, -0.6400000000000000133, 37.00652820552347322 ) ) ;
#2346 = EDGE_LOOP ( 'NONE', ( #4031, #54, #4250, #112, #4616, #74 ) ) ;
#2347 = LINE ( 'NONE', #2731, #1607 ) ;
#2348 = CARTESIAN_POINT ( 'NONE',  ( 0.000000000000000000, -0.6400000000000000133, 65.00000000000000000 ) ) ;
#2349 = EDGE_CURVE ( 'NONE', #4118, #2389, #164, .T. ) ;
#2350 = CARTESIAN_POINT ( 'NONE',  ( -6.578310240089519922, -0.9999999999999991118, -30.99999999999999289 ) ) ;
#2351 = VERTEX_POINT ( 'NONE', #3056 ) ;
#2352 = PLANE ( 'NONE',  #1984 ) ;
#2353 = ADVANCED_FACE ( 'NONE', ( #1657 ), #188, .F. ) ;
#2354 = EDGE_CURVE ( 'NONE', #2232, #40, #3823, .T. ) ;
#2355 = VERTEX_POINT ( 'NONE', #2292 ) ;
#2356 = CARTESIAN_POINT ( 'NONE',  ( 9.333267306181616263, -0.9999999999999991118, -22.04314987346826626 ) ) ;
#2357 = EDGE_CURVE ( 'NONE', #3187, #850, #3752, .T. ) ;
#2358 = VECTOR ( 'NONE', #4251, 1000.000000000000114 ) ;
#2359 = DIRECTION ( 'NONE',  ( 1.000000000000000000, 0.000000000000000000, 2.036881348616828083E-16 ) ) ;
#2360 = VECTOR ( 'NONE', #3022, 1000.000000000000000 ) ;
#2361 = AXIS2_PLACEMENT_3D ( 'NONE', #2177, #1451, #788 ) ;
#2362 = ORIENTED_EDGE ( 'NONE', *, *, #2357, .T. ) ;
#2363 = DIRECTION ( 'NONE',  ( 0.000000000000000000, 1.000000000000000000, -0.000000000000000000 ) ) ;
#2364 = CARTESIAN_POINT ( 'NONE',  ( 6.628307619941712581, -10.00000000000000000, 22.18255006523297723 ) ) ;
#2365 = CARTESIAN_POINT ( 'NONE',  ( 10.45482207421827248, -10.00000000000000000, -31.00000000000000000 ) ) ;
#2366 = UNCERTAINTY_MEASURE_WITH_UNIT (LENGTH_MEASURE( 1.000000000000000082E-05 ), #1399, 'distance_accuracy_value', 'NONE');
#2367 = ORIENTED_EDGE ( 'NONE', *, *, #3429, .T. ) ;
#2368 = ORIENTED_EDGE ( 'NONE', *, *, #1104, .T. ) ;
#2369 = CARTESIAN_POINT ( 'NONE',  ( 0.000000000000000000, -0.6400000000000000133, 0.000000000000000000 ) ) ;
#2370 = DIRECTION ( 'NONE',  ( 1.000000000000000000, 0.000000000000000000, 0.000000000000000000 ) ) ;
#2371 = VERTEX_POINT ( 'NONE', #2386 ) ;
#2372 = CARTESIAN_POINT ( 'NONE',  ( -6.578310240089519922, -10.00000000000000000, -30.99999999999999289 ) ) ;
#2373 = CARTESIAN_POINT ( 'NONE',  ( -19.00000000000000000, -0.6400000000000000133, -32.50000000000000000 ) ) ;
#2374 = ADVANCED_FACE ( 'NONE', ( #4112 ), #1942, .F. ) ;
#2375 = CARTESIAN_POINT ( 'NONE',  ( -12.92931211289798377, -0.9999999999999991118, 1.001708526524982767 ) ) ;
#2376 = ORIENTED_EDGE ( 'NONE', *, *, #1776, .F. ) ;
#2377 = FACE_OUTER_BOUND ( 'NONE', #3918, .T. ) ;
#2378 = DIRECTION ( 'NONE',  ( 0.000000000000000000, 0.000000000000000000, 1.000000000000000000 ) ) ;
#2379 = CARTESIAN_POINT ( 'NONE',  ( -7.681935248344220923, -0.6399999999999999023, -4.955890615225188256 ) ) ;
#2380 = EDGE_CURVE ( 'NONE', #1949, #2225, #945, .T. ) ;
#2381 = ORIENTED_EDGE ( 'NONE', *, *, #3831, .T. ) ;
#2382 = PRODUCT_DEFINITION_SHAPE ( 'NONE', 'NONE',  #388 ) ;
#2383 = EDGE_CURVE ( 'NONE', #4707, #2960, #2653, .T. ) ;
#2384 = LINE ( 'NONE', #1677, #1864 ) ;
#2385 = FACE_OUTER_BOUND ( 'NONE', #2780, .T. ) ;
#2386 = CARTESIAN_POINT ( 'NONE',  ( -8.224368927168168142, -0.9999999999999991118, 27.99347179447653389 ) ) ;
#2387 = AXIS2_PLACEMENT_3D ( 'NONE', #1809, #4045, #4138 ) ;
#2388 = ORIENTED_EDGE ( 'NONE', *, *, #4245, .T. ) ;
#2389 = VERTEX_POINT ( 'NONE', #3034 ) ;
#2390 = DIRECTION ( 'NONE',  ( -0.06104853953485016305, 0.000000000000000000, 0.9981347984218673641 ) ) ;
#2391 = ORIENTED_EDGE ( 'NONE', *, *, #3904, .F. ) ;
#2392 = CYLINDRICAL_SURFACE ( 'NONE', #1380, 1.449999999999999956 ) ;
#2393 = DIRECTION ( 'NONE',  ( -0.7986355100472919410, 0.000000000000000000, 0.6018150231520494886 ) ) ;
#2394 = AXIS2_PLACEMENT_3D ( 'NONE', #2455, #3888, #1678 ) ;
#2395 = VECTOR ( 'NONE', #1048, 1000.000000000000000 ) ;
#2396 = PLANE ( 'NONE',  #4458 ) ;
#2397 = ORIENTED_EDGE ( 'NONE', *, *, #1404, .T. ) ;
#2398 = CARTESIAN_POINT ( 'NONE',  ( -10.45482207421827603, -0.9999999999999991118, 31.00000000000000355 ) ) ;
#2399 = AXIS2_PLACEMENT_3D ( 'NONE', #3705, #2622, #444 ) ;
#2400 = SHAPE_REPRESENTATION ( 'led-segment-p4', ( #3619 ), #359 ) ;
#2401 = DIRECTION ( 'NONE',  ( 0.000000000000000000, 1.000000000000000000, -0.000000000000000000 ) ) ;
#2402 = DIRECTION ( 'NONE',  ( -1.000000000000000000, 0.000000000000000000, -0.000000000000000000 ) ) ;
#2403 = ORIENTED_EDGE ( 'NONE', *, *, #602, .T. ) ;
#2404 = CARTESIAN_POINT ( 'NONE',  ( 0.000000000000000000, -0.6400000000000000133, 0.000000000000000000 ) ) ;
#2405 =( GEOMETRIC_REPRESENTATION_CONTEXT ( 3 ) GLOBAL_UNCERTAINTY_ASSIGNED_CONTEXT ( ( #4135 ) ) GLOBAL_UNIT_ASSIGNED_CONTEXT ( ( #2184, #1263, #1951 ) ) REPRESENTATION_CONTEXT ( 'NONE', 'WORKASPACE' ) );
#2406 = CARTESIAN_POINT ( 'NONE',  ( -4.201303336261426935, -0.6400000000000000133, -5.575317836442255981 ) ) ;
#2407 = CARTESIAN_POINT ( 'NONE',  ( -12.61499475594644437, -10.00000000000000000, -28.24961332442811823 ) ) ;
#2408 = DIRECTION ( 'NONE',  ( 0.000000000000000000, -1.000000000000000000, 0.000000000000000000 ) ) ;
#2409 = EDGE_CURVE ( 'NONE', #4274, #1219, #4498, .T. ) ;
#2411 = EDGE_CURVE ( 'NONE', #2981, #4489, #4134, .T. ) ;
#2410 = VECTOR ( 'NONE', #3326, 1000.000000000000000 ) ;
#2412 = APPLICATION_CONTEXT ( 'automotive_design' ) ;
#2413 = ORIENTED_EDGE ( 'NONE', *, *, #860, .T. ) ;
#2414 = ORIENTED_EDGE ( 'NONE', *, *, #2617, .T. ) ;
#2415 = DIRECTION ( 'NONE',  ( 0.000000000000000000, 1.000000000000000000, 0.000000000000000000 ) ) ;
#2416 = DIRECTION ( 'NONE',  ( 1.000000000000000000, 0.000000000000000000, 0.000000000000000000 ) ) ;
#2417 = VERTEX_POINT ( 'NONE', #2818 ) ;
#2418 = DIRECTION ( 'NONE',  ( -0.06104853953485300799, 0.000000000000000000, 0.9981347984218672531 ) ) ;
#2419 = FACE_BOUND ( 'NONE', #4678, .T. ) ;
#2420 = EDGE_CURVE ( 'NONE', #1663, #2952, #3146, .T. ) ;
#2421 = VECTOR ( 'NONE', #442, 1000.000000000000000 ) ;
#2422 = DIRECTION ( 'NONE',  ( 0.000000000000000000, 0.000000000000000000, 1.000000000000000000 ) ) ;
#2423 = EDGE_CURVE ( 'NONE', #2371, #1056, #4221, .T. ) ;
#2424 = DIRECTION ( 'NONE',  ( -0.3338068592337683493, 0.000000000000000000, -0.9426414910921793178 ) ) ;
#2425 = ORIENTED_EDGE ( 'NONE', *, *, #3816, .F. ) ;
#2426 = CARTESIAN_POINT ( 'NONE',  ( -10.00000000000000178, -1.000000000000000000, 0.000000000000000000 ) ) ;
#2427 = EDGE_CURVE ( 'NONE', #4573, #3335, #2867, .T. ) ;
#2428 = DIRECTION ( 'NONE',  ( 0.000000000000000000, 1.000000000000000000, 0.000000000000000000 ) ) ;
#2429 = LINE ( 'NONE', #988, #1423 ) ;
#2430 = ORIENTED_EDGE ( 'NONE', *, *, #2561, .F. ) ;
#2431 = CARTESIAN_POINT ( 'NONE',  ( 10.45482207421837906, -10.00000000000000000, -24.00000000000104095 ) ) ;
#2432 = FACE_OUTER_BOUND ( 'NONE', #3714, .T. ) ;
#2433 = FACE_OUTER_BOUND ( 'NONE', #1932, .T. ) ;
#2434 = CARTESIAN_POINT ( 'NONE',  ( -1.262866436142433529E-14, -0.6400000000000000133, -30.99999999999999645 ) ) ;
#2435 = VECTOR ( 'NONE', #749, 1000.000000000000114 ) ;
#2436 = EDGE_LOOP ( 'NONE', ( #2633, #1440, #3426, #4400 ) ) ;
#2437 = STYLED_ITEM ( 'NONE', ( #3668 ), #2023 ) ;
#2438 = ORIENTED_EDGE ( 'NONE', *, *, #1694, .T. ) ;
#2439 = PLANE ( 'NONE',  #4593 ) ;
#2440 = ORIENTED_EDGE ( 'NONE', *, *, #3736, .F. ) ;
#2441 = CYLINDRICAL_SURFACE ( 'NONE', #4261, 6.999999999998958167 ) ;
#2442 = CARTESIAN_POINT ( 'NONE',  ( -19.00000000000000000, -1.000000000000000000, 32.50000000000000000 ) ) ;
#2443 = ORIENTED_EDGE ( 'NONE', *, *, #2621, .F. ) ;
#2444 = DIRECTION ( 'NONE',  ( 0.000000000000000000, 1.000000000000000000, 0.000000000000000000 ) ) ;
#2445 = DIRECTION ( 'NONE',  ( 0.7283709698823982448, 0.000000000000000000, -0.6851829903263612076 ) ) ;
#2446 = ORIENTED_EDGE ( 'NONE', *, *, #3855, .F. ) ;
#2447 = CARTESIAN_POINT ( 'NONE',  ( -8.224219459354149109, -0.6400000000000000133, 23.00000000000000000 ) ) ;
#2448 = AXIS2_PLACEMENT_3D ( 'NONE', #4660, #1688, #2463 ) ;
#2449 = ORIENTED_EDGE ( 'NONE', *, *, #1511, .T. ) ;
#2450 = CARTESIAN_POINT ( 'NONE',  ( -19.00000000000000000, -0.6400000000000000133, -32.50000000000000000 ) ) ;
#2451 = DIRECTION ( 'NONE',  ( 0.000000000000000000, 0.000000000000000000, -1.000000000000000000 ) ) ;
#2452 = ADVANCED_FACE ( 'NONE', ( #1396 ), #3965, .F. ) ;
#2453 = ORIENTED_EDGE ( 'NONE', *, *, #2179, .T. ) ;
#2454 = CARTESIAN_POINT ( 'NONE',  ( -12.92931211289798377, -0.9999999999999991118, -1.001708526524981657 ) ) ;
#2455 = CARTESIAN_POINT ( 'NONE',  ( -10.45482207421827603, -10.00000000000000000, 31.00000000000000355 ) ) ;
#2456 = LINE ( 'NONE', #4292, #3776 ) ;
#2457 = CARTESIAN_POINT ( 'NONE',  ( 12.92931211289799442, -0.9999999999999991118, -1.001708526524977216 ) ) ;
#2458 = EDGE_LOOP ( 'NONE', ( #2578, #1878, #3245, #2111 ) ) ;
#2459 = ORIENTED_EDGE ( 'NONE', *, *, #106, .F. ) ;
#2460 = FACE_OUTER_BOUND ( 'NONE', #374, .T. ) ;
#2461 = EDGE_LOOP ( 'NONE', ( #128, #2965, #641, #3417, #1417, #1374 ) ) ;
#2462 = CARTESIAN_POINT ( 'NONE',  ( -8.775631072831838964, -10.00000000000000000, 37.00652820552347322 ) ) ;
#2463 = DIRECTION ( 'NONE',  ( 0.000000000000000000, 0.000000000000000000, 1.000000000000000000 ) ) ;
#2464 = VECTOR ( 'NONE', #4067, 1000.000000000000114 ) ;
#2465 = EDGE_LOOP ( 'NONE', ( #3824, #1775, #342, #1308 ) ) ;
#2466 = CARTESIAN_POINT ( 'NONE',  ( 7.681935248344225364, -10.00000000000000000, 4.955890615225124307 ) ) ;
#2467 = CARTESIAN_POINT ( 'NONE',  ( 9.333267306181616263, -10.00000000000000000, -22.04314987346826626 ) ) ;
#2468 = VERTEX_POINT ( 'NONE', #3890 ) ;
#2469 = SURFACE_STYLE_FILL_AREA ( #3456 ) ;
#2470 = EDGE_CURVE ( 'NONE', #451, #1223, #3124, .T. ) ;
#2471 = AXIS2_PLACEMENT_3D ( 'NONE', #4012, #350, #1114 ) ;
#2472 = EDGE_CURVE ( 'NONE', #4052, #3352, #666, .T. ) ;
#2473 = AXIS2_PLACEMENT_3D ( 'NONE', #4208, #955, #3112 ) ;
#2474 = VECTOR ( 'NONE', #3532, 1000.000000000000000 ) ;
#2475 = CIRCLE ( 'NONE', #435, 7.000000000000182965 ) ;
#2476 = ORIENTED_EDGE ( 'NONE', *, *, #4002, .T. ) ;
#2477 = DIRECTION ( 'NONE',  ( 0.000000000000000000, 1.000000000000000000, 0.000000000000000000 ) ) ;
#2478 = CARTESIAN_POINT ( 'NONE',  ( 8.007780573516589229, -0.9999999999999991118, 30.87125241406041809 ) ) ;
#2479 = EDGE_LOOP ( 'NONE', ( #2497, #497, #3160, #2388, #1508, #1703 ) ) ;
#2480 = LINE ( 'NONE', #2406, #3464 ) ;
#2481 = DIRECTION ( 'NONE',  ( 0.000000000000000000, 0.000000000000000000, 1.000000000000000000 ) ) ;
#2482 = CARTESIAN_POINT ( 'NONE',  ( -8.224368927168168142, -10.00000000000000000, 27.99347179447653389 ) ) ;
#2483 = ORIENTED_EDGE ( 'NONE', *, *, #2120, .T. ) ;
#2484 = DIRECTION ( 'NONE',  ( 0.000000000000000000, 1.000000000000000000, -0.000000000000000000 ) ) ;
#2485 = EDGE_LOOP ( 'NONE', ( #2037, #3820, #3474, #851 ) ) ;
#2486 = LINE ( 'NONE', #3946, #925 ) ;
#2487 = FACE_BOUND ( 'NONE', #3511, .T. ) ;
#2488 = ADVANCED_FACE ( 'NONE', ( #3915 ), #3941, .T. ) ;
#2489 = ORIENTED_EDGE ( 'NONE', *, *, #616, .F. ) ;
#2490 = FACE_OUTER_BOUND ( 'NONE', #3693, .T. ) ;
#2491 = FACE_OUTER_BOUND ( 'NONE', #3825, .T. ) ;
#2492 = DIRECTION ( 'NONE',  ( 0.000000000000000000, 0.000000000000000000, -1.000000000000000000 ) ) ;
#2493 = VERTEX_POINT ( 'NONE', #2077 ) ;
#2494 = EDGE_CURVE ( 'NONE', #4579, #1869, #1752, .T. ) ;
#2495 = AXIS2_PLACEMENT_3D ( 'NONE', #180, #3072, #104 ) ;
#2496 = VECTOR ( 'NONE', #4283, 1000.000000000000000 ) ;
#2497 = ORIENTED_EDGE ( 'NONE', *, *, #2657, .T. ) ;
#2498 = CARTESIAN_POINT ( 'NONE',  ( -8.224219459354149109, -0.9999999999999991118, 23.00000000000000000 ) ) ;
#2499 = EDGE_CURVE ( 'NONE', #3267, #4144, #3866, .T. ) ;
#2500 = CARTESIAN_POINT ( 'NONE',  ( -5.479968827431126677, -0.9999999999999991118, -23.00000000000000355 ) ) ;
#2501 = ORIENTED_EDGE ( 'NONE', *, *, #2349, .T. ) ;
#2502 = PLANE ( 'NONE',  #2167 ) ;
#2503 = CARTESIAN_POINT ( 'NONE',  ( 0.000000000000000000, -1.000000000000000000, 0.000000000000000000 ) ) ;
#2504 = DIRECTION ( 'NONE',  ( 0.000000000000000000, 1.000000000000000000, 0.000000000000000000 ) ) ;
#2505 = VERTEX_POINT ( 'NONE', #3559 ) ;
#2506 = DIRECTION ( 'NONE',  ( 0.06104853953485289003, 0.000000000000000000, -0.9981347984218672531 ) ) ;
#2507 = ORIENTED_EDGE ( 'NONE', *, *, #3260, .T. ) ;
#2508 = CARTESIAN_POINT ( 'NONE',  ( 12.92931211289799442, -10.00000000000000000, 1.001708526524975662 ) ) ;
#2509 = EDGE_CURVE ( 'NONE', #2196, #4028, #640, .T. ) ;
#2510 = PLANE ( 'NONE',  #182 ) ;
#2511 = CIRCLE ( 'NONE', #3963, 7.000000000000044409 ) ;
#2512 = ORIENTED_EDGE ( 'NONE', *, *, #3875, .F. ) ;
#2513 = CARTESIAN_POINT ( 'NONE',  ( -6.578310240089378702, -10.00000000000000000, -22.99999999999995026 ) ) ;
#2514 = DIRECTION ( 'NONE',  ( 0.9981347984218672531, -0.000000000000000000, 0.06104853953485295248 ) ) ;
#2515 = DIRECTION ( 'NONE',  ( 0.7986355100472919410, 0.000000000000000000, -0.6018150231520494886 ) ) ;
#2516 = LINE ( 'NONE', #933, #1115 ) ;
#2517 = ORIENTED_EDGE ( 'NONE', *, *, #1462, .T. ) ;
#2518 = SURFACE_STYLE_FILL_AREA ( #3596 ) ;
#2519 = DIRECTION ( 'NONE',  ( -0.6851829903263608745, 0.000000000000000000, -0.7283709698823985779 ) ) ;
#2520 = ORIENTED_EDGE ( 'NONE', *, *, #250, .F. ) ;
#2521 = CARTESIAN_POINT ( 'NONE',  ( 16.21259128878628530, -10.00000000000000000, -3.475836847133733976 ) ) ;
#2522 = CARTESIAN_POINT ( 'NONE',  ( 0.8256953720314853529, -4.000000000000000000, -16.10000000000000142 ) ) ;
#2523 = EDGE_CURVE ( 'NONE', #1223, #475, #890, .T. ) ;
#2524 = ADVANCED_FACE ( 'NONE', ( #1730 ), #3200, .F. ) ;
#2525 = ORIENTED_EDGE ( 'NONE', *, *, #2723, .F. ) ;
#2526 = CARTESIAN_POINT ( 'NONE',  ( 8.261456028412359487, -0.9999999999999991118, -4.519190384286056350 ) ) ;
#2527 = CONTEXT_DEPENDENT_SHAPE_REPRESENTATION ( #210, #3496 ) ;
#2528 = ORIENTED_EDGE ( 'NONE', *, *, #2531, .T. ) ;
#2529 = PLANE ( 'NONE',  #2564 ) ;
#2530 = DIRECTION ( 'NONE',  ( 0.000000000000000000, 1.000000000000000000, 0.000000000000000000 ) ) ;
#2531 = EDGE_CURVE ( 'NONE', #1518, #717, #203, .T. ) ;
#2532 = VERTEX_POINT ( 'NONE', #3224 ) ;
#2533 = FACE_BOUND ( 'NONE', #171, .T. ) ;
#2534 = CARTESIAN_POINT ( 'NONE',  ( -10.45482207421817300, -0.9999999999999991118, 23.99999999999997158 ) ) ;
#2535 = VECTOR ( 'NONE', #2056, 1000.000000000000000 ) ;
#2536 = LINE ( 'NONE', #1550, #4504 ) ;
#2537 = VECTOR ( 'NONE', #2244, 1000.000000000000000 ) ;
#2538 = LINE ( 'NONE', #4384, #4679 ) ;
#2539 = ORIENTED_EDGE ( 'NONE', *, *, #1928, .T. ) ;
#2540 = AXIS2_PLACEMENT_3D ( 'NONE', #4484, #4570, #2732 ) ;
#2541 = DIRECTION ( 'NONE',  ( 0.000000000000000000, 0.000000000000000000, 1.000000000000000000 ) ) ;
#2542 = VECTOR ( 'NONE', #4191, 999.9999999999998863 ) ;
#2543 = VECTOR ( 'NONE', #4571, 1000.000000000000000 ) ;
#2544 = ORIENTED_EDGE ( 'NONE', *, *, #891, .T. ) ;
#2545 = AXIS2_PLACEMENT_3D ( 'NONE', #857, #2291, #3394 ) ;
#2546 = CIRCLE ( 'NONE', #586, 6.999999999998958167 ) ;
#2547 = CARTESIAN_POINT ( 'NONE',  ( -8.224368927168168142, -0.9999999999999991118, 27.99347179447653389 ) ) ;
#2548 = CARTESIAN_POINT ( 'NONE',  ( -8.224219459354149109, -0.9999999999999991118, 23.00000000000000000 ) ) ;
#2549 = VECTOR ( 'NONE', #2718, 1000.000000000000114 ) ;
#2550 = ORIENTED_EDGE ( 'NONE', *, *, #1065, .T. ) ;
#2551 = SURFACE_SIDE_STYLE ('',( #4368 ) ) ;
#2552 = ORIENTED_EDGE ( 'NONE', *, *, #1938, .F. ) ;
#2553 = CARTESIAN_POINT ( 'NONE',  ( -1.775631072831839186, -10.00000000000000000, 37.00652820552347322 ) ) ;
#2554 = FACE_OUTER_BOUND ( 'NONE', #4478, .T. ) ;
#2555 = EDGE_CURVE ( 'NONE', #1683, #1702, #1422, .T. ) ;
#2556 = UNCERTAINTY_MEASURE_WITH_UNIT (LENGTH_MEASURE( 1.000000000000000082E-05 ), #2067, 'distance_accuracy_value', 'NONE');
#2557 = EDGE_CURVE ( 'NONE', #1424, #2996, #714, .T. ) ;
#2558 = ORIENTED_EDGE ( 'NONE', *, *, #2627, .T. ) ;
#2559 = CARTESIAN_POINT ( 'NONE',  ( -0.8256953720314832434, -1.000000000000000000, 13.50000000000000178 ) ) ;
#2560 = CARTESIAN_POINT ( 'NONE',  ( -10.45482207421817300, -10.00000000000000000, 23.99999999999997158 ) ) ;
#2561 = EDGE_CURVE ( 'NONE', #1206, #1411, #1680, .T. ) ;
#2562 = DIRECTION ( 'NONE',  ( 0.000000000000000000, 1.000000000000000000, 0.000000000000000000 ) ) ;
#2563 = CARTESIAN_POINT ( 'NONE',  ( -9.320512243876331482, -10.00000000000000000, 21.83460644818817187 ) ) ;
#2564 = AXIS2_PLACEMENT_3D ( 'NONE', #2602, #1874, #2914 ) ;
#2565 =( REPRESENTATION_RELATIONSHIP ('NONE','NONE', #837, #2400 ) REPRESENTATION_RELATIONSHIP_WITH_TRANSFORMATION ( #785 )SHAPE_REPRESENTATION_RELATIONSHIP( ) );
#2566 = EDGE_CURVE ( 'NONE', #279, #1206, #259, .T. ) ;
#2567 = DIRECTION ( 'NONE',  ( -0.000000000000000000, -1.000000000000000000, -0.000000000000000000 ) ) ;
#2568 = ORIENTED_EDGE ( 'NONE', *, *, #2472, .F. ) ;
#2569 = CARTESIAN_POINT ( 'NONE',  ( -8.224368927168168142, -10.00000000000000000, 27.99347179447653389 ) ) ;
#2570 = PLANE ( 'NONE',  #1460 ) ;
#2571 = VECTOR ( 'NONE', #4210, 1000.000000000000000 ) ;
#2572 = ORIENTED_EDGE ( 'NONE', *, *, #3925, .F. ) ;
#2573 = DIRECTION ( 'NONE',  ( 0.7986355100472962709, 0.000000000000000000, 0.6018150231520437154 ) ) ;
#2574 = DIRECTION ( 'NONE',  ( 0.9981347984218674751, -0.000000000000000000, 0.06104853953484814383 ) ) ;
#2575 = EDGE_CURVE ( 'NONE', #2687, #3738, #4378, .T. ) ;
#2576 = VERTEX_POINT ( 'NONE', #734 ) ;
#2577 = DIRECTION ( 'NONE',  ( 0.06104853953485003121, -0.000000000000000000, -0.9981347984218673641 ) ) ;
#2578 = ORIENTED_EDGE ( 'NONE', *, *, #1324, .F. ) ;
#2579 = DIRECTION ( 'NONE',  ( 0.000000000000000000, 0.000000000000000000, 1.000000000000000000 ) ) ;
#2580 = CARTESIAN_POINT ( 'NONE',  ( 6.578310240089521699, -0.6400000000000000133, 31.00000000000000711 ) ) ;
#2581 = ORIENTED_EDGE ( 'NONE', *, *, #3857, .T. ) ;
#2582 = ORIENTED_EDGE ( 'NONE', *, *, #3173, .F. ) ;
#2583 = CARTESIAN_POINT ( 'NONE',  ( 6.291820713518296415, -10.00000000000000000, -4.000000000000000000 ) ) ;
#2584 = CARTESIAN_POINT ( 'NONE',  ( 8.007780573516589229, -0.9999999999999991118, 30.87125241406041809 ) ) ;
#2585 = VECTOR ( 'NONE', #1026, 1000.000000000000000 ) ;
#2586 = DIRECTION ( 'NONE',  ( 0.000000000000000000, 0.000000000000000000, 1.000000000000000000 ) ) ;
#2587 = AXIS2_PLACEMENT_3D ( 'NONE', #825, #3766, #534 ) ;
#2588 = CARTESIAN_POINT ( 'NONE',  ( -4.201303336261422494, -0.6400000000000000133, -5.575317836442254205 ) ) ;
#2589 = CIRCLE ( 'NONE', #2741, 7.000000000000044409 ) ;
#2590 = ADVANCED_FACE ( 'NONE', ( #1468 ), #4341, .F. ) ;
#2591 = PLANE ( 'NONE',  #3617 ) ;
#2592 = ORIENTED_EDGE ( 'NONE', *, *, #2979, .T. ) ;
#2593 = DIRECTION ( 'NONE',  ( -0.000000000000000000, -1.000000000000000000, -0.000000000000000000 ) ) ;
#2594 = PLANE ( 'NONE',  #2896 ) ;
#2595 = ORIENTED_EDGE ( 'NONE', *, *, #3504, .F. ) ;
#2596 = CARTESIAN_POINT ( 'NONE',  ( 0.000000000000000000, -1.000000000000000000, 0.000000000000000000 ) ) ;
#2597 = EDGE_CURVE ( 'NONE', #3867, #3568, #1514, .T. ) ;
#2598 = CARTESIAN_POINT ( 'NONE',  ( -19.00000000000000000, 0.000000000000000000, -0.000000000000000000 ) ) ;
#2599 = CYLINDRICAL_SURFACE ( 'NONE', #886, 6.999999999998958167 ) ;
#2600 = VECTOR ( 'NONE', #721, 1000.000000000000000 ) ;
#2601 = ORIENTED_EDGE ( 'NONE', *, *, #2711, .T. ) ;
#2602 = CARTESIAN_POINT ( 'NONE',  ( -8.224219459354149109, -10.00000000000000000, 23.00000000000000000 ) ) ;
#2603 = CARTESIAN_POINT ( 'NONE',  ( 6.291820713518296415, -10.00000000000000000, 4.000000000000000888 ) ) ;
#2604 = EDGE_LOOP ( 'NONE', ( #3902, #6, #1641, #3204 ) ) ;
#2605 = ORIENTED_EDGE ( 'NONE', *, *, #826, .T. ) ;
#2606 = PLANE ( 'NONE',  #1636 ) ;
#2607 = DIRECTION ( 'NONE',  ( 0.000000000000000000, 0.000000000000000000, -1.000000000000000000 ) ) ;
#2608 = ORIENTED_EDGE ( 'NONE', *, *, #826, .F. ) ;
#2609 = DIRECTION ( 'NONE',  ( -0.7986355100472960489, 0.000000000000000000, 0.6018150231520439375 ) ) ;
#2610 = DIRECTION ( 'NONE',  ( -0.7986355100472919410, 0.000000000000000000, 0.6018150231520494886 ) ) ;
#2611 = ADVANCED_FACE ( 'NONE', ( #3675 ), #4415, .F. ) ;
#2612 = CARTESIAN_POINT ( 'NONE',  ( -6.291820713518380792, -10.00000000000000000, 4.000000000000000000 ) ) ;
#2613 = EDGE_LOOP ( 'NONE', ( #155, #1969, #4299, #3258 ) ) ;
#2614 = CARTESIAN_POINT ( 'NONE',  ( -10.45482207421820675, -0.9999999999999991118, 23.99999999999981881 ) ) ;
#2615 = FACE_BOUND ( 'NONE', #224, .T. ) ;
#2616 = ORIENTED_EDGE ( 'NONE', *, *, #3584, .T. ) ;
#2617 = EDGE_CURVE ( 'NONE', #248, #1206, #1843, .T. ) ;
#2618 = VECTOR ( 'NONE', #2296, 1000.000000000000114 ) ;
#2619 = ORIENTED_EDGE ( 'NONE', *, *, #2884, .F. ) ;
#2620 = CARTESIAN_POINT ( 'NONE',  ( 0.000000000000000000, -1.000000000000000000, 0.000000000000000000 ) ) ;
#2621 = EDGE_CURVE ( 'NONE', #2831, #4103, #805, .T. ) ;
#2622 = DIRECTION ( 'NONE',  ( 0.000000000000000000, 1.000000000000000000, -0.000000000000000000 ) ) ;
#2624 = VECTOR ( 'NONE', #2573, 1000.000000000000000 ) ;
#2623 = VECTOR ( 'NONE', #3404, 1000.000000000000000 ) ;
#2625 = VECTOR ( 'NONE', #234, 1000.000000000000000 ) ;
#2626 = VECTOR ( 'NONE', #1241, 1000.000000000000000 ) ;
#2627 = EDGE_CURVE ( 'NONE', #564, #4487, #9, .T. ) ;
#2628 = PLANE ( 'NONE',  #4294 ) ;
#2629 = ORIENTED_EDGE ( 'NONE', *, *, #1385, .T. ) ;
#2630 = AXIS2_PLACEMENT_3D ( 'NONE', #3482, #3526, #227 ) ;
#2631 = CARTESIAN_POINT ( 'NONE',  ( 11.37146240934107055, -10.00000000000000000, -30.93972409365286325 ) ) ;
#2632 = DIRECTION ( 'NONE',  ( 0.000000000000000000, 1.000000000000000000, 0.000000000000000000 ) ) ;
#2633 = ORIENTED_EDGE ( 'NONE', *, *, #1176, .F. ) ;
#2634 = ORIENTED_EDGE ( 'NONE', *, *, #1490, .T. ) ;
#2635 = CARTESIAN_POINT ( 'NONE',  ( -2.598456867477995758, -0.6400000000000000133, 0.9201618366938889571 ) ) ;
#2636 = LINE ( 'NONE', #499, #4003 ) ;
#2637 = ORIENTED_EDGE ( 'NONE', *, *, #1694, .F. ) ;
#2638 = DIRECTION ( 'NONE',  ( -0.6018150231520494886, 0.000000000000000000, -0.7986355100472919410 ) ) ;
#2639 = DIRECTION ( 'NONE',  ( 0.000000000000000000, 1.000000000000000000, 0.000000000000000000 ) ) ;
#2640 = STYLED_ITEM ( 'NONE', ( #1102 ), #510 ) ;
#2641 = LINE ( 'NONE', #2375, #1118 ) ;
#2642 = ORIENTED_EDGE ( 'NONE', *, *, #1898, .T. ) ;
#2643 = CARTESIAN_POINT ( 'NONE',  ( -9.202970849575789813, -10.00000000000000000, 43.99347179447654099 ) ) ;
#2644 = ORIENTED_EDGE ( 'NONE', *, *, #3172, .T. ) ;
#2645 = EDGE_CURVE ( 'NONE', #2837, #3026, #3984, .T. ) ;
#2646 = EDGE_LOOP ( 'NONE', ( #4127, #3211, #1350, #1205 ) ) ;
#2647 = EDGE_CURVE ( 'NONE', #347, #487, #1866, .T. ) ;
#2648 = EDGE_CURVE ( 'NONE', #3538, #3021, #1797, .T. ) ;
#2649 = CARTESIAN_POINT ( 'NONE',  ( 11.59999999999999964, -10.00000000000000000, 0.000000000000000000 ) ) ;
#2650 = DIRECTION ( 'NONE',  ( 0.7986355100472961599, 0.000000000000000000, -0.6018150231520438265 ) ) ;
#2651 = CARTESIAN_POINT ( 'NONE',  ( 17.44176566317134558, -10.00000000000000000, -23.57266022325602606 ) ) ;
#2652 = FACE_OUTER_BOUND ( 'NONE', #676, .T. ) ;
#2653 = LINE ( 'NONE', #139, #4601 ) ;
#2654 = ORIENTED_EDGE ( 'NONE', *, *, #1436, .F. ) ;
#2655 = ORIENTED_EDGE ( 'NONE', *, *, #92, .T. ) ;
#2656 = DIRECTION ( 'NONE',  ( 0.000000000000000000, 1.000000000000000000, 0.000000000000000000 ) ) ;
#2657 = EDGE_CURVE ( 'NONE', #2996, #2505, #3293, .T. ) ;
#2658 = FACE_OUTER_BOUND ( 'NONE', #2924, .T. ) ;
#2659 = ORIENTED_EDGE ( 'NONE', *, *, #1821, .T. ) ;
#2660 =( REPRESENTATION_RELATIONSHIP ('NONE','NONE', #837, #3071 ) REPRESENTATION_RELATIONSHIP_WITH_TRANSFORMATION ( #2844 )SHAPE_REPRESENTATION_RELATIONSHIP( ) );
#2661 = PLANE ( 'NONE',  #1210 ) ;
#2662 = CARTESIAN_POINT ( 'NONE',  ( -8.224368927168168142, -10.00000000000000000, 27.99347179447653389 ) ) ;
#2663 = EDGE_CURVE ( 'NONE', #1702, #3806, #4467, .T. ) ;
#2664 = FACE_OUTER_BOUND ( 'NONE', #703, .T. ) ;
#2665 = VERTEX_POINT ( 'NONE', #782 ) ;
#2666 = DIRECTION ( 'NONE',  ( 0.7986355100472917190, 0.000000000000000000, 0.6018150231520497107 ) ) ;
#2667 = VERTEX_POINT ( 'NONE', #1138 ) ;
#2668 = AXIS2_PLACEMENT_3D ( 'NONE', #2282, #511, #3814 ) ;
#2669 = VERTEX_POINT ( 'NONE', #3600 ) ;
#2670 = ORIENTED_EDGE ( 'NONE', *, *, #443, .T. ) ;
#2671 = LINE ( 'NONE', #2356, #1968 ) ;
#2672 = CARTESIAN_POINT ( 'NONE',  ( 8.001249483932832973, -0.9999999999999991118, -23.00000000000000711 ) ) ;
#2673 = LINE ( 'NONE', #3369, #31 ) ;
#2674 = CARTESIAN_POINT ( 'NONE',  ( -11.44960120413460736, -10.00000000000000000, -29.34590610895029883 ) ) ;
#2675 = EDGE_CURVE ( 'NONE', #2532, #3595, #3247, .T. ) ;
#2676 = DIRECTION ( 'NONE',  ( 0.000000000000000000, 1.000000000000000000, 0.000000000000000000 ) ) ;
#2677 = EDGE_CURVE ( 'NONE', #347, #2254, #3344, .T. ) ;
#2678 = ORIENTED_EDGE ( 'NONE', *, *, #4576, .F. ) ;
#2680 = ORIENTED_EDGE ( 'NONE', *, *, #3636, .T. ) ;
#2679 = CIRCLE ( 'NONE', #4279, 8.000000000000014211 ) ;
#2681 = FACE_OUTER_BOUND ( 'NONE', #2734, .T. ) ;
#2682 = CARTESIAN_POINT ( 'NONE',  ( 0.000000000000000000, -3.000000000000000000, 0.000000000000000000 ) ) ;
#2683 = ORIENTED_EDGE ( 'NONE', *, *, #4289, .F. ) ;
#2684 = DIRECTION ( 'NONE',  ( 0.000000000000000000, 0.000000000000000000, 1.000000000000000000 ) ) ;
#2685 = CARTESIAN_POINT ( 'NONE',  ( -0.8256953720314832434, -3.000000000000000000, 13.50000000000000178 ) ) ;
#2686 = DIRECTION ( 'NONE',  ( 0.000000000000000000, 1.000000000000000000, 0.000000000000000000 ) ) ;
#2687 = VERTEX_POINT ( 'NONE', #80 ) ;
#2688 = LINE ( 'NONE', #177, #1534 ) ;
#2689 = ORIENTED_EDGE ( 'NONE', *, *, #53, .T. ) ;
#2690 = LINE ( 'NONE', #899, #1362 ) ;
#2691 = VECTOR ( 'NONE', #1078, 1000.000000000000000 ) ;
#2692 = DIRECTION ( 'NONE',  ( 1.000000000000000000, 0.000000000000000000, 2.036881348616828083E-16 ) ) ;
#2693 = ORIENTED_EDGE ( 'NONE', *, *, #1898, .F. ) ;
#2694 = CIRCLE ( 'NONE', #3768, 2.500000000000000444 ) ;
#2695 = DIRECTION ( 'NONE',  ( 0.000000000000000000, 0.000000000000000000, -1.000000000000000000 ) ) ;
#2696 = LINE ( 'NONE', #3100, #756 ) ;
#2697 = DIRECTION ( 'NONE',  ( 0.000000000000000000, 1.000000000000000000, 0.000000000000000000 ) ) ;
#2698 = VECTOR ( 'NONE', #2256, 1000.000000000000000 ) ;
#2699 = VECTOR ( 'NONE', #2676, 1000.000000000000000 ) ;
#2700 = ORIENTED_EDGE ( 'NONE', *, *, #1868, .F. ) ;
#2701 = VECTOR ( 'NONE', #2257, 1000.000000000000000 ) ;
#2702 = ORIENTED_EDGE ( 'NONE', *, *, #565, .T. ) ;
#2703 = AXIS2_PLACEMENT_3D ( 'NONE', #638, #3914, #665 ) ;
#2704 = CARTESIAN_POINT ( 'NONE',  ( 0.000000000000000000, -0.6400000000000000133, 0.000000000000000000 ) ) ;
#2705 = EDGE_CURVE ( 'NONE', #2081, #3248, #418, .T. ) ;
#2706 = PLANE ( 'NONE',  #821 ) ;
#2707 = ORIENTED_EDGE ( 'NONE', *, *, #506, .T. ) ;
#2708 = EDGE_CURVE ( 'NONE', #1731, #1660, #2888, .T. ) ;
#2709 = CARTESIAN_POINT ( 'NONE',  ( 0.000000000000000000, -0.6400000000000000133, 21.00652820552346256 ) ) ;
#2710 = LINE ( 'NONE', #2326, #3921 ) ;
#2711 = EDGE_CURVE ( 'NONE', #1660, #3746, #3622, .T. ) ;
#2712 = CARTESIAN_POINT ( 'NONE',  ( 16.21259128878628530, -10.00000000000000000, -3.475836847133733976 ) ) ;
#2713 = VERTEX_POINT ( 'NONE', #56 ) ;
#2714 = DIRECTION ( 'NONE',  ( 0.7986355100472914970, 0.000000000000000000, -0.6018150231520499327 ) ) ;
#2715 = ADVANCED_FACE ( 'NONE', ( #1489 ), #2933, .F. ) ;
#2716 = ORIENTED_EDGE ( 'NONE', *, *, #4166, .F. ) ;
#2717 = DIRECTION ( 'NONE',  ( 0.06104853953485288309, 0.000000000000000000, -0.9981347984218672531 ) ) ;
#2718 = DIRECTION ( 'NONE',  ( -0.06104853953485015611, 0.000000000000000000, 0.9981347984218673641 ) ) ;
#2719 = EDGE_LOOP ( 'NONE', ( #861, #4460, #610, #2707 ) ) ;
#2720 = CARTESIAN_POINT ( 'NONE',  ( 8.261456028412359487, -10.00000000000000000, -4.519190384286056350 ) ) ;
#2721 = LINE ( 'NONE', #3729, #4236 ) ;
#2722 = CARTESIAN_POINT ( 'NONE',  ( -0.8256953720314830214, -1.000000000000000000, 10.90000000000000213 ) ) ;
#2723 = EDGE_CURVE ( 'NONE', #4169, #311, #1653, .T. ) ;
#2724 = ORIENTED_EDGE ( 'NONE', *, *, #3762, .F. ) ;
#2725 = VECTOR ( 'NONE', #2428, 1000.000000000000000 ) ;
#2726 = VERTEX_POINT ( 'NONE', #3001 ) ;
#2727 = VECTOR ( 'NONE', #284, 1000.000000000000000 ) ;
#2728 = FACE_OUTER_BOUND ( 'NONE', #3236, .T. ) ;
#2729 = DIRECTION ( 'NONE',  ( 0.000000000000000000, 1.000000000000000000, 0.000000000000000000 ) ) ;
#2730 = ORIENTED_EDGE ( 'NONE', *, *, #2182, .F. ) ;
#2731 = CARTESIAN_POINT ( 'NONE',  ( 6.291820713518296415, -0.9999999999999991118, -4.000000000000000000 ) ) ;
#2732 = DIRECTION ( 'NONE',  ( 0.000000000000000000, 0.000000000000000000, 1.000000000000000000 ) ) ;
#2733 = CARTESIAN_POINT ( 'NONE',  ( 0.4859672166024383011, -0.6400000000000000133, 0.02972302827463972272 ) ) ;
#2734 = EDGE_LOOP ( 'NONE', ( #1972, #1117, #4591, #1146 ) ) ;
#2735 = CARTESIAN_POINT ( 'NONE',  ( 6.628307619941712581, -10.00000000000000000, 22.18255006523297723 ) ) ;
#2736 = ADVANCED_FACE ( 'NONE', ( #562 ), #4131, .F. ) ;
#2737 = EDGE_CURVE ( 'NONE', #2324, #1298, #2335, .T. ) ;
#2738 = DIRECTION ( 'NONE',  ( 1.000000000000000000, 0.000000000000000000, 0.000000000000000000 ) ) ;
#2739 = CARTESIAN_POINT ( 'NONE',  ( -0.8256953720314830214, -4.000000000000000000, 10.90000000000000213 ) ) ;
#2740 = AXIS2_PLACEMENT_3D ( 'NONE', #2569, #798, #3694 ) ;
#2741 = AXIS2_PLACEMENT_3D ( 'NONE', #1791, #729, #3244 ) ;
#2742 = VERTEX_POINT ( 'NONE', #3389 ) ;
#2743 = CARTESIAN_POINT ( 'NONE',  ( 9.333267306181616263, -10.00000000000000000, -22.04314987346826626 ) ) ;
#2744 = PLANE ( 'NONE',  #4539 ) ;
#2745 = DIRECTION ( 'NONE',  ( 0.7986355100472916080, 0.000000000000000000, -0.6018150231520499327 ) ) ;
#2746 = ORIENTED_EDGE ( 'NONE', *, *, #1475, .T. ) ;
#2747 = ORIENTED_EDGE ( 'NONE', *, *, #1808, .F. ) ;
#2748 = DIRECTION ( 'NONE',  ( 0.000000000000000000, 0.000000000000000000, 1.000000000000000000 ) ) ;
#2749 = CARTESIAN_POINT ( 'NONE',  ( -48.00000000000000000, 0.000000000000000000, 0.000000000000000000 ) ) ;
#2750 = ORIENTED_EDGE ( 'NONE', *, *, #3270, .T. ) ;
#2751 = DIRECTION ( 'NONE',  ( 0.000000000000000000, 1.000000000000000000, 0.000000000000000000 ) ) ;
#2752 = DIRECTION ( 'NONE',  ( 0.000000000000000000, 1.000000000000000000, 0.000000000000000000 ) ) ;
#2753 = LINE ( 'NONE', #677, #3775 ) ;
#2754 = ORIENTED_EDGE ( 'NONE', *, *, #1596, .T. ) ;
#2755 = DIRECTION ( 'NONE',  ( 0.000000000000000000, 1.000000000000000000, -0.000000000000000000 ) ) ;
#2756 = ADVANCED_FACE ( 'NONE', ( #160 ), #3819, .F. ) ;
#2757 = DIRECTION ( 'NONE',  ( 0.7283709698823982448, 0.000000000000000000, -0.6851829903263612076 ) ) ;
#2758 = ADVANCED_FACE ( 'NONE', ( #1296 ), #1211, .F. ) ;
#2759 = CARTESIAN_POINT ( 'NONE',  ( -11.60000000000000142, -0.9999999999999991118, 0.000000000000000000 ) ) ;
#2760 = VERTEX_POINT ( 'NONE', #2002 ) ;
#2761 = EDGE_CURVE ( 'NONE', #4499, #3248, #1586, .T. ) ;
#2762 = PLANE ( 'NONE',  #1487 ) ;
#2763 = AXIS2_PLACEMENT_3D ( 'NONE', #3826, #571, #4248 ) ;
#2764 = CARTESIAN_POINT ( 'NONE',  ( 17.44176566317134558, -0.6400000000000000133, -23.57266022325602606 ) ) ;
#2765 = DIRECTION ( 'NONE',  ( 0.9426414910921793178, 0.000000000000000000, -0.3338068592337683493 ) ) ;
#2766 = DIRECTION ( 'NONE',  ( 0.000000000000000000, 0.000000000000000000, 1.000000000000000000 ) ) ;
#2767 = CIRCLE ( 'NONE', #3763, 2.499999999999998668 ) ;
#2768 = EDGE_LOOP ( 'NONE', ( #711, #4007, #719, #1749 ) ) ;
#2769 = ADVANCED_FACE ( 'NONE', ( #4107 ), #3438, .F. ) ;
#2770 = ORIENTED_EDGE ( 'NONE', *, *, #1511, .F. ) ;
#2771 = LINE ( 'NONE', #4226, #3912 ) ;
#2772 = EDGE_LOOP ( 'NONE', ( #1625, #3301, #1226, #1099, #1437, #3753 ) ) ;
#2773 = DIRECTION ( 'NONE',  ( -0.06104853953484839363, -0.000000000000000000, 0.9981347984218674751 ) ) ;
#2774 = DIRECTION ( 'NONE',  ( 0.000000000000000000, 1.000000000000000000, 0.000000000000000000 ) ) ;
#2776 = VECTOR ( 'NONE', #3122, 1000.000000000000000 ) ;
#2775 = AXIS2_PLACEMENT_3D ( 'NONE', #2466, #981, #4307 ) ;
#2777 = EDGE_CURVE ( 'NONE', #2331, #1670, #876, .T. ) ;
#2778 = CARTESIAN_POINT ( 'NONE',  ( -7.797029150424228838, -10.00000000000000000, 21.00652820552346256 ) ) ;
#2779 = CARTESIAN_POINT ( 'NONE',  ( -5.164207373304707360, -0.6400000000000000133, 6.853134652517924863 ) ) ;
#2780 = EDGE_LOOP ( 'NONE', ( #1735, #3113, #2381, #1447 ) ) ;
#2781 = LINE ( 'NONE', #2426, #3697 ) ;
#2782 = AXIS2_PLACEMENT_3D ( 'NONE', #105, #3774, #466 ) ;
#2783 = CARTESIAN_POINT ( 'NONE',  ( -14.97186607185890139, -10.00000000000000000, 29.34755210571891482 ) ) ;
#2784 = EDGE_CURVE ( 'NONE', #2011, #1604, #744, .T. ) ;
#2785 = CARTESIAN_POINT ( 'NONE',  ( -10.00000000000000178, -1.000000000000000000, 65.00000000000000000 ) ) ;
#2786 = VERTEX_POINT ( 'NONE', #4514 ) ;
#2787 = CARTESIAN_POINT ( 'NONE',  ( 9.333267306181616263, -0.9999999999999991118, -22.04314987346826626 ) ) ;
#2788 = LINE ( 'NONE', #329, #3342 ) ;
#2789 = LINE ( 'NONE', #2817, #1718 ) ;
#2790 = CARTESIAN_POINT ( 'NONE',  ( -11.60000000000000142, -10.00000000000000000, 0.000000000000000000 ) ) ;
#2791 = ADVANCED_BREP_SHAPE_REPRESENTATION ( '', ( #3727, #510, #3619 ), #4610 ) ;
#2792 = VECTOR ( 'NONE', #1188, 1000.000000000000000 ) ;
#2793 = VERTEX_POINT ( 'NONE', #206 ) ;
#2794 = VERTEX_POINT ( 'NONE', #1559 ) ;
#2795 = FACE_OUTER_BOUND ( 'NONE', #4640, .T. ) ;
#2796 =( NAMED_UNIT ( * ) SI_UNIT ( $, .STERADIAN. ) SOLID_ANGLE_UNIT ( ) );
#2797 = VERTEX_POINT ( 'NONE', #491 ) ;
#2798 = FACE_OUTER_BOUND ( 'NONE', #2768, .T. ) ;
#2799 = DIRECTION ( 'NONE',  ( 0.000000000000000000, 1.000000000000000000, 0.000000000000000000 ) ) ;
#2800 = VECTOR ( 'NONE', #4084, 1000.000000000000000 ) ;
#2801 = ORIENTED_EDGE ( 'NONE', *, *, #563, .F. ) ;
#2802 = DIRECTION ( 'NONE',  ( 0.6851829903263606525, 0.000000000000000000, 0.7283709698823987999 ) ) ;
#2803 = EDGE_CURVE ( 'NONE', #550, #1934, #2288, .T. ) ;
#2804 = LINE ( 'NONE', #4231, #459 ) ;
#2805 = ORIENTED_EDGE ( 'NONE', *, *, #3620, .T. ) ;
#2806 = CARTESIAN_POINT ( 'NONE',  ( 12.92931211289799442, -10.00000000000000000, -1.001708526524977216 ) ) ;
#2807 = PRODUCT_DEFINITION_SHAPE ( 'NONE', 'NONE',  #4713 ) ;
#2808 = ORIENTED_EDGE ( 'NONE', *, *, #362, .T. ) ;
#2809 = CARTESIAN_POINT ( 'NONE',  ( 6.291820713518296415, -10.00000000000000000, 4.000000000000000888 ) ) ;
#2810 =( REPRESENTATION_RELATIONSHIP ('NONE','NONE', #837, #2400 ) REPRESENTATION_RELATIONSHIP_WITH_TRANSFORMATION ( #58 )SHAPE_REPRESENTATION_RELATIONSHIP( ) );
#2811 = CARTESIAN_POINT ( 'NONE',  ( -19.00000000000000000, -10.00000000000000000, 32.50000000000000000 ) ) ;
#2812 = VERTEX_POINT ( 'NONE', #3050 ) ;
#2813 = FACE_OUTER_BOUND ( 'NONE', #2346, .T. ) ;
#2814 = AXIS2_PLACEMENT_3D ( 'NONE', #911, #3807, #555 ) ;
#2815 = FACE_OUTER_BOUND ( 'NONE', #926, .T. ) ;
#2816 = CIRCLE ( 'NONE', #928, 8.000000000000140332 ) ;
#2817 = CARTESIAN_POINT ( 'NONE',  ( 0.000000000000000000, -0.6400000000000000133, 43.99347179447654099 ) ) ;
#2818 = CARTESIAN_POINT ( 'NONE',  ( 5.220423904620727917, -0.9999999999999991118, 23.00000000000000355 ) ) ;
#2819 = ORIENTED_EDGE ( 'NONE', *, *, #1289, .T. ) ;
#2820 = ORIENTED_EDGE ( 'NONE', *, *, #3257, .T. ) ;
#2821 = DIRECTION ( 'NONE',  ( 0.000000000000000000, 1.000000000000000000, -0.000000000000000000 ) ) ;
#2822 = ADVANCED_FACE ( 'NONE', ( #2264 ), #1915, .F. ) ;
#2823 = ORIENTED_EDGE ( 'NONE', *, *, #2851, .F. ) ;
#2824 = DIRECTION ( 'NONE',  ( 0.6018150231520437154, 0.000000000000000000, -0.7986355100472962709 ) ) ;
#2825 = CARTESIAN_POINT ( 'NONE',  ( -11.60000000000000142, -10.00000000000000000, 0.000000000000000000 ) ) ;
#2826 = EDGE_CURVE ( 'NONE', #3250, #4169, #134, .T. ) ;
#2827 = PRODUCT_DEFINITION_FORMATION_WITH_SPECIFIED_SOURCE ( 'ANY', '', #1672, .NOT_KNOWN. ) ;
#2828 = ORIENTED_EDGE ( 'NONE', *, *, #1634, .T. ) ;
#2829 = DIRECTION ( 'NONE',  ( -1.000000000000000000, 0.000000000000000000, 0.000000000000000000 ) ) ;
#2830 = CARTESIAN_POINT ( 'NONE',  ( 0.000000000000000000, -0.6400000000000000133, 65.00000000000000000 ) ) ;
#2831 = VERTEX_POINT ( 'NONE', #4152 ) ;
#2832 = LINE ( 'NONE', #4285, #1044 ) ;
#2833 = VECTOR ( 'NONE', #2609, 1000.000000000000114 ) ;
#2834 = ORIENTED_EDGE ( 'NONE', *, *, #156, .F. ) ;
#2835 = DIRECTION ( 'NONE',  ( -1.000000000000000000, 0.000000000000000000, -0.000000000000000000 ) ) ;
#2836 = LINE ( 'NONE', #326, #3473 ) ;
#2837 = VERTEX_POINT ( 'NONE', #3075 ) ;
#2838 = EDGE_CURVE ( 'NONE', #3630, #338, #900, .T. ) ;
#2839 = FACE_OUTER_BOUND ( 'NONE', #4500, .T. ) ;
#2840 = CARTESIAN_POINT ( 'NONE',  ( -15.80614170435593380, -10.00000000000000000, -3.169555116623693269 ) ) ;
#2841 = DIRECTION ( 'NONE',  ( 0.000000000000000000, -0.000000000000000000, -1.000000000000000000 ) ) ;
#2842 = EDGE_LOOP ( 'NONE', ( #4065, #1022, #3981, #1710 ) ) ;
#2843 = CARTESIAN_POINT ( 'NONE',  ( 17.44176566317134558, -0.9999999999999991118, -23.57266022325602606 ) ) ;
#2844 = ITEM_DEFINED_TRANSFORMATION ( 'NONE', 'NONE', #1161,  #3619 ) ;
#2845 = ORIENTED_EDGE ( 'NONE', *, *, #3350, .F. ) ;
#2846 = DIRECTION ( 'NONE',  ( 0.000000000000000000, -1.000000000000000000, 0.000000000000000000 ) ) ;
#2847 = EDGE_CURVE ( 'NONE', #39, #2295, #1275, .T. ) ;
#2848 = CARTESIAN_POINT ( 'NONE',  ( -2.202970849575789369, -10.00000000000000000, 43.99347179447654099 ) ) ;
#2849 = CIRCLE ( 'NONE', #4211, 2.499999999999998668 ) ;
#2850 = ORIENTED_EDGE ( 'NONE', *, *, #3172, .F. ) ;
#2851 = EDGE_CURVE ( 'NONE', #3667, #1426, #1316, .T. ) ;
#2852 = EDGE_CURVE ( 'NONE', #3728, #3656, #3861, .T. ) ;
#2853 = LINE ( 'NONE', #2201, #1912 ) ;
#2854 = DIRECTION ( 'NONE',  ( -0.7283709698823987999, 0.000000000000000000, 0.6851829903263606525 ) ) ;
#2855 = LINE ( 'NONE', #96, #846 ) ;
#2856 = ORIENTED_EDGE ( 'NONE', *, *, #1764, .T. ) ;
#2858 = VECTOR ( 'NONE', #2121, 1000.000000000000114 ) ;
#2857 = CIRCLE ( 'NONE', #812, 2.600000000000001421 ) ;
#2859 = VECTOR ( 'NONE', #2504, 1000.000000000000000 ) ;
#2860 = AXIS2_PLACEMENT_3D ( 'NONE', #2116, #3170, #2451 ) ;
#2861 = VERTEX_POINT ( 'NONE', #4671 ) ;
#2862 = LINE ( 'NONE', #3311, #3103 ) ;
#2863 = CARTESIAN_POINT ( 'NONE',  ( 0.8256953720314850198, -4.000000000000000000, -13.49999999999999822 ) ) ;
#2864 = ORIENTED_EDGE ( 'NONE', *, *, #2784, .F. ) ;
#2865 = CARTESIAN_POINT ( 'NONE',  ( -8.224219459354149109, -10.00000000000000000, 23.00000000000000000 ) ) ;
#2866 = CARTESIAN_POINT ( 'NONE',  ( 6.578310240089521699, -10.00000000000000000, 31.00000000000000711 ) ) ;
#2867 = LINE ( 'NONE', #1321, #2859 ) ;
#2868 = VERTEX_POINT ( 'NONE', #2785 ) ;
#2869 =( NAMED_UNIT ( * ) PLANE_ANGLE_UNIT ( ) SI_UNIT ( $, .RADIAN. ) );
#2870 = EDGE_LOOP ( 'NONE', ( #50, #3673, #3797, #1139 ) ) ;
#2871 = LINE ( 'NONE', #2508, #1003 ) ;
#2872 = DIRECTION ( 'NONE',  ( 0.000000000000000000, 1.000000000000000000, 0.000000000000000000 ) ) ;
#2873 = VERTEX_POINT ( 'NONE', #4598 ) ;
#2874 = DIRECTION ( 'NONE',  ( 0.000000000000000000, 0.000000000000000000, 1.000000000000000000 ) ) ;
#2875 = FACE_OUTER_BOUND ( 'NONE', #3868, .T. ) ;
#2876 = CARTESIAN_POINT ( 'NONE',  ( -12.92931211289798377, -0.9999999999999991118, 1.001708526524982767 ) ) ;
#2877 = ORIENTED_EDGE ( 'NONE', *, *, #1385, .F. ) ;
#2878 = AXIS2_PLACEMENT_3D ( 'NONE', #3481, #2024, #2738 ) ;
#2879 = VECTOR ( 'NONE', #3964, 1000.000000000000000 ) ;
#2880 = EDGE_CURVE ( 'NONE', #4246, #3938, #1041, .T. ) ;
#2881 = ORIENTED_EDGE ( 'NONE', *, *, #741, .T. ) ;
#2882 = SURFACE_SIDE_STYLE ('',( #2518 ) ) ;
#2883 = DIRECTION ( 'NONE',  ( -0.9981347984218672531, 0.000000000000000000, -0.06104853953485316065 ) ) ;
#2884 = EDGE_CURVE ( 'NONE', #3396, #4492, #686, .T. ) ;
#2885 = ORIENTED_EDGE ( 'NONE', *, *, #2212, .T. ) ;
#2886 = ADVANCED_FACE ( 'NONE', ( #4578 ), #3907, .F. ) ;
#2887 = CARTESIAN_POINT ( 'NONE',  ( -0.8256953720314832434, -4.000000000000000000, 13.50000000000000178 ) ) ;
#2888 = LINE ( 'NONE', #2522, #1574 ) ;
#2889 = VERTEX_POINT ( 'NONE', #2811 ) ;
#2890 = CARTESIAN_POINT ( 'NONE',  ( -16.21259128878628886, -10.00000000000000000, 3.475836847133786378 ) ) ;
#2891 = EDGE_LOOP ( 'NONE', ( #3460, #1292, #131, #2224 ) ) ;
#2892 = CARTESIAN_POINT ( 'NONE',  ( -10.00000000000000178, -10.00000000000000000, 0.000000000000000000 ) ) ;
#2893 = DIRECTION ( 'NONE',  ( 0.000000000000000000, 1.000000000000000000, 0.000000000000000000 ) ) ;
#2894 = PRODUCT_DEFINITION_CONTEXT ( 'detailed design', #1906, 'design' ) ;
#2895 = VECTOR ( 'NONE', #51, 1000.000000000000000 ) ;
#2896 = AXIS2_PLACEMENT_3D ( 'NONE', #1484, #709, #4412 ) ;
#2897 = ORIENTED_EDGE ( 'NONE', *, *, #1836, .T. ) ;
#2898 = FACE_OUTER_BOUND ( 'NONE', #2465, .T. ) ;
#2899 = CARTESIAN_POINT ( 'NONE',  ( 0.8256953720314850198, -3.000000000000000000, -13.49999999999999822 ) ) ;
#2900 = DIRECTION ( 'NONE',  ( 0.7283709698823982448, 0.000000000000000000, -0.6851829903263612076 ) ) ;
#2901 = FACE_OUTER_BOUND ( 'NONE', #1654, .T. ) ;
#2902 = CARTESIAN_POINT ( 'NONE',  ( -7.681935248344220923, -0.9999999999999991118, -4.955890615225188256 ) ) ;
#2903 = ORIENTED_EDGE ( 'NONE', *, *, #2645, .F. ) ;
#2904 = DIRECTION ( 'NONE',  ( -1.000000000000000000, 0.000000000000000000, -2.580542196641711662E-16 ) ) ;
#2905 = ORIENTED_EDGE ( 'NONE', *, *, #1302, .F. ) ;
#2906 = PRODUCT_DEFINITION ( 'UNKNOWN', '', #476, #766 ) ;
#2907 = EDGE_CURVE ( 'NONE', #2138, #191, #1413, .T. ) ;
#2908 = LINE ( 'NONE', #4362, #1516 ) ;
#2909 = DIRECTION ( 'NONE',  ( 0.7283709698823984668, 0.000000000000000000, -0.6851829903263612076 ) ) ;
#2910 = EDGE_CURVE ( 'NONE', #3661, #4579, #3936, .T. ) ;
#2911 = ORIENTED_EDGE ( 'NONE', *, *, #159, .T. ) ;
#2912 = LINE ( 'NONE', #3295, #1560 ) ;
#2913 = ORIENTED_EDGE ( 'NONE', *, *, #3379, .F. ) ;
#2914 = DIRECTION ( 'NONE',  ( -0.7283709698823984668, 0.000000000000000000, 0.6851829903263612076 ) ) ;
#2915 = CARTESIAN_POINT ( 'NONE',  ( 10.45482207421823162, -0.9999999999999991118, -23.99999999999997513 ) ) ;
#2916 = EDGE_CURVE ( 'NONE', #1050, #2232, #2934, .T. ) ;
#2917 = ORIENTED_EDGE ( 'NONE', *, *, #864, .T. ) ;
#2918 = DIRECTION ( 'NONE',  ( 0.000000000000000000, 0.000000000000000000, 1.000000000000000000 ) ) ;
#2919 = CARTESIAN_POINT ( 'NONE',  ( 6.628307619941712581, -10.00000000000000000, 22.18255006523297723 ) ) ;
#2920 = COLOUR_RGB ( '',0.7921568627450980005, 0.8196078431372548767, 0.9333333333333333481 ) ;
#2921 = CARTESIAN_POINT ( 'NONE',  ( -1.224368927168166810, -10.00000000000000000, 27.99347179447653389 ) ) ;
#2922 = VECTOR ( 'NONE', #1589, 1000.000000000000000 ) ;
#2923 = CARTESIAN_POINT ( 'NONE',  ( 6.291820713518296415, -10.00000000000000000, 4.000000000000000888 ) ) ;
#2924 = EDGE_LOOP ( 'NONE', ( #2443, #143, #1541, #1768 ) ) ;
#2925 = CARTESIAN_POINT ( 'NONE',  ( 6.578310240089229488, -0.9999999999999991118, 22.99999999999687006 ) ) ;
#2926 = VECTOR ( 'NONE', #4506, 1000.000000000000000 ) ;
#2927 = CARTESIAN_POINT ( 'NONE',  ( -0.8256953720314832434, -4.000000000000000000, 13.50000000000000178 ) ) ;
#2928 = VECTOR ( 'NONE', #331, 1000.000000000000000 ) ;
#2929 = VECTOR ( 'NONE', #298, 1000.000000000000000 ) ;
#2930 = EDGE_LOOP ( 'NONE', ( #477, #2200, #1498, #727 ) ) ;
#2931 = AXIS2_PLACEMENT_3D ( 'NONE', #4198, #2100, #2481 ) ;
#2932 = LINE ( 'NONE', #2547, #3618 ) ;
#2933 = CYLINDRICAL_SURFACE ( 'NONE', #1341, 2.600000000000000089 ) ;
#2934 = CIRCLE ( 'NONE', #2860, 8.000000000000138556 ) ;
#2935 = ORIENTED_EDGE ( 'NONE', *, *, #1473, .F. ) ;
#2936 = CARTESIAN_POINT ( 'NONE',  ( -11.44960120413460736, -10.00000000000000000, -29.34590610895029883 ) ) ;
#2937 = ORIENTED_EDGE ( 'NONE', *, *, #4167, .T. ) ;
#2938 = DIRECTION ( 'NONE',  ( -0.000000000000000000, -1.000000000000000000, -0.000000000000000000 ) ) ;
#2939 = DIRECTION ( 'NONE',  ( 0.000000000000000000, 0.000000000000000000, 1.000000000000000000 ) ) ;
#2940 = EDGE_LOOP ( 'NONE', ( #1565, #901, #2391, #3165 ) ) ;
#2941 = VERTEX_POINT ( 'NONE', #2379 ) ;
#2942 = CARTESIAN_POINT ( 'NONE',  ( -6.578310240089519922, -10.00000000000000000, -30.99999999999999289 ) ) ;
#2943 = DIRECTION ( 'NONE',  ( 0.000000000000000000, 0.000000000000000000, 1.000000000000000000 ) ) ;
#2944 = LINE ( 'NONE', #45, #3672 ) ;
#2945 = DIRECTION ( 'NONE',  ( -1.000000000000000000, 0.000000000000000000, -0.000000000000000000 ) ) ;
#2946 = EDGE_CURVE ( 'NONE', #4128, #524, #3194, .T. ) ;
#2947 = LINE ( 'NONE', #4409, #1945 ) ;
#2948 = ORIENTED_EDGE ( 'NONE', *, *, #3908, .F. ) ;
#2949 = PLANE ( 'NONE',  #2740 ) ;
#2950 = LINE ( 'NONE', #25, #1535 ) ;
#2951 = VECTOR ( 'NONE', #3218, 1000.000000000000000 ) ;
#2952 = VERTEX_POINT ( 'NONE', #1365 ) ;
#2953 = LINE ( 'NONE', #4059, #2421 ) ;
#2954 = DIRECTION ( 'NONE',  ( 0.6018150231520498217, 0.000000000000000000, -0.7986355100472917190 ) ) ;
#2955 = FACE_OUTER_BOUND ( 'NONE', #1197, .T. ) ;
#2956 = ORIENTED_EDGE ( 'NONE', *, *, #3386, .F. ) ;
#2957 = DIRECTION ( 'NONE',  ( 0.9981347984218673641, -0.000000000000000000, 0.06104853953485003121 ) ) ;
#2958 = DIRECTION ( 'NONE',  ( -0.000000000000000000, 1.000000000000000000, -0.000000000000000000 ) ) ;
#2959 = ORIENTED_EDGE ( 'NONE', *, *, #2648, .T. ) ;
#2960 = VERTEX_POINT ( 'NONE', #3839 ) ;
#2961 = EDGE_CURVE ( 'NONE', #2794, #564, #2475, .T. ) ;
#2962 = CARTESIAN_POINT ( 'NONE',  ( 19.00000000000000000, -1.000000000000000000, -32.50000000000000000 ) ) ;
#2963 = DIRECTION ( 'NONE',  ( 0.3907311284892709957, 0.000000000000000000, -0.9205048534524415960 ) ) ;
#2964 = ADVANCED_FACE ( 'NONE', ( #4651 ), #1391, .F. ) ;
#2965 = ORIENTED_EDGE ( 'NONE', *, *, #535, .T. ) ;
#2966 = CIRCLE ( 'NONE', #546, 1.449999999999999956 ) ;
#2967 = CARTESIAN_POINT ( 'NONE',  ( -10.45482207421827425, -10.00000000000000000, 31.00000000000000355 ) ) ;
#2968 = AXIS2_PLACEMENT_3D ( 'NONE', #3046, #1204, #4511 ) ;
#2969 = DIRECTION ( 'NONE',  ( 0.000000000000000000, 0.000000000000000000, -1.000000000000000000 ) ) ;
#2970 = VECTOR ( 'NONE', #2632, 1000.000000000000000 ) ;
#2971 = DIRECTION ( 'NONE',  ( 0.7986355100472960489, 0.000000000000000000, -0.6018150231520439375 ) ) ;
#2972 = ORIENTED_EDGE ( 'NONE', *, *, #3087, .T. ) ;
#2973 = LINE ( 'NONE', #2643, #626 ) ;
#2974 = DIRECTION ( 'NONE',  ( -0.6851829903263606525, 0.000000000000000000, -0.7283709698823987999 ) ) ;
#2975 = EDGE_LOOP ( 'NONE', ( #3790, #803, #1093, #2079 ) ) ;
#2976 = VERTEX_POINT ( 'NONE', #633 ) ;
#2977 = LINE ( 'NONE', #1183, #2624 ) ;
#2978 = CARTESIAN_POINT ( 'NONE',  ( -8.261456028412363040, -10.00000000000000000, 4.519190384286107864 ) ) ;
#2979 = EDGE_CURVE ( 'NONE', #1670, #3376, #2836, .T. ) ;
#2980 = DIRECTION ( 'NONE',  ( 0.000000000000000000, -1.000000000000000000, 0.000000000000000000 ) ) ;
#2981 = VERTEX_POINT ( 'NONE', #1339 ) ;
#2982 = CARTESIAN_POINT ( 'NONE',  ( -0.8256953720314832434, -3.000000000000000000, 16.00000000000000000 ) ) ;
#2983 = CARTESIAN_POINT ( 'NONE',  ( -8.224219459354149109, -0.9999999999999991118, 23.00000000000000000 ) ) ;
#2984 = ORIENTED_EDGE ( 'NONE', *, *, #1311, .T. ) ;
#2985 = ORIENTED_EDGE ( 'NONE', *, *, #38, .F. ) ;
#2986 = CARTESIAN_POINT ( 'NONE',  ( 0.000000000000000000, 0.000000000000000000, 0.000000000000000000 ) ) ;
#2987 = EDGE_CURVE ( 'NONE', #313, #1502, #2429, .T. ) ;
#2988 = LINE ( 'NONE', #2275, #2019 ) ;
#2989 = ORIENTED_EDGE ( 'NONE', *, *, #2062, .F. ) ;
#2990 = ADVANCED_FACE ( 'NONE', ( #2025 ), #2071, .F. ) ;
#2991 = FACE_OUTER_BOUND ( 'NONE', #1922, .T. ) ;
#2992 = CARTESIAN_POINT ( 'NONE',  ( -9.202970849575789813, -0.9999999999999991118, 43.99347179447654099 ) ) ;
#2993 = EDGE_CURVE ( 'NONE', #3376, #4263, #278, .T. ) ;
#2994 = EDGE_CURVE ( 'NONE', #2355, #34, #4212, .T. ) ;
#2995 = PLANE ( 'NONE',  #4153 ) ;
#2996 = VERTEX_POINT ( 'NONE', #2047 ) ;
#2997 = CARTESIAN_POINT ( 'NONE',  ( 4.201303336261343446, -0.6400000000000000133, 5.575317836442232000 ) ) ;
#2998 = ORIENTED_EDGE ( 'NONE', *, *, #1662, .T. ) ;
#2999 = ORIENTED_EDGE ( 'NONE', *, *, #4404, .F. ) ;
#3000 = CARTESIAN_POINT ( 'NONE',  ( 10.45482207421827248, -0.6399999999999999023, -31.00000000000000000 ) ) ;
#3001 = CARTESIAN_POINT ( 'NONE',  ( -16.21259128878629241, -0.6400000000000000133, 3.475836847133787266 ) ) ;
#3003 = VECTOR ( 'NONE', #1137, 1000.000000000000000 ) ;
#3002 = VECTOR ( 'NONE', #1975, 1000.000000000000114 ) ;
#3004 = EDGE_CURVE ( 'NONE', #4681, #1482, #4030, .T. ) ;
#3005 = VECTOR ( 'NONE', #3510, 1000.000000000000227 ) ;
#3006 = AXIS2_PLACEMENT_3D ( 'NONE', #2297, #453, #2253 ) ;
#3007 = EDGE_CURVE ( 'NONE', #3335, #2011, #4054, .T. ) ;
#3008 = DIRECTION ( 'NONE',  ( 0.000000000000000000, 1.000000000000000000, 0.000000000000000000 ) ) ;
#3009 = ORIENTED_EDGE ( 'NONE', *, *, #1002, .T. ) ;
#3010 = AXIS2_PLACEMENT_3D ( 'NONE', #377, #4363, #4391 ) ;
#3011 = DIRECTION ( 'NONE',  ( -0.000000000000000000, 1.000000000000000000, -0.000000000000000000 ) ) ;
#3012 = DIRECTION ( 'NONE',  ( -0.9981347984218674751, 0.000000000000000000, -0.06104853953484838669 ) ) ;
#3013 = ORIENTED_EDGE ( 'NONE', *, *, #4464, .F. ) ;
#3014 = ORIENTED_EDGE ( 'NONE', *, *, #242, .T. ) ;
#3015 = CARTESIAN_POINT ( 'NONE',  ( -15.80614170435593380, -0.9999999999999991118, -3.169555116623693269 ) ) ;
#3016 = LINE ( 'NONE', #3425, #129 ) ;
#3017 = ORIENTED_EDGE ( 'NONE', *, *, #1414, .F. ) ;
#3018 = CARTESIAN_POINT ( 'NONE',  ( -19.00000000000000000, -0.6400000000000000133, 0.000000000000000000 ) ) ;
#3019 = DIRECTION ( 'NONE',  ( 0.000000000000000000, 0.000000000000000000, -1.000000000000000000 ) ) ;
#3020 = DIRECTION ( 'NONE',  ( 0.000000000000000000, 0.000000000000000000, 1.000000000000000000 ) ) ;
#3021 = VERTEX_POINT ( 'NONE', #3337 ) ;
#3022 = DIRECTION ( 'NONE',  ( 0.000000000000000000, 1.000000000000000000, 0.000000000000000000 ) ) ;
#3023 = ORIENTED_EDGE ( 'NONE', *, *, #966, .F. ) ;
#3024 = VECTOR ( 'NONE', #1803, 1000.000000000000114 ) ;
#3025 = VERTEX_POINT ( 'NONE', #3289 ) ;
#3026 = VERTEX_POINT ( 'NONE', #4388 ) ;
#3027 = EDGE_CURVE ( 'NONE', #1731, #3710, #4647, .T. ) ;
#3028 = DIRECTION ( 'NONE',  ( 0.000000000000000000, 1.000000000000000000, 0.000000000000000000 ) ) ;
#3029 = EDGE_CURVE ( 'NONE', #3098, #2468, #76, .T. ) ;
#3030 = DIRECTION ( 'NONE',  ( 1.000000000000000000, 0.000000000000000000, 0.000000000000000000 ) ) ;
#3031 = VECTOR ( 'NONE', #4194, 1000.000000000000227 ) ;
#3032 = FACE_BOUND ( 'NONE', #1899, .T. ) ;
#3033 = DIRECTION ( 'NONE',  ( 0.7986355100472962709, -0.000000000000000000, 0.6018150231520437154 ) ) ;
#3034 = CARTESIAN_POINT ( 'NONE',  ( 6.291820713518296415, -0.9999999999999991118, -4.000000000000000000 ) ) ;
#3035 = EDGE_LOOP ( 'NONE', ( #2823, #161, #4096, #2856 ) ) ;
#3036 = ORIENTED_EDGE ( 'NONE', *, *, #2035, .T. ) ;
#3037 = LINE ( 'NONE', #2986, #3458 ) ;
#3038 = DIRECTION ( 'NONE',  ( 0.9981347984218672531, -0.000000000000000000, 0.06104853953485295248 ) ) ;
#3039 = ORIENTED_EDGE ( 'NONE', *, *, #3119, .F. ) ;
#3040 = PLANE ( 'NONE',  #3430 ) ;
#3041 = DIRECTION ( 'NONE',  ( -1.000000000000000000, 0.000000000000000000, -0.000000000000000000 ) ) ;
#3042 = AXIS2_PLACEMENT_3D ( 'NONE', #623, #3227, #4682 ) ;
#3043 = CARTESIAN_POINT ( 'NONE',  ( 0.000000000000000000, -1.000000000000000000, 65.00000000000000000 ) ) ;
#3044 = VECTOR ( 'NONE', #1782, 1000.000000000000000 ) ;
#3045 = ORIENTED_EDGE ( 'NONE', *, *, #398, .F. ) ;
#3046 = CARTESIAN_POINT ( 'NONE',  ( 0.000000000000000000, -0.6400000000000000133, 0.000000000000000000 ) ) ;
#3047 = VERTEX_POINT ( 'NONE', #3647 ) ;
#3048 = ORIENTED_EDGE ( 'NONE', *, *, #535, .F. ) ;
#3049 = FACE_BOUND ( 'NONE', #1392, .T. ) ;
#3050 = CARTESIAN_POINT ( 'NONE',  ( -16.06815885638107488, -0.6400000000000000133, 28.18215855390708668 ) ) ;
#3051 = VERTEX_POINT ( 'NONE', #2234 ) ;
#3052 = PRODUCT_RELATED_PRODUCT_CATEGORY ( 'part', '', ( #3268 ) ) ;
#3053 = EDGE_CURVE ( 'NONE', #828, #1967, #1156, .T. ) ;
#3054 = DIRECTION ( 'NONE',  ( 0.7283709698823986889, 0.000000000000000000, -0.6851829903263609856 ) ) ;
#3055 = DIRECTION ( 'NONE',  ( 0.6018150231520499327, -0.000000000000000000, 0.7986355100472916080 ) ) ;
#3056 = CARTESIAN_POINT ( 'NONE',  ( -8.775631072831838964, -0.9999999999999991118, 37.00652820552347322 ) ) ;
#3057 = EDGE_CURVE ( 'NONE', #1934, #2157, #439, .T. ) ;
#3058 = ORIENTED_EDGE ( 'NONE', *, *, #1950, .T. ) ;
#3060 = VERTEX_POINT ( 'NONE', #4 ) ;
#3059 = VECTOR ( 'NONE', #3132, 1000.000000000000000 ) ;
#3061 = DIRECTION ( 'NONE',  ( 0.000000000000000000, 0.000000000000000000, 1.000000000000000000 ) ) ;
#3062 = PLANE ( 'NONE',  #3470 ) ;
#3063 = ORIENTED_EDGE ( 'NONE', *, *, #179, .F. ) ;
#3064 = CARTESIAN_POINT ( 'NONE',  ( -14.97186607185890139, -10.00000000000000000, 29.34755210571891482 ) ) ;
#3065 = FACE_OUTER_BOUND ( 'NONE', #4652, .T. ) ;
#3066 = ADVANCED_FACE ( 'NONE', ( #1817 ), #3313, .F. ) ;
#3067 = CARTESIAN_POINT ( 'NONE',  ( 8.261456028412359487, -10.00000000000000000, -4.519190384286056350 ) ) ;
#3068 = ORIENTED_EDGE ( 'NONE', *, *, #830, .F. ) ;
#3069 = CARTESIAN_POINT ( 'NONE',  ( 6.578310240089521699, -0.9999999999999991118, 31.00000000000000711 ) ) ;
#3070 = ORIENTED_EDGE ( 'NONE', *, *, #4254, .T. ) ;
#3071 = SHAPE_REPRESENTATION ( 'Part1', ( #3619 ), #4610 ) ;
#3072 = DIRECTION ( 'NONE',  ( 0.000000000000000000, 1.000000000000000000, 0.000000000000000000 ) ) ;
#3073 = EDGE_CURVE ( 'NONE', #2726, #2873, #3957, .T. ) ;
#3074 = AXIS2_PLACEMENT_3D ( 'NONE', #1425, #1800, #3249 ) ;
#3075 = CARTESIAN_POINT ( 'NONE',  ( -2.202970849575789369, -0.9999999999999991118, 43.99347179447654099 ) ) ;
#3076 = ORIENTED_EDGE ( 'NONE', *, *, #634, .T. ) ;
#3077 = AXIS2_PLACEMENT_3D ( 'NONE', #1631, #1986, #3121 ) ;
#3078 = CARTESIAN_POINT ( 'NONE',  ( -6.578310240089519922, -10.00000000000000000, -30.99999999999999289 ) ) ;
#3079 = FACE_OUTER_BOUND ( 'NONE', #3135, .T. ) ;
#3080 = CARTESIAN_POINT ( 'NONE',  ( -12.92931211289798377, -10.00000000000000000, 1.001708526524982767 ) ) ;
#3081 = VECTOR ( 'NONE', #1564, 999.9999999999998863 ) ;
#3082 = ORIENTED_EDGE ( 'NONE', *, *, #2328, .F. ) ;
#3083 = VECTOR ( 'NONE', #3431, 1000.000000000000000 ) ;
#3084 = ORIENTED_EDGE ( 'NONE', *, *, #3960, .F. ) ;
#3085 = DIRECTION ( 'NONE',  ( -0.7986355100472917190, 0.000000000000000000, -0.6018150231520497107 ) ) ;
#3086 = AXIS2_PLACEMENT_3D ( 'NONE', #4288, #3503, #3140 ) ;
#3087 = EDGE_CURVE ( 'NONE', #3445, #40, #2950, .T. ) ;
#3088 = PLANE ( 'NONE',  #4465 ) ;
#3089 = VERTEX_POINT ( 'NONE', #52 ) ;
#3090 = CARTESIAN_POINT ( 'NONE',  ( -11.60000000000000142, -0.9999999999999991118, 0.000000000000000000 ) ) ;
#3091 = EDGE_CURVE ( 'NONE', #4128, #3656, #3624, .T. ) ;
#3092 = CARTESIAN_POINT ( 'NONE',  ( 15.80614170435593735, -0.9999999999999991118, 3.169555116623649305 ) ) ;
#3093 = EDGE_LOOP ( 'NONE', ( #2003, #683, #65, #1084 ) ) ;
#3094 = SURFACE_SIDE_STYLE ('',( #2469 ) ) ;
#3095 = ADVANCED_FACE ( 'NONE', ( #4359 ), #2594, .F. ) ;
#3096 = DIRECTION ( 'NONE',  ( 0.000000000000000000, 1.000000000000000000, 0.000000000000000000 ) ) ;
#3097 = DIRECTION ( 'NONE',  ( 0.7986355100472960489, 0.000000000000000000, -0.6018150231520439375 ) ) ;
#3098 = VERTEX_POINT ( 'NONE', #2140 ) ;
#3099 = CARTESIAN_POINT ( 'NONE',  ( -11.44960120413460736, -10.00000000000000000, -29.34590610895029883 ) ) ;
#3100 = CARTESIAN_POINT ( 'NONE',  ( -0.7970291504242298375, -10.00000000000000000, 21.00652820552346256 ) ) ;
#3101 = CARTESIAN_POINT ( 'NONE',  ( -8.224368927168168142, -10.00000000000000000, 27.99347179447653389 ) ) ;
#3102 = ORIENTED_EDGE ( 'NONE', *, *, #394, .F. ) ;
#3103 = VECTOR ( 'NONE', #1063, 1000.000000000000114 ) ;
#3104 = ORIENTED_EDGE ( 'NONE', *, *, #2838, .F. ) ;
#3105 = VECTOR ( 'NONE', #2515, 999.9999999999998863 ) ;
#3106 = CARTESIAN_POINT ( 'NONE',  ( 0.8256953720314850198, -4.000000000000000000, -13.49999999999999822 ) ) ;
#3107 = VERTEX_POINT ( 'NONE', #3597 ) ;
#3108 = PLANE ( 'NONE',  #141 ) ;
#3109 = PLANE ( 'NONE',  #1336 ) ;
#3110 = EDGE_CURVE ( 'NONE', #2283, #3047, #800, .T. ) ;
#3111 = EDGE_CURVE ( 'NONE', #39, #3107, #4189, .T. ) ;
#3112 = DIRECTION ( 'NONE',  ( 0.7986355100472962709, 0.000000000000000000, 0.6018150231520437154 ) ) ;
#3113 = ORIENTED_EDGE ( 'NONE', *, *, #2884, .T. ) ;
#3114 = LINE ( 'NONE', #957, #2054 ) ;
#3115 = EDGE_CURVE ( 'NONE', #1426, #2085, #2589, .T. ) ;
#3116 = DIRECTION ( 'NONE',  ( -0.06104853953484838669, 0.000000000000000000, 0.9981347984218674751 ) ) ;
#3117 = DIRECTION ( 'NONE',  ( -0.06104853953485284146, 0.000000000000000000, 0.9981347984218672531 ) ) ;
#3118 = VECTOR ( 'NONE', #153, 1000.000000000000114 ) ;
#3119 = EDGE_CURVE ( 'NONE', #956, #2225, #1839, .T. ) ;
#3120 = VERTEX_POINT ( 'NONE', #4009 ) ;
#3121 = DIRECTION ( 'NONE',  ( 0.000000000000000000, 0.000000000000000000, 1.000000000000000000 ) ) ;
#3122 = DIRECTION ( 'NONE',  ( 0.000000000000000000, 1.000000000000000000, 0.000000000000000000 ) ) ;
#3123 = LINE ( 'NONE', #3558, #4154 ) ;
#3124 = LINE ( 'NONE', #1020, #3772 ) ;
#3125 = ADVANCED_FACE ( 'NONE', ( #1439 ), #2570, .F. ) ;
#3126 = ORIENTED_EDGE ( 'NONE', *, *, #3386, .T. ) ;
#3127 = ORIENTED_EDGE ( 'NONE', *, *, #2041, .F. ) ;
#3128 = DIRECTION ( 'NONE',  ( 0.000000000000000000, 1.000000000000000000, -0.000000000000000000 ) ) ;
#3129 = CARTESIAN_POINT ( 'NONE',  ( 0.000000000000000000, 0.000000000000000000, 0.000000000000000000 ) ) ;
#3130 = ORIENTED_EDGE ( 'NONE', *, *, #1289, .F. ) ;
#3131 = CARTESIAN_POINT ( 'NONE',  ( -11.44960120413460736, -0.9999999999999991118, -29.34590610895029883 ) ) ;
#3132 = DIRECTION ( 'NONE',  ( 1.000000000000000000, -0.000000000000000000, 0.000000000000000000 ) ) ;
#3133 = EDGE_CURVE ( 'NONE', #2157, #631, #4078, .T. ) ;
#3134 = CARTESIAN_POINT ( 'NONE',  ( -0.8256953720314832434, -3.000000000000000000, 13.50000000000000178 ) ) ;
#3135 = EDGE_LOOP ( 'NONE', ( #4201, #3151, #1110, #3793 ) ) ;
#3136 = CARTESIAN_POINT ( 'NONE',  ( -12.92931211289798377, -10.00000000000000000, -1.001708526524981657 ) ) ;
#3137 = ADVANCED_FACE ( 'NONE', ( #2615, #4438, #1180 ), #4017, .T. ) ;
#3138 = EDGE_CURVE ( 'NONE', #880, #1702, #1875, .T. ) ;
#3139 = FACE_OUTER_BOUND ( 'NONE', #790, .T. ) ;
#3140 = DIRECTION ( 'NONE',  ( 0.7986355100472917190, 0.000000000000000000, 0.6018150231520497107 ) ) ;
#3141 = ORIENTED_EDGE ( 'NONE', *, *, #4434, .T. ) ;
#3142 = CARTESIAN_POINT ( 'NONE',  ( 8.001249483932832973, -10.00000000000000000, -23.00000000000000711 ) ) ;
#3143 = AXIS2_PLACEMENT_3D ( 'NONE', #1119, #2484, #3944 ) ;
#3144 = CARTESIAN_POINT ( 'NONE',  ( 11.37146240934107055, -0.9999999999999991118, -30.93972409365286325 ) ) ;
#3145 = CARTESIAN_POINT ( 'NONE',  ( -5.479968827431126677, -10.00000000000000000, -23.00000000000000355 ) ) ;
#3146 = LINE ( 'NONE', #4633, #2928 ) ;
#3147 = ADVANCED_FACE ( 'NONE', ( #740 ), #3709, .F. ) ;
#3148 = VECTOR ( 'NONE', #3886, 1000.000000000000114 ) ;
#3149 = ORIENTED_EDGE ( 'NONE', *, *, #4215, .F. ) ;
#3150 = EDGE_CURVE ( 'NONE', #4019, #1989, #449, .T. ) ;
#3151 = ORIENTED_EDGE ( 'NONE', *, *, #1580, .T. ) ;
#3152 = DIRECTION ( 'NONE',  ( 1.000000000000000000, 0.000000000000000000, -2.573541108691231936E-16 ) ) ;
#3153 = DIRECTION ( 'NONE',  ( 1.000000000000000000, 0.000000000000000000, 0.000000000000000000 ) ) ;
#3154 = ORIENTED_EDGE ( 'NONE', *, *, #3453, .T. ) ;
#3155 = AXIS2_PLACEMENT_3D ( 'NONE', #2685, #1995, #3475 ) ;
#3156 = PLANE ( 'NONE',  #4417 ) ;
#3157 = AXIS2_PLACEMENT_3D ( 'NONE', #2112, #320, #4543 ) ;
#3158 = CARTESIAN_POINT ( 'NONE',  ( -16.00000000000000000, -10.00000000000000000, -30.94999999999999929 ) ) ;
#3159 = VECTOR ( 'NONE', #531, 1000.000000000000114 ) ;
#3160 = ORIENTED_EDGE ( 'NONE', *, *, #4257, .T. ) ;
#3161 = AXIS2_PLACEMENT_3D ( 'NONE', #1018, #4632, #3581 ) ;
#3162 = PLANE ( 'NONE',  #2775 ) ;
#3163 = AXIS2_PLACEMENT_3D ( 'NONE', #1685, #572, #2416 ) ;
#3164 = CARTESIAN_POINT ( 'NONE',  ( -12.92931211289798377, -0.9999999999999991118, -1.001708526524981657 ) ) ;
#3165 = ORIENTED_EDGE ( 'NONE', *, *, #1888, .T. ) ;
#3166 = DIRECTION ( 'NONE',  ( 0.000000000000000000, 1.000000000000000000, 0.000000000000000000 ) ) ;
#3167 = VECTOR ( 'NONE', #2145, 1000.000000000000000 ) ;
#3168 = ORIENTED_EDGE ( 'NONE', *, *, #1551, .T. ) ;
#3169 = PLANE ( 'NONE',  #4174 ) ;
#3170 = DIRECTION ( 'NONE',  ( 0.000000000000000000, 1.000000000000000000, -0.000000000000000000 ) ) ;
#3171 = ORIENTED_EDGE ( 'NONE', *, *, #1452, .T. ) ;
#3172 = EDGE_CURVE ( 'NONE', #4118, #3700, #1897, .T. ) ;
#3173 = EDGE_CURVE ( 'NONE', #236, #4568, #15, .T. ) ;
#3174 = PLANE ( 'NONE',  #3534 ) ;
#3175 = CYLINDRICAL_SURFACE ( 'NONE', #4459, 8.000000000003137046 ) ;
#3176 = PLANE ( 'NONE',  #512 ) ;
#3177 = DIRECTION ( 'NONE',  ( 0.000000000000000000, 1.000000000000000000, 0.000000000000000000 ) ) ;
#3178 = AXIS2_PLACEMENT_3D ( 'NONE', #1542, #1848, #382 ) ;
#3179 = ORIENTED_EDGE ( 'NONE', *, *, #2409, .F. ) ;
#3180 = ORIENTED_EDGE ( 'NONE', *, *, #681, .T. ) ;
#3181 = CARTESIAN_POINT ( 'NONE',  ( -5.479968827431126677, -10.00000000000000000, -23.00000000000000355 ) ) ;
#3182 = DIRECTION ( 'NONE',  ( 1.000000000000000000, 0.000000000000000000, 0.000000000000000000 ) ) ;
#3183 = EDGE_LOOP ( 'NONE', ( #4273, #2702, #1533, #3412 ) ) ;
#3184 = DIRECTION ( 'NONE',  ( 0.9426414910921793178, 0.000000000000000000, -0.3338068592337683493 ) ) ;
#3185 = DIRECTION ( 'NONE',  ( 0.000000000000000000, 1.000000000000000000, 0.000000000000000000 ) ) ;
#3186 = AXIS2_PLACEMENT_3D ( 'NONE', #3906, #2401, #1295 ) ;
#3187 = VERTEX_POINT ( 'NONE', #3349 ) ;
#3188 = CARTESIAN_POINT ( 'NONE',  ( -11.44960120413460736, -10.00000000000000000, -29.34590610895029883 ) ) ;
#3189 = DIRECTION ( 'NONE',  ( 0.000000000000000000, 1.000000000000000000, 0.000000000000000000 ) ) ;
#3190 = CARTESIAN_POINT ( 'NONE',  ( 0.000000000000000000, 0.000000000000000000, 0.000000000000000000 ) ) ;
#3191 = PRESENTATION_STYLE_ASSIGNMENT (( #1010 ) ) ;
#3192 = ORIENTED_EDGE ( 'NONE', *, *, #306, .T. ) ;
#3193 = CARTESIAN_POINT ( 'NONE',  ( -16.06815885638107488, -10.00000000000000000, 28.18215855390708668 ) ) ;
#3194 = LINE ( 'NONE', #4627, #822 ) ;
#3195 = EDGE_LOOP ( 'NONE', ( #755, #2118, #4102, #3891 ) ) ;
#3196 = EDGE_CURVE ( 'NONE', #378, #1949, #4064, .T. ) ;
#3197 = CARTESIAN_POINT ( 'NONE',  ( 8.007780573516589229, -10.00000000000000000, 30.87125241406041809 ) ) ;
#3198 = VECTOR ( 'NONE', #2402, 1000.000000000000000 ) ;
#3199 = CARTESIAN_POINT ( 'NONE',  ( -0.7970291504242297265, -10.00000000000000000, 21.00652820552346256 ) ) ;
#3200 = PLANE ( 'NONE',  #2243 ) ;
#3201 = EDGE_CURVE ( 'NONE', #839, #4707, #3634, .T. ) ;
#3202 = VECTOR ( 'NONE', #2610, 999.9999999999998863 ) ;
#3203 = EDGE_CURVE ( 'NONE', #569, #3524, #1827, .T. ) ;
#3204 = ORIENTED_EDGE ( 'NONE', *, *, #2158, .T. ) ;
#3205 = PLANE ( 'NONE',  #3143 ) ;
#3206 = CARTESIAN_POINT ( 'NONE',  ( 0.000000000000000000, 0.000000000000000000, 0.000000000000000000 ) ) ;
#3207 = ORIENTED_EDGE ( 'NONE', *, *, #3831, .F. ) ;
#3208 = CARTESIAN_POINT ( 'NONE',  ( -7.681935248344220923, -0.9999999999999991118, -4.955890615225188256 ) ) ;
#3209 = LINE ( 'NONE', #241, #3446 ) ;
#3210 = ADVANCED_FACE ( 'NONE', ( #3681 ), #4090, .F. ) ;
#3211 = ORIENTED_EDGE ( 'NONE', *, *, #2575, .F. ) ;
#3212 = APPLICATION_CONTEXT ( 'automotive_design' ) ;
#3213 = LINE ( 'NONE', #3952, #4382 ) ;
#3214 = CARTESIAN_POINT ( 'NONE',  ( -11.44960120413460736, -0.9999999999999991118, -29.34590610895029883 ) ) ;
#3215 = ORIENTED_EDGE ( 'NONE', *, *, #1876, .F. ) ;
#3216 = FACE_OUTER_BOUND ( 'NONE', #2213, .T. ) ;
#3217 = ORIENTED_EDGE ( 'NONE', *, *, #1868, .T. ) ;
#3218 = DIRECTION ( 'NONE',  ( -1.000000000000000000, 0.000000000000000000, -6.892772199665726237E-17 ) ) ;
#3219 = DIRECTION ( 'NONE',  ( 0.6018150231520498217, 0.000000000000000000, -0.7986355100472917190 ) ) ;
#3220 = ORIENTED_EDGE ( 'NONE', *, *, #3501, .F. ) ;
#3221 = EDGE_CURVE ( 'NONE', #3250, #2786, #3277, .T. ) ;
#3222 = DIRECTION ( 'NONE',  ( -0.7986355100472917190, 0.000000000000000000, -0.6018150231520497107 ) ) ;
#3223 = FACE_OUTER_BOUND ( 'NONE', #4205, .T. ) ;
#3224 = CARTESIAN_POINT ( 'NONE',  ( 11.59999999999999964, -0.9999999999999991118, 0.000000000000000000 ) ) ;
#3225 = VERTEX_POINT ( 'NONE', #86 ) ;
#3226 = ORIENTED_EDGE ( 'NONE', *, *, #967, .T. ) ;
#3227 = DIRECTION ( 'NONE',  ( 0.9981347984218672531, -0.000000000000000000, 0.06104853953485284146 ) ) ;
#3228 = LINE ( 'NONE', #4229, #1846 ) ;
#3229 = AXIS2_PLACEMENT_3D ( 'NONE', #2034, #3128, #2748 ) ;
#3230 = ORIENTED_EDGE ( 'NONE', *, *, #620, .F. ) ;
#3231 = EDGE_CURVE ( 'NONE', #40, #3637, #2816, .T. ) ;
#3232 = FACE_OUTER_BOUND ( 'NONE', #907, .T. ) ;
#3233 = CARTESIAN_POINT ( 'NONE',  ( -15.80614170435593380, -0.9999999999999991118, -3.169555116623693269 ) ) ;
#3234 = EDGE_CURVE ( 'NONE', #279, #3934, #424, .T. ) ;
#3235 = CARTESIAN_POINT ( 'NONE',  ( 6.291820713518296415, -0.9999999999999991118, -4.000000000000000000 ) ) ;
#3236 = EDGE_LOOP ( 'NONE', ( #1908, #4114, #693, #2414 ) ) ;
#3238 = VECTOR ( 'NONE', #4653, 1000.000000000000000 ) ;
#3237 = VECTOR ( 'NONE', #2686, 1000.000000000000000 ) ;
#3239 = VECTOR ( 'NONE', #2697, 1000.000000000000000 ) ;
#3240 = VECTOR ( 'NONE', #3785, 1000.000000000000000 ) ;
#3241 = VECTOR ( 'NONE', #2909, 1000.000000000000000 ) ;
#3242 = ORIENTED_EDGE ( 'NONE', *, *, #1371, .T. ) ;
#3243 = DIRECTION ( 'NONE',  ( -1.239026242715948579E-12, 0.000000000000000000, 1.000000000000000000 ) ) ;
#3244 = DIRECTION ( 'NONE',  ( 0.000000000000000000, 0.000000000000000000, 1.000000000000000000 ) ) ;
#3245 = ORIENTED_EDGE ( 'NONE', *, *, #953, .T. ) ;
#3246 = DIRECTION ( 'NONE',  ( -1.000000000000000000, 0.000000000000000000, 0.000000000000000000 ) ) ;
#3247 = LINE ( 'NONE', #4704, #964 ) ;
#3248 = VERTEX_POINT ( 'NONE', #2580 ) ;
#3249 = DIRECTION ( 'NONE',  ( 0.3907311284892708292, 0.000000000000000000, -0.9205048534524415960 ) ) ;
#3250 = VERTEX_POINT ( 'NONE', #3299 ) ;
#3251 = CARTESIAN_POINT ( 'NONE',  ( 15.80614170435593735, -10.00000000000000000, 3.169555116623649305 ) ) ;
#3252 = CARTESIAN_POINT ( 'NONE',  ( -14.97186607185890139, -0.9999999999999991118, 29.34755210571891482 ) ) ;
#3253 = ORIENTED_EDGE ( 'NONE', *, *, #3960, .T. ) ;
#3254 = LINE ( 'NONE', #2180, #247 ) ;
#3255 = CARTESIAN_POINT ( 'NONE',  ( -6.645362379242963691, -0.9999999999999991118, -21.90370721547782296 ) ) ;
#3256 = LINE ( 'NONE', #299, #4104 ) ;
#3257 = EDGE_CURVE ( 'NONE', #1557, #514, #62, .T. ) ;
#3258 = ORIENTED_EDGE ( 'NONE', *, *, #1087, .F. ) ;
#3259 = EDGE_CURVE ( 'NONE', #3585, #191, #3372, .T. ) ;
#3260 = EDGE_CURVE ( 'NONE', #1476, #3667, #2511, .T. ) ;
#3261 = FACE_OUTER_BOUND ( 'NONE', #2719, .T. ) ;
#3262 = VERTEX_POINT ( 'NONE', #1520 ) ;
#3263 = CARTESIAN_POINT ( 'NONE',  ( -9.202970849575789813, -0.9999999999999991118, 43.99347179447654099 ) ) ;
#3264 = DIRECTION ( 'NONE',  ( 0.000000000000000000, 1.000000000000000000, -0.000000000000000000 ) ) ;
#3265 = VERTEX_POINT ( 'NONE', #1123 ) ;
#3266 = ADVANCED_FACE ( 'NONE', ( #2554 ), #4396, .F. ) ;
#3267 = VERTEX_POINT ( 'NONE', #3639 ) ;
#3268 = PRODUCT ( 'Part1', 'Part1', '', ( #3655 ) ) ;
#3269 = DIRECTION ( 'NONE',  ( -0.000000000000000000, 1.000000000000000000, -0.000000000000000000 ) ) ;
#3270 = EDGE_CURVE ( 'NONE', #1056, #3265, #2853, .T. ) ;
#3271 = DIRECTION ( 'NONE',  ( -0.06104853953485289003, 0.000000000000000000, 0.9981347984218672531 ) ) ;
#3272 = ORIENTED_EDGE ( 'NONE', *, *, #1788, .F. ) ;
#3273 = DIRECTION ( 'NONE',  ( 0.6851829903263606525, 0.000000000000000000, 0.7283709698823987999 ) ) ;
#3274 = APPLICATION_PROTOCOL_DEFINITION ( 'draft international standard', 'automotive_design', 1998, #2412 ) ;
#3275 = ORIENTED_EDGE ( 'NONE', *, *, #2838, .T. ) ;
#3276 = DIRECTION ( 'NONE',  ( 0.06104853953485300799, 0.000000000000000000, -0.9981347984218672531 ) ) ;
#3277 = LINE ( 'NONE', #1168, #323 ) ;
#3278 = EDGE_CURVE ( 'NONE', #3988, #2032, #4306, .T. ) ;
#3279 = VECTOR ( 'NONE', #1528, 1000.000000000000000 ) ;
#3280 = AXIS2_PLACEMENT_3D ( 'NONE', #1885, #3956, #1412 ) ;
#3281 = ORIENTED_EDGE ( 'NONE', *, *, #2063, .F. ) ;
#3282 = DIRECTION ( 'NONE',  ( 0.3907311284892708292, 0.000000000000000000, -0.9205048534524415960 ) ) ;
#3283 = CARTESIAN_POINT ( 'NONE',  ( 0.000000000000000000, -0.6400000000000000133, 0.000000000000000000 ) ) ;
#3284 = DIRECTION ( 'NONE',  ( 0.000000000000000000, -1.000000000000000000, 0.000000000000000000 ) ) ;
#3285 = DIRECTION ( 'NONE',  ( 0.000000000000000000, 0.000000000000000000, -1.000000000000000000 ) ) ;
#3286 = PLANE ( 'NONE',  #1566 ) ;
#3287 = ORIENTED_EDGE ( 'NONE', *, *, #3270, .F. ) ;
#3288 = CARTESIAN_POINT ( 'NONE',  ( 12.92931211289799442, -10.00000000000000000, 1.001708526524975662 ) ) ;
#3289 = CARTESIAN_POINT ( 'NONE',  ( 11.59999999999999964, -0.9999999999999991118, 0.000000000000000000 ) ) ;
#3290 = AXIS2_PLACEMENT_3D ( 'NONE', #3715, #3999, #2586 ) ;
#3291 = ORIENTED_EDGE ( 'NONE', *, *, #1172, .F. ) ;
#3292 = PLANE ( 'NONE',  #353 ) ;
#3293 = LINE ( 'NONE', #2170, #1798 ) ;
#3294 = ORIENTED_EDGE ( 'NONE', *, *, #3614, .F. ) ;
#3295 = CARTESIAN_POINT ( 'NONE',  ( 12.92931211289799442, -10.00000000000000000, -1.001708526524977216 ) ) ;
#3296 = APPLICATION_PROTOCOL_DEFINITION ( 'draft international standard', 'automotive_design', 1998, #1906 ) ;
#3297 = ORIENTED_EDGE ( 'NONE', *, *, #2329, .T. ) ;
#3298 = LINE ( 'NONE', #1096, #2410 ) ;
#3299 = CARTESIAN_POINT ( 'NONE',  ( -8.775631072831838964, -10.00000000000000000, 37.00652820552347322 ) ) ;
#3300 = EDGE_CURVE ( 'NONE', #3637, #2831, #339, .T. ) ;
#3301 = ORIENTED_EDGE ( 'NONE', *, *, #1344, .T. ) ;
#3302 = ORIENTED_EDGE ( 'NONE', *, *, #3488, .F. ) ;
#3303 = CARTESIAN_POINT ( 'NONE',  ( -1.224368927168166810, -0.9999999999999991118, 27.99347179447653389 ) ) ;
#3304 = PLANE ( 'NONE',  #1419 ) ;
#3305 = VECTOR ( 'NONE', #1240, 1000.000000000000000 ) ;
#3306 = LINE ( 'NONE', #3688, #2833 ) ;
#3307 = FACE_OUTER_BOUND ( 'NONE', #3977, .T. ) ;
#3308 = VECTOR ( 'NONE', #4197, 1000.000000000000000 ) ;
#3309 = PLANE ( 'NONE',  #3690 ) ;
#3310 = ORIENTED_EDGE ( 'NONE', *, *, #2946, .F. ) ;
#3311 = CARTESIAN_POINT ( 'NONE',  ( -6.645362379242963691, -10.00000000000000000, -21.90370721547782296 ) ) ;
#3312 = VECTOR ( 'NONE', #530, 1000.000000000000000 ) ;
#3313 = PLANE ( 'NONE',  #3505 ) ;
#3314 = VECTOR ( 'NONE', #568, 1000.000000000000000 ) ;
#3315 = AXIS2_PLACEMENT_3D ( 'NONE', #2109, #317, #1763 ) ;
#3316 = EDGE_LOOP ( 'NONE', ( #3014, #4637, #1850, #3478 ) ) ;
#3317 = VECTOR ( 'NONE', #3865, 1000.000000000000000 ) ;
#3318 = LINE ( 'NONE', #4011, #125 ) ;
#3319 = DIRECTION ( 'NONE',  ( 0.000000000000000000, 1.000000000000000000, 0.000000000000000000 ) ) ;
#3320 = ADVANCED_FACE ( 'NONE', ( #2898 ), #3684, .F. ) ;
#3321 = EDGE_CURVE ( 'NONE', #78, #2786, #3254, .T. ) ;
#3322 = ORIENTED_EDGE ( 'NONE', *, *, #1658, .F. ) ;
#3323 = DIRECTION ( 'NONE',  ( 0.000000000000000000, 0.000000000000000000, 1.000000000000000000 ) ) ;
#3324 = SHAPE_DEFINITION_REPRESENTATION ( #611, #837 ) ;
#3325 = VERTEX_POINT ( 'NONE', #1503 ) ;
#3326 = DIRECTION ( 'NONE',  ( 0.000000000000000000, 1.000000000000000000, 0.000000000000000000 ) ) ;
#3327 = DIRECTION ( 'NONE',  ( 2.580542196641711662E-16, 0.000000000000000000, -1.000000000000000000 ) ) ;
#3328 = VERTEX_POINT ( 'NONE', #1100 ) ;
#3329 = EDGE_LOOP ( 'NONE', ( #1373, #1376, #2073, #2362 ) ) ;
#3330 = DIRECTION ( 'NONE',  ( -0.06104853953485316065, -0.000000000000000000, 0.9981347984218672531 ) ) ;
#3331 = DIRECTION ( 'NONE',  ( 0.000000000000000000, 0.000000000000000000, 1.000000000000000000 ) ) ;
#3332 = CARTESIAN_POINT ( 'NONE',  ( 9.548273171980190099, -10.00000000000000000, 30.42827841314496240 ) ) ;
#3333 = CARTESIAN_POINT ( 'NONE',  ( -7.797029150424228838, -0.9999999999999991118, 21.00652820552346256 ) ) ;
#3334 = DIRECTION ( 'NONE',  ( 1.000000000000000000, 0.000000000000000000, 6.892772199665726237E-17 ) ) ;
#3335 = VERTEX_POINT ( 'NONE', #4402 ) ;
#3336 = CARTESIAN_POINT ( 'NONE',  ( -1.775631072831839186, -10.00000000000000000, 37.00652820552347322 ) ) ;
#3337 = CARTESIAN_POINT ( 'NONE',  ( -17.44176566317134558, -10.00000000000000000, 23.57266022325603316 ) ) ;
#3338 = EDGE_CURVE ( 'NONE', #2225, #3598, #17, .T. ) ;
#3339 = EDGE_LOOP ( 'NONE', ( #142, #1334, #818, #2917 ) ) ;
#3340 = VECTOR ( 'NONE', #4287, 1000.000000000000000 ) ;
#3341 = EDGE_LOOP ( 'NONE', ( #3171, #2343, #2517, #190, #3490, #302 ) ) ;
#3342 = VECTOR ( 'NONE', #1368, 1000.000000000000000 ) ;
#3343 = CYLINDRICAL_SURFACE ( 'NONE', #1745, 2.600000000000001421 ) ;
#3344 = LINE ( 'NONE', #29, #4688 ) ;
#3345 = ADVANCED_FACE ( 'NONE', ( #2533, #429, #2490 ), #4377, .T. ) ;
#3346 = FACE_OUTER_BOUND ( 'NONE', #1494, .T. ) ;
#3347 = ORIENTED_EDGE ( 'NONE', *, *, #1840, .F. ) ;
#3348 = CARTESIAN_POINT ( 'NONE',  ( -0.8256953720314830214, -1.000000000000000000, 11.00000000000000178 ) ) ;
#3349 = CARTESIAN_POINT ( 'NONE',  ( 0.000000000000000000, -10.00000000000000000, 0.000000000000000000 ) ) ;
#3350 = EDGE_CURVE ( 'NONE', #262, #2493, #4664, .T. ) ;
#3351 = ADVANCED_FACE ( 'NONE', ( #1405 ), #406, .F. ) ;
#3352 = VERTEX_POINT ( 'NONE', #3997 ) ;
#3353 = EDGE_LOOP ( 'NONE', ( #3013, #3405, #3632, #2048 ) ) ;
#3354 = DIRECTION ( 'NONE',  ( 0.000000000000000000, 1.000000000000000000, 0.000000000000000000 ) ) ;
#3355 = CARTESIAN_POINT ( 'NONE',  ( 0.000000000000000000, -0.6400000000000000133, 0.000000000000000000 ) ) ;
#3356 = ORIENTED_EDGE ( 'NONE', *, *, #2737, .T. ) ;
#3357 = DIRECTION ( 'NONE',  ( -0.7986355100472919410, 0.000000000000000000, 0.6018150231520494886 ) ) ;
#3358 = CIRCLE ( 'NONE', #2587, 7.000000000000182965 ) ;
#3359 = CARTESIAN_POINT ( 'NONE',  ( -5.479968827431126677, -0.9999999999999991118, -23.00000000000000355 ) ) ;
#3360 = VECTOR ( 'NONE', #2530, 1000.000000000000000 ) ;
#3361 = CARTESIAN_POINT ( 'NONE',  ( 0.000000000000000000, -0.6400000000000000133, 0.000000000000000000 ) ) ;
#3362 = VERTEX_POINT ( 'NONE', #3439 ) ;
#3363 = CYLINDRICAL_SURFACE ( 'NONE', #927, 2.500000000000000444 ) ;
#3364 = ADVANCED_FACE ( 'NONE', ( #3232 ), #3591, .F. ) ;
#3365 = ORIENTED_EDGE ( 'NONE', *, *, #2621, .T. ) ;
#3366 = ORIENTED_EDGE ( 'NONE', *, *, #1231, .F. ) ;
#3367 = PLANE ( 'NONE',  #688 ) ;
#3368 = CARTESIAN_POINT ( 'NONE',  ( -9.202970849575789813, -10.00000000000000000, 43.99347179447654099 ) ) ;
#3369 = CARTESIAN_POINT ( 'NONE',  ( 8.001249483932832973, -10.00000000000000000, -23.00000000000000711 ) ) ;
#3370 = VERTEX_POINT ( 'NONE', #2583 ) ;
#3371 = CARTESIAN_POINT ( 'NONE',  ( 6.628307619941714357, -0.6400000000000000133, 22.18255006523298078 ) ) ;
#3372 = LINE ( 'NONE', #1097, #3360 ) ;
#3373 = ORIENTED_EDGE ( 'NONE', *, *, #2907, .T. ) ;
#3374 = ORIENTED_EDGE ( 'NONE', *, *, #4254, .F. ) ;
#3375 = FACE_OUTER_BOUND ( 'NONE', #1815, .T. ) ;
#3376 = VERTEX_POINT ( 'NONE', #1126 ) ;
#3377 = FILL_AREA_STYLE ('',( #2277 ) ) ;
#3378 = CARTESIAN_POINT ( 'NONE',  ( 6.291820713518296415, -0.9999999999999991118, 4.000000000000000888 ) ) ;
#3379 = EDGE_CURVE ( 'NONE', #579, #783, #700, .T. ) ;
#3380 = EDGE_CURVE ( 'NONE', #2389, #1088, #4691, .T. ) ;
#3381 = VECTOR ( 'NONE', #863, 1000.000000000000114 ) ;
#3382 = CARTESIAN_POINT ( 'NONE',  ( -8.775631072831838964, -0.9999999999999991118, 37.00652820552347322 ) ) ;
#3383 = ORIENTED_EDGE ( 'NONE', *, *, #2723, .T. ) ;
#3384 = CARTESIAN_POINT ( 'NONE',  ( -5.479968827431126677, -0.9999999999999991118, -23.00000000000000355 ) ) ;
#3385 = VERTEX_POINT ( 'NONE', #2154 ) ;
#3386 = EDGE_CURVE ( 'NONE', #783, #1967, #2849, .T. ) ;
#3387 = EDGE_LOOP ( 'NONE', ( #768, #1143, #1269, #2221, #2834, #1592 ) ) ;
#3388 = CARTESIAN_POINT ( 'NONE',  ( 15.94036921313058563, -0.6400000000000000133, 0.9749547472411164151 ) ) ;
#3389 = CARTESIAN_POINT ( 'NONE',  ( 8.007780573516587452, -0.6400000000000000133, 30.87125241406042164 ) ) ;
#3390 = VECTOR ( 'NONE', #1245, 1000.000000000000000 ) ;
#3391 = AXIS2_PLACEMENT_3D ( 'NONE', #1327, #218, #2057 ) ;
#3392 = DIRECTION ( 'NONE',  ( -0.6851829903263608745, 0.000000000000000000, -0.7283709698823985779 ) ) ;
#3393 = AXIS2_PLACEMENT_3D ( 'NONE', #3415, #3459, #1608 ) ;
#3394 = DIRECTION ( 'NONE',  ( 1.000000000000000000, 0.000000000000000000, -0.000000000000000000 ) ) ;
#3395 = DIRECTION ( 'NONE',  ( 0.6018150231520499327, -0.000000000000000000, 0.7986355100472916080 ) ) ;
#3396 = VERTEX_POINT ( 'NONE', #3612 ) ;
#3397 = VERTEX_POINT ( 'NONE', #4021 ) ;
#3398 = CARTESIAN_POINT ( 'NONE',  ( -1.775631072831839186, -0.9999999999999991118, 37.00652820552347322 ) ) ;
#3399 = DIRECTION ( 'NONE',  ( -0.7986355100472962709, -0.000000000000000000, -0.6018150231520437154 ) ) ;
#3400 = EDGE_LOOP ( 'NONE', ( #1627, #808, #2440, #1957 ) ) ;
#3401 = DIRECTION ( 'NONE',  ( -0.000000000000000000, -1.000000000000000000, -0.000000000000000000 ) ) ;
#3402 = CARTESIAN_POINT ( 'NONE',  ( 0.000000000000000000, -1.000000000000000000, 0.000000000000000000 ) ) ;
#3403 = AXIS2_PLACEMENT_3D ( 'NONE', #1549, #3284, #3739 ) ;
#3404 = DIRECTION ( 'NONE',  ( 0.000000000000000000, 1.000000000000000000, 0.000000000000000000 ) ) ;
#3405 = ORIENTED_EDGE ( 'NONE', *, *, #506, .F. ) ;
#3406 = DIRECTION ( 'NONE',  ( 0.000000000000000000, 0.000000000000000000, 1.000000000000000000 ) ) ;
#3407 = ADVANCED_FACE ( 'NONE', ( #363 ), #1852, .T. ) ;
#3408 = ORIENTED_EDGE ( 'NONE', *, *, #716, .F. ) ;
#3410 = EDGE_CURVE ( 'NONE', #2232, #1043, #478, .T. ) ;
#3409 = VECTOR ( 'NONE', #448, 1000.000000000000000 ) ;
#3411 = EDGE_CURVE ( 'NONE', #1576, #1009, #1923, .T. ) ;
#3412 = ORIENTED_EDGE ( 'NONE', *, *, #4701, .T. ) ;
#3413 = LINE ( 'NONE', #1959, #2800 ) ;
#3414 = ADVANCED_FACE ( 'NONE', ( #3375 ), #840, .F. ) ;
#3415 = CARTESIAN_POINT ( 'NONE',  ( -6.578310240089378702, -0.6399999999999999023, -22.99999999999995026 ) ) ;
#3416 = VECTOR ( 'NONE', #1695, 1000.000000000000000 ) ;
#3417 = ORIENTED_EDGE ( 'NONE', *, *, #2117, .T. ) ;
#3418 = EDGE_CURVE ( 'NONE', #2760, #3385, #4116, .T. ) ;
#3419 = FACE_BOUND ( 'NONE', #4401, .T. ) ;
#3420 = PLANE ( 'NONE',  #4398 ) ;
#3421 = LINE ( 'NONE', #3444, #2318 ) ;
#3422 = ORIENTED_EDGE ( 'NONE', *, *, #2677, .T. ) ;
#3423 = VERTEX_POINT ( 'NONE', #1569 ) ;
#3424 = DIRECTION ( 'NONE',  ( 0.000000000000000000, -1.000000000000000000, 0.000000000000000000 ) ) ;
#3425 = CARTESIAN_POINT ( 'NONE',  ( 0.000000000000000000, -0.6400000000000000133, 65.00000000000000000 ) ) ;
#3426 = ORIENTED_EDGE ( 'NONE', *, *, #1863, .F. ) ;
#3427 = CARTESIAN_POINT ( 'NONE',  ( 10.45482207421837906, -0.9999999999999991118, -24.00000000000104095 ) ) ;
#3428 = FACE_OUTER_BOUND ( 'NONE', #1828, .T. ) ;
#3429 = EDGE_CURVE ( 'NONE', #839, #726, #3712, .T. ) ;
#3430 = AXIS2_PLACEMENT_3D ( 'NONE', #3018, #3853, #4527 ) ;
#3431 = DIRECTION ( 'NONE',  ( 0.000000000000000000, 1.000000000000000000, 0.000000000000000000 ) ) ;
#3432 = VECTOR ( 'NONE', #3658, 1000.000000000000000 ) ;
#3433 = ORIENTED_EDGE ( 'NONE', *, *, #1896, .F. ) ;
#3434 = DIRECTION ( 'NONE',  ( 0.000000000000000000, 1.000000000000000000, 0.000000000000000000 ) ) ;
#3435 = CLOSED_SHELL ( 'NONE', ( #590, #1722, #3609, #1635, #1092, #607, #3125, #1853, #3837, #1089, #539, #715, #3703, #1744, #4056, #3462, #654, #2964, #474, #1030, #1622, #4020, #4471, #2524, #3147, #1027, #1434, #2769, #916, #1407, #3095, #2353, #2886, #2005, #3870, #939, #1314, #3210, #675, #747, #3798, #4673, #4281, #3769, #4085, #3556, #4309, #4690, #2374, #594, #121, #328, #3266, #799, #2715, #3982, #3899, #2488, #3758, #2143 ) ) ;
#3436 = EDGE_LOOP ( 'NONE', ( #3862, #710, #2595, #1147 ) ) ;
#3437 = CYLINDRICAL_SURFACE ( 'NONE', #2495, 8.000000000000181188 ) ;
#3438 = CYLINDRICAL_SURFACE ( 'NONE', #2782, 7.000000000000182965 ) ;
#3439 = CARTESIAN_POINT ( 'NONE',  ( 12.92931211289799442, -0.9999999999999991118, -1.001708526524977216 ) ) ;
#3440 = EDGE_CURVE ( 'NONE', #3089, #255, #1901, .T. ) ;
#3441 = ORIENTED_EDGE ( 'NONE', *, *, #967, .F. ) ;
#3442 = PLANE ( 'NONE',  #3077 ) ;
#3443 = PLANE ( 'NONE',  #4608 ) ;
#3444 = CARTESIAN_POINT ( 'NONE',  ( -15.80614170435593380, -10.00000000000000000, -3.169555116623693269 ) ) ;
#3445 = VERTEX_POINT ( 'NONE', #3015 ) ;
#3447 = ORIENTED_EDGE ( 'NONE', *, *, #2062, .T. ) ;
#3446 = VECTOR ( 'NONE', #1001, 1000.000000000000227 ) ;
#3448 = DIRECTION ( 'NONE',  ( -0.000000000000000000, 1.000000000000000000, -0.000000000000000000 ) ) ;
#3449 = LINE ( 'NONE', #2345, #3240 ) ;
#3450 = VERTEX_POINT ( 'NONE', #3784 ) ;
#3451 = CARTESIAN_POINT ( 'NONE',  ( 6.578310240089229488, -0.9999999999999991118, 22.99999999999687006 ) ) ;
#3452 = DIRECTION ( 'NONE',  ( 1.000000000000000000, 0.000000000000000000, -0.000000000000000000 ) ) ;
#3453 = EDGE_CURVE ( 'NONE', #4255, #2302, #882, .T. ) ;
#3454 = CARTESIAN_POINT ( 'NONE',  ( 9.333267306181616263, -10.00000000000000000, -22.04314987346826626 ) ) ;
#3455 = ORIENTED_EDGE ( 'NONE', *, *, #2263, .F. ) ;
#3456 = FILL_AREA_STYLE ('',( #4233 ) ) ;
#3457 = FACE_BOUND ( 'NONE', #1225, .T. ) ;
#3458 = VECTOR ( 'NONE', #4501, 1000.000000000000000 ) ;
#3459 = DIRECTION ( 'NONE',  ( 0.000000000000000000, 1.000000000000000000, -0.000000000000000000 ) ) ;
#3460 = ORIENTED_EDGE ( 'NONE', *, *, #1596, .F. ) ;
#3461 = FACE_OUTER_BOUND ( 'NONE', #3995, .T. ) ;
#3462 = ADVANCED_FACE ( 'NONE', ( #2681 ), #2606, .F. ) ;
#3464 = VECTOR ( 'NONE', #2239, 1000.000000000000000 ) ;
#3463 = VECTOR ( 'NONE', #44, 1000.000000000000000 ) ;
#3465 = DIRECTION ( 'NONE',  ( 0.000000000000000000, 1.000000000000000000, 0.000000000000000000 ) ) ;
#3466 = CARTESIAN_POINT ( 'NONE',  ( -12.92931211289798377, -10.00000000000000000, -1.001708526524981657 ) ) ;
#3467 = AXIS2_PLACEMENT_3D ( 'NONE', #310, #2052, #286 ) ;
#3468 = EDGE_CURVE ( 'NONE', #3051, #1683, #2344, .T. ) ;
#3469 = VERTEX_POINT ( 'NONE', #2962 ) ;
#3470 = AXIS2_PLACEMENT_3D ( 'NONE', #193, #3038, #4525 ) ;
#3471 = ORIENTED_EDGE ( 'NONE', *, *, #416, .F. ) ;
#3472 = CARTESIAN_POINT ( 'NONE',  ( -16.00000000000000000, -4.000000000000000000, -30.94999999999999929 ) ) ;
#3473 = VECTOR ( 'NONE', #585, 1000.000000000000227 ) ;
#3474 = ORIENTED_EDGE ( 'NONE', *, *, #2826, .F. ) ;
#3475 = DIRECTION ( 'NONE',  ( 0.000000000000000000, 0.000000000000000000, 1.000000000000000000 ) ) ;
#3476 = DIRECTION ( 'NONE',  ( -1.000000000000000000, 0.000000000000000000, -0.000000000000000000 ) ) ;
#3477 = EDGE_CURVE ( 'NONE', #1738, #659, #1256, .T. ) ;
#3478 = ORIENTED_EDGE ( 'NONE', *, *, #716, .T. ) ;
#3479 = FACE_OUTER_BOUND ( 'NONE', #4565, .T. ) ;
#3480 = VECTOR ( 'NONE', #68, 1000.000000000000000 ) ;
#3481 = CARTESIAN_POINT ( 'NONE',  ( 0.000000000000000000, -0.6400000000000000133, -32.50000000000000000 ) ) ;
#3482 = CARTESIAN_POINT ( 'NONE',  ( -6.578310240089471073, -10.00000000000000000, -22.99999999999981171 ) ) ;
#3483 = ORIENTED_EDGE ( 'NONE', *, *, #3029, .T. ) ;
#3484 = CARTESIAN_POINT ( 'NONE',  ( -0.8256953720314832434, -4.000000000000000000, 16.10000000000000142 ) ) ;
#3485 = DIRECTION ( 'NONE',  ( -0.06104853953485288309, 0.000000000000000000, 0.9981347984218672531 ) ) ;
#3486 = DIRECTION ( 'NONE',  ( 1.000000000000000000, -0.000000000000000000, 0.000000000000000000 ) ) ;
#3487 = CARTESIAN_POINT ( 'NONE',  ( -9.320512243876331482, -10.00000000000000000, 21.83460644818817187 ) ) ;
#3488 = EDGE_CURVE ( 'NONE', #2742, #956, #1171, .T. ) ;
#3489 = ORIENTED_EDGE ( 'NONE', *, *, #4192, .F. ) ;
#3490 = ORIENTED_EDGE ( 'NONE', *, *, #27, .T. ) ;
#3491 = VECTOR ( 'NONE', #1033, 1000.000000000000000 ) ;
#3492 = DIRECTION ( 'NONE',  ( -0.9981347984218673641, 0.000000000000000000, -0.06104853953485016305 ) ) ;
#3493 = VERTEX_POINT ( 'NONE', #3735 ) ;
#3494 = EDGE_CURVE ( 'NONE', #4115, #1604, #1546, .T. ) ;
#3495 = CARTESIAN_POINT ( 'NONE',  ( -16.00000000000000000, -4.000000000000000000, -29.50000000000000000 ) ) ;
#3496 = PRODUCT_DEFINITION_SHAPE ( 'NONE', 'NONE',  #4709 ) ;
#3497 = CARTESIAN_POINT ( 'NONE',  ( 12.92931211289799442, -0.9999999999999991118, 1.001708526524975662 ) ) ;
#3498 = DIRECTION ( 'NONE',  ( -1.000000000000000000, 0.000000000000000000, -0.000000000000000000 ) ) ;
#3499 = ORIENTED_EDGE ( 'NONE', *, *, #2566, .T. ) ;
#3500 = DIRECTION ( 'NONE',  ( 0.000000000000000000, 1.000000000000000000, 0.000000000000000000 ) ) ;
#3501 = EDGE_CURVE ( 'NONE', #1449, #1548, #3804, .T. ) ;
#3502 = LINE ( 'NONE', #2809, #3416 ) ;
#3503 = DIRECTION ( 'NONE',  ( -0.6018150231520498217, 0.000000000000000000, 0.7986355100472918300 ) ) ;
#3504 = EDGE_CURVE ( 'NONE', #1967, #783, #2767, .T. ) ;
#3505 = AXIS2_PLACEMENT_3D ( 'NONE', #1064, #393, #2904 ) ;
#3506 = EDGE_LOOP ( 'NONE', ( #3720, #3876, #3850, #471 ) ) ;
#3507 = CARTESIAN_POINT ( 'NONE',  ( 16.00000000000000355, -4.000000000000000000, 29.50000000000000355 ) ) ;
#3508 = LINE ( 'NONE', #1699, #2776 ) ;
#3509 = DIRECTION ( 'NONE',  ( -0.6018150231520495996, 0.000000000000000000, 0.7986355100472919410 ) ) ;
#3510 = DIRECTION ( 'NONE',  ( 0.7986355100472962709, 0.000000000000000000, 0.6018150231520437154 ) ) ;
#3511 = EDGE_LOOP ( 'NONE', ( #1619, #3527, #3373, #2321, #463, #3840 ) ) ;
#3512 = ORIENTED_EDGE ( 'NONE', *, *, #829, .F. ) ;
#3513 = CYLINDRICAL_SURFACE ( 'NONE', #1787, 2.600000000000000089 ) ;
#3514 =( NAMED_UNIT ( * ) PLANE_ANGLE_UNIT ( ) SI_UNIT ( $, .RADIAN. ) );
#3515 = VERTEX_POINT ( 'NONE', #3398 ) ;
#3516 = DIRECTION ( 'NONE',  ( 0.000000000000000000, 1.000000000000000000, 0.000000000000000000 ) ) ;
#3517 = DIRECTION ( 'NONE',  ( 0.000000000000000000, 1.000000000000000000, 0.000000000000000000 ) ) ;
#3518 = ORIENTED_EDGE ( 'NONE', *, *, #92, .F. ) ;
#3519 = DIRECTION ( 'NONE',  ( 0.7986355100472917190, -0.000000000000000000, 0.6018150231520497107 ) ) ;
#3520 = DIRECTION ( 'NONE',  ( -0.7986355100472961599, 0.000000000000000000, 0.6018150231520438265 ) ) ;
#3521 = VERTEX_POINT ( 'NONE', #1970 ) ;
#3522 = EDGE_CURVE ( 'NONE', #4564, #1317, #3037, .T. ) ;
#3523 = ADVANCED_FACE ( 'NONE', ( #4450 ), #4524, .F. ) ;
#3524 = VERTEX_POINT ( 'NONE', #1194 ) ;
#3525 = LINE ( 'NONE', #2115, #2571 ) ;
#3526 = DIRECTION ( 'NONE',  ( 0.000000000000000000, 1.000000000000000000, 0.000000000000000000 ) ) ;
#3527 = ORIENTED_EDGE ( 'NONE', *, *, #3573, .T. ) ;
#3528 = PRODUCT_DEFINITION_SHAPE ( 'NONE', 'NONE',  #4712 ) ;
#3529 = DIRECTION ( 'NONE',  ( 0.000000000000000000, 1.000000000000000000, 0.000000000000000000 ) ) ;
#3530 = VECTOR ( 'NONE', #3085, 1000.000000000000114 ) ;
#3531 = LINE ( 'NONE', #3913, #1416 ) ;
#3532 = DIRECTION ( 'NONE',  ( 0.000000000000000000, 1.000000000000000000, 0.000000000000000000 ) ) ;
#3533 = DIRECTION ( 'NONE',  ( 0.000000000000000000, 1.000000000000000000, 0.000000000000000000 ) ) ;
#3534 = AXIS2_PLACEMENT_3D ( 'NONE', #612, #4156, #4629 ) ;
#3535 = ORIENTED_EDGE ( 'NONE', *, *, #841, .T. ) ;
#3536 = ORIENTED_EDGE ( 'NONE', *, *, #1821, .F. ) ;
#3537 = DIRECTION ( 'NONE',  ( 0.000000000000000000, 1.000000000000000000, 0.000000000000000000 ) ) ;
#3538 = VERTEX_POINT ( 'NONE', #4094 ) ;
#3539 = VECTOR ( 'NONE', #503, 1000.000000000000000 ) ;
#3540 = DIRECTION ( 'NONE',  ( 0.000000000000000000, -1.000000000000000000, 0.000000000000000000 ) ) ;
#3541 = VECTOR ( 'NONE', #936, 1000.000000000000000 ) ;
#3542 = FACE_OUTER_BOUND ( 'NONE', #4560, .T. ) ;
#3543 = AXIS2_PLACEMENT_3D ( 'NONE', #2899, #1431, #18 ) ;
#3544 = ORIENTED_EDGE ( 'NONE', *, *, #4002, .F. ) ;
#3545 = VECTOR ( 'NONE', #1941, 1000.000000000000000 ) ;
#3546 = CARTESIAN_POINT ( 'NONE',  ( -1.775631072831839186, -0.9999999999999991118, 37.00652820552347322 ) ) ;
#3547 = LINE ( 'NONE', #3164, #3491 ) ;
#3548 = ORIENTED_EDGE ( 'NONE', *, *, #1780, .F. ) ;
#3549 = CARTESIAN_POINT ( 'NONE',  ( 6.628307619941712581, -0.9999999999999991118, 22.18255006523297723 ) ) ;
#3550 = ADVANCED_FACE ( 'NONE', ( #2080 ), #291, .F. ) ;
#3551 = EDGE_LOOP ( 'NONE', ( #2489, #3955, #1781, #305 ) ) ;
#3552 = LINE ( 'NONE', #252, #70 ) ;
#3553 = ADVANCED_FACE ( 'NONE', ( #1734 ), #4203, .F. ) ;
#3554 = DIRECTION ( 'NONE',  ( 0.000000000000000000, 1.000000000000000000, 0.000000000000000000 ) ) ;
#3555 = ORIENTED_EDGE ( 'NONE', *, *, #3150, .F. ) ;
#3556 = ADVANCED_FACE ( 'NONE', ( #2795 ), #3919, .F. ) ;
#3557 = DIRECTION ( 'NONE',  ( 0.000000000000000000, 1.000000000000000000, -0.000000000000000000 ) ) ;
#3558 = CARTESIAN_POINT ( 'NONE',  ( 5.220423904620727917, -0.9999999999999991118, 23.00000000000000355 ) ) ;
#3559 = CARTESIAN_POINT ( 'NONE',  ( -16.06815885638107488, -0.9999999999999991118, 28.18215855390708668 ) ) ;
#3560 = EDGE_CURVE ( 'NONE', #4169, #78, #2012, .T. ) ;
#3561 = EDGE_LOOP ( 'NONE', ( #4687, #3045 ) ) ;
#3562 = FILL_AREA_STYLE_COLOUR ( '', #2920 ) ;
#3563 = DIRECTION ( 'NONE',  ( 0.000000000000000000, 0.000000000000000000, 1.000000000000000000 ) ) ;
#3564 = ORIENTED_EDGE ( 'NONE', *, *, #3695, .F. ) ;
#3565 = CARTESIAN_POINT ( 'NONE',  ( 11.37146240934107233, -0.6400000000000000133, -30.93972409365286325 ) ) ;
#3566 = LINE ( 'NONE', #4685, #795 ) ;
#3567 = VECTOR ( 'NONE', #2477, 1000.000000000000000 ) ;
#3568 = VERTEX_POINT ( 'NONE', #4547 ) ;
#3569 = PLANE ( 'NONE',  #3692 ) ;
#3570 = PLANE ( 'NONE',  #71 ) ;
#3571 = VERTEX_POINT ( 'NONE', #1684 ) ;
#3572 = CARTESIAN_POINT ( 'NONE',  ( 0.8256953720314850198, -1.000000000000000000, -10.99999999999999822 ) ) ;
#3573 = EDGE_CURVE ( 'NONE', #726, #2138, #1639, .T. ) ;
#3574 = ORIENTED_EDGE ( 'NONE', *, *, #4113, .T. ) ;
#3575 = CARTESIAN_POINT ( 'NONE',  ( 6.291820713518296415, -0.9999999999999991118, 4.000000000000000888 ) ) ;
#3576 = DIRECTION ( 'NONE',  ( -0.000000000000000000, -1.000000000000000000, -0.000000000000000000 ) ) ;
#3577 = VERTEX_POINT ( 'NONE', #1283 ) ;
#3578 = VECTOR ( 'NONE', #2666, 1000.000000000000114 ) ;
#3579 = LINE ( 'NONE', #3197, #3238 ) ;
#3580 = VECTOR ( 'NONE', #414, 1000.000000000000000 ) ;
#3581 = DIRECTION ( 'NONE',  ( 1.000000000000000000, 0.000000000000000000, 0.000000000000000000 ) ) ;
#3582 = CARTESIAN_POINT ( 'NONE',  ( 7.681935248344225364, -10.00000000000000000, 4.955890615225124307 ) ) ;
#3583 = ADVANCED_FACE ( 'NONE', ( #3851 ), #2439, .T. ) ;
#3584 = EDGE_CURVE ( 'NONE', #77, #4267, #2009, .T. ) ;
#3585 = VERTEX_POINT ( 'NONE', #4275 ) ;
#3586 = SHAPE_DEFINITION_REPRESENTATION ( #2382, #3071 ) ;
#3587 = ORIENTED_EDGE ( 'NONE', *, *, #4245, .F. ) ;
#3588 = FACE_OUTER_BOUND ( 'NONE', #4280, .T. ) ;
#3589 = LINE ( 'NONE', #1779, #3897 ) ;
#3590 = ORIENTED_EDGE ( 'NONE', *, *, #4108, .T. ) ;
#3591 = PLANE ( 'NONE',  #2159 ) ;
#3592 = LINE ( 'NONE', #3233, #2015 ) ;
#3593 = CARTESIAN_POINT ( 'NONE',  ( -8.224368927168168142, -10.00000000000000000, 27.99347179447653389 ) ) ;
#3594 = ORIENTED_EDGE ( 'NONE', *, *, #961, .F. ) ;
#3595 = VERTEX_POINT ( 'NONE', #1661 ) ;
#3596 = FILL_AREA_STYLE ('',( #708 ) ) ;
#3597 = CARTESIAN_POINT ( 'NONE',  ( -0.8256953720314832434, -4.000000000000000000, 16.10000000000000142 ) ) ;
#3598 = VERTEX_POINT ( 'NONE', #1991 ) ;
#3599 = CARTESIAN_POINT ( 'NONE',  ( 6.628307619941712581, -0.9999999999999991118, 22.18255006523297723 ) ) ;
#3600 = CARTESIAN_POINT ( 'NONE',  ( -10.45482207421827425, -0.9999999999999991118, 31.00000000000000355 ) ) ;
#3601 = VERTEX_POINT ( 'NONE', #974 ) ;
#3602 = EDGE_CURVE ( 'NONE', #378, #3598, #1307, .T. ) ;
#3603 = CARTESIAN_POINT ( 'NONE',  ( 5.220423904620724365, -10.00000000000000000, 23.00000000000000000 ) ) ;
#3604 = PRODUCT_CONTEXT ( 'NONE', #4433, 'mechanical' ) ;
#3605 = ORIENTED_EDGE ( 'NONE', *, *, #159, .F. ) ;
#3606 = DIRECTION ( 'NONE',  ( 0.9981347984218672531, -0.000000000000000000, 0.06104853953485284146 ) ) ;
#3607 = PLANE ( 'NONE',  #639 ) ;
#3608 = UNCERTAINTY_MEASURE_WITH_UNIT (LENGTH_MEASURE( 1.000000000000000082E-05 ), #3827, 'distance_accuracy_value', 'NONE');
#3609 = ADVANCED_FACE ( 'NONE', ( #2460 ), #3513, .F. ) ;
#3610 = VECTOR ( 'NONE', #3273, 999.9999999999998863 ) ;
#3611 = EDGE_LOOP ( 'NONE', ( #3616, #1581 ) ) ;
#3612 = CARTESIAN_POINT ( 'NONE',  ( 5.220423904620727917, -0.9999999999999991118, 23.00000000000000355 ) ) ;
#3613 = DIRECTION ( 'NONE',  ( 0.000000000000000000, 0.000000000000000000, 1.000000000000000000 ) ) ;
#3614 = EDGE_CURVE ( 'NONE', #2873, #2812, #4674, .T. ) ;
#3615 = DIRECTION ( 'NONE',  ( 0.000000000000000000, 1.000000000000000000, 0.000000000000000000 ) ) ;
#3616 = ORIENTED_EDGE ( 'NONE', *, *, #1673, .T. ) ;
#3618 = VECTOR ( 'NONE', #780, 1000.000000000000114 ) ;
#3617 = AXIS2_PLACEMENT_3D ( 'NONE', #1835, #3621, #773 ) ;
#3619 = AXIS2_PLACEMENT_3D ( 'NONE', #264, #3563, #1705 ) ;
#3620 = EDGE_CURVE ( 'NONE', #2981, #4263, #2771, .T. ) ;
#3621 = DIRECTION ( 'NONE',  ( -0.6018150231520498217, 0.000000000000000000, -0.7986355100472917190 ) ) ;
#3622 = CIRCLE ( 'NONE', #3010, 2.600000000000000089 ) ;
#3623 = ORIENTED_EDGE ( 'NONE', *, *, #3732, .F. ) ;
#3624 = LINE ( 'NONE', #3980, #549 ) ;
#3625 = EDGE_LOOP ( 'NONE', ( #1659, #999, #3931, #897 ) ) ;
#3626 = ADVANCED_FACE ( 'NONE', ( #2728 ), #619, .F. ) ;
#3627 = DIRECTION ( 'NONE',  ( 0.06104853953485288309, 0.000000000000000000, -0.9981347984218672531 ) ) ;
#3628 = DIRECTION ( 'NONE',  ( -0.000000000000000000, 1.000000000000000000, -0.000000000000000000 ) ) ;
#3629 = CIRCLE ( 'NONE', #754, 8.000000000003137046 ) ;
#3630 = VERTEX_POINT ( 'NONE', #3472 ) ;
#3631 = LINE ( 'NONE', #354, #1860 ) ;
#3632 = ORIENTED_EDGE ( 'NONE', *, *, #1784, .F. ) ;
#3633 = LINE ( 'NONE', #1472, #1962 ) ;
#3634 = LINE ( 'NONE', #2603, #1305 ) ;
#3635 = VECTOR ( 'NONE', #2579, 1000.000000000000000 ) ;
#3636 = EDGE_CURVE ( 'NONE', #2493, #347, #216, .T. ) ;
#3637 = VERTEX_POINT ( 'NONE', #263 ) ;
#3638 = EDGE_CURVE ( 'NONE', #2868, #4136, #4613, .T. ) ;
#3639 = CARTESIAN_POINT ( 'NONE',  ( -11.60000000000000142, -0.9999999999999991118, 0.000000000000000000 ) ) ;
#3640 = FACE_OUTER_BOUND ( 'NONE', #2613, .T. ) ;
#3641 = LINE ( 'NONE', #1527, #21 ) ;
#3642 = DIRECTION ( 'NONE',  ( 8.673617379884019695E-16, 0.000000000000000000, 1.000000000000000000 ) ) ;
#3643 = VECTOR ( 'NONE', #2309, 1000.000000000000000 ) ;
#3644 = DIRECTION ( 'NONE',  ( -1.000000000000000000, -0.000000000000000000, -0.000000000000000000 ) ) ;
#3645 = ORIENTED_EDGE ( 'NONE', *, *, #3756, .T. ) ;
#3646 = CARTESIAN_POINT ( 'NONE',  ( 8.001249483932832973, -0.9999999999999991118, -23.00000000000000711 ) ) ;
#3647 = CARTESIAN_POINT ( 'NONE',  ( -6.645362379242963691, -10.00000000000000000, -21.90370721547782296 ) ) ;
#3648 = ORIENTED_EDGE ( 'NONE', *, *, #2648, .F. ) ;
#3649 = CARTESIAN_POINT ( 'NONE',  ( -14.56338862746445528, -0.6399999999999999023, -23.48838831627882229 ) ) ;
#3650 = ADVANCED_FACE ( 'NONE', ( #1023 ), #1141, .F. ) ;
#3651 = DIRECTION ( 'NONE',  ( 0.000000000000000000, 0.000000000000000000, -1.000000000000000000 ) ) ;
#3652 = AXIS2_PLACEMENT_3D ( 'NONE', #2462, #336, #4323 ) ;
#3653 = ORIENTED_EDGE ( 'NONE', *, *, #157, .F. ) ;
#3654 = VECTOR ( 'NONE', #2974, 999.9999999999998863 ) ;
#3655 = PRODUCT_CONTEXT ( 'NONE', #4670, 'mechanical' ) ;
#3656 = VERTEX_POINT ( 'NONE', #4321 ) ;
#3657 = CARTESIAN_POINT ( 'NONE',  ( -9.320512243876331482, -10.00000000000000000, 21.83460644818817187 ) ) ;
#3658 = DIRECTION ( 'NONE',  ( 0.000000000000000000, 1.000000000000000000, 0.000000000000000000 ) ) ;
#3659 = VECTOR ( 'NONE', #2185, 1000.000000000000227 ) ;
#3660 = ORIENTED_EDGE ( 'NONE', *, *, #2705, .F. ) ;
#3661 = VERTEX_POINT ( 'NONE', #3603 ) ;
#3662 = CARTESIAN_POINT ( 'NONE',  ( 7.681935248344225364, -10.00000000000000000, 4.955890615225124307 ) ) ;
#3663 = DIRECTION ( 'NONE',  ( 0.000000000000000000, 1.000000000000000000, -0.000000000000000000 ) ) ;
#3664 = CARTESIAN_POINT ( 'NONE',  ( -12.92931211289798377, -10.00000000000000000, 1.001708526524982767 ) ) ;
#3665 = CARTESIAN_POINT ( 'NONE',  ( 10.45482207421823162, -10.00000000000000000, -23.99999999999997513 ) ) ;
#3666 = DIRECTION ( 'NONE',  ( -1.000000000000000000, 0.000000000000000000, 2.573541108691231936E-16 ) ) ;
#3667 = VERTEX_POINT ( 'NONE', #2843 ) ;
#3668 = PRESENTATION_STYLE_ASSIGNMENT (( #1438 ) ) ;
#3669 = ADVANCED_FACE ( 'NONE', ( #312 ), #3205, .F. ) ;
#3670 = CARTESIAN_POINT ( 'NONE',  ( -5.479968827431126677, -10.00000000000000000, -23.00000000000000355 ) ) ;
#3671 = EDGE_CURVE ( 'NONE', #3362, #279, #1073, .T. ) ;
#3672 = VECTOR ( 'NONE', #2900, 1000.000000000000114 ) ;
#3673 = ORIENTED_EDGE ( 'NONE', *, *, #343, .T. ) ;
#3674 = CARTESIAN_POINT ( 'NONE',  ( -11.60000000000000142, -10.00000000000000000, 0.000000000000000000 ) ) ;
#3675 = FACE_OUTER_BOUND ( 'NONE', #3353, .T. ) ;
#3676 = ORIENTED_EDGE ( 'NONE', *, *, #1876, .T. ) ;
#3677 = FACE_BOUND ( 'NONE', #1121, .T. ) ;
#3678 = APPLICATION_PROTOCOL_DEFINITION ( 'draft international standard', 'automotive_design', 1998, #3212 ) ;
#3679 = ORIENTED_EDGE ( 'NONE', *, *, #4490, .T. ) ;
#3680 = LINE ( 'NONE', #4347, #3792 ) ;
#3681 = FACE_OUTER_BOUND ( 'NONE', #1955, .T. ) ;
#3682 = ORIENTED_EDGE ( 'NONE', *, *, #2160, .T. ) ;
#3683 = ORIENTED_EDGE ( 'NONE', *, *, #4193, .T. ) ;
#3684 = PLANE ( 'NONE',  #1381 ) ;
#3685 = EDGE_CURVE ( 'NONE', #2191, #2295, #1709, .T. ) ;
#3686 = DIRECTION ( 'NONE',  ( 0.000000000000000000, 1.000000000000000000, 0.000000000000000000 ) ) ;
#3687 = VECTOR ( 'NONE', #1595, 1000.000000000000000 ) ;
#3688 = CARTESIAN_POINT ( 'NONE',  ( 11.59999999999999964, -0.9999999999999991118, 0.000000000000000000 ) ) ;
#3689 = CARTESIAN_POINT ( 'NONE',  ( 0.8256953720314853529, -3.000000000000000000, -16.00000000000000000 ) ) ;
#3690 = AXIS2_PLACEMENT_3D ( 'NONE', #49, #1016, #1814 ) ;
#3691 = LINE ( 'NONE', #73, #3699 ) ;
#3692 = AXIS2_PLACEMENT_3D ( 'NONE', #1058, #1384, #3476 ) ;
#3693 = EDGE_LOOP ( 'NONE', ( #3149, #894, #2905, #884 ) ) ;
#3694 = DIRECTION ( 'NONE',  ( 1.000000000000000000, 0.000000000000000000, -0.000000000000000000 ) ) ;
#3695 = EDGE_CURVE ( 'NONE', #2302, #3938, #694, .T. ) ;
#3696 = CARTESIAN_POINT ( 'NONE',  ( 7.405900169518481846, -0.6400000000000000133, -6.966775220363984111 ) ) ;
#3697 = VECTOR ( 'NONE', #301, 1000.000000000000000 ) ;
#3698 = ORIENTED_EDGE ( 'NONE', *, *, #3730, .F. ) ;
#3699 = VECTOR ( 'NONE', #2971, 1000.000000000000114 ) ;
#3700 = VERTEX_POINT ( 'NONE', #1051 ) ;
#3701 = VECTOR ( 'NONE', #3030, 1000.000000000000000 ) ;
#3702 = EDGE_CURVE ( 'NONE', #311, #3577, #3631, .T. ) ;
#3703 = ADVANCED_FACE ( 'NONE', ( #718 ), #4014, .F. ) ;
#3704 = DIRECTION ( 'NONE',  ( 0.000000000000000000, 1.000000000000000000, 0.000000000000000000 ) ) ;
#3705 = CARTESIAN_POINT ( 'NONE',  ( -6.578310240089471073, -0.6399999999999999023, -22.99999999999981171 ) ) ;
#3706 = DIRECTION ( 'NONE',  ( 0.000000000000000000, 0.000000000000000000, 1.000000000000000000 ) ) ;
#3707 = ORIENTED_EDGE ( 'NONE', *, *, #4122, .T. ) ;
#3708 = CARTESIAN_POINT ( 'NONE',  ( 0.8256953720314853529, -3.000000000000000000, -16.00000000000000000 ) ) ;
#3709 = PLANE ( 'NONE',  #2361 ) ;
#3710 = VERTEX_POINT ( 'NONE', #1398 ) ;
#3711 = ORIENTED_EDGE ( 'NONE', *, *, #3494, .F. ) ;
#3712 = LINE ( 'NONE', #1617, #3687 ) ;
#3713 = CARTESIAN_POINT ( 'NONE',  ( -12.92931211289798377, -0.9999999999999991118, 1.001708526524982767 ) ) ;
#3714 = EDGE_LOOP ( 'NONE', ( #2172, #2935, #2026, #2413 ) ) ;
#3715 = CARTESIAN_POINT ( 'NONE',  ( -0.8256953720314832434, -1.000000000000000000, 13.50000000000000178 ) ) ;
#3716 = LINE ( 'NONE', #4098, #3771 ) ;
#3717 = CARTESIAN_POINT ( 'NONE',  ( 5.220423904620727917, -0.9999999999999991118, 23.00000000000000355 ) ) ;
#3718 = ORIENTED_EDGE ( 'NONE', *, *, #1462, .F. ) ;
#3719 = LINE ( 'NONE', #1270, #3740 ) ;
#3720 = ORIENTED_EDGE ( 'NONE', *, *, #2657, .F. ) ;
#3721 = VECTOR ( 'NONE', #3028, 1000.000000000000000 ) ;
#3722 = ORIENTED_EDGE ( 'NONE', *, *, #2777, .F. ) ;
#3723 = VECTOR ( 'NONE', #3615, 1000.000000000000000 ) ;
#3724 = FACE_BOUND ( 'NONE', #4389, .T. ) ;
#3725 = DIRECTION ( 'NONE',  ( 0.000000000000000000, 0.000000000000000000, 1.000000000000000000 ) ) ;
#3726 = CARTESIAN_POINT ( 'NONE',  ( 11.59999999999999964, -10.00000000000000000, 0.000000000000000000 ) ) ;
#3727 = MANIFOLD_SOLID_BREP ( 'Split1[1]', #4042 ) ;
#3728 = VERTEX_POINT ( 'NONE', #1094 ) ;
#3729 = CARTESIAN_POINT ( 'NONE',  ( -8.261456028412363040, -10.00000000000000000, 4.519190384286107864 ) ) ;
#3730 = EDGE_CURVE ( 'NONE', #3225, #2505, #1448, .T. ) ;
#3731 = DIRECTION ( 'NONE',  ( 0.000000000000000000, 1.000000000000000000, 0.000000000000000000 ) ) ;
#3732 = EDGE_CURVE ( 'NONE', #2066, #2254, #2173, .T. ) ;
#3733 = ORIENTED_EDGE ( 'NONE', *, *, #1244, .F. ) ;
#3734 = ORIENTED_EDGE ( 'NONE', *, *, #1692, .T. ) ;
#3735 = CARTESIAN_POINT ( 'NONE',  ( 12.92931211289799442, -0.6400000000000000133, 1.001708526524974330 ) ) ;
#3736 = EDGE_CURVE ( 'NONE', #975, #4681, #1845, .T. ) ;
#3737 = CARTESIAN_POINT ( 'NONE',  ( -5.479968827431126677, -10.00000000000000000, -23.00000000000000000 ) ) ;
#3738 = VERTEX_POINT ( 'NONE', #11 ) ;
#3739 = DIRECTION ( 'NONE',  ( 0.000000000000000000, 0.000000000000000000, -1.000000000000000000 ) ) ;
#3740 = VECTOR ( 'NONE', #4170, 1000.000000000000000 ) ;
#3741 = DIRECTION ( 'NONE',  ( 0.9981347984218672531, -0.000000000000000000, 0.06104853953485300799 ) ) ;
#3742 = AXIS2_PLACEMENT_3D ( 'NONE', #2863, #3264, #2189 ) ;
#3743 = LINE ( 'NONE', #123, #3237 ) ;
#3744 = ORIENTED_EDGE ( 'NONE', *, *, #362, .F. ) ;
#3745 = PLANE ( 'NONE',  #4418 ) ;
#3746 = VERTEX_POINT ( 'NONE', #1470 ) ;
#3747 = ORIENTED_EDGE ( 'NONE', *, *, #3111, .F. ) ;
#3748 = DIRECTION ( 'NONE',  ( -1.000000000000000000, 0.000000000000000000, -0.000000000000000000 ) ) ;
#3749 = CARTESIAN_POINT ( 'NONE',  ( 10.45482207421827248, -10.00000000000000000, -31.00000000000000000 ) ) ;
#3750 = CARTESIAN_POINT ( 'NONE',  ( -19.00000000000000000, 0.000000000000000000, 32.50000000000000000 ) ) ;
#3751 = CARTESIAN_POINT ( 'NONE',  ( -9.320512243876331482, -10.00000000000000000, 21.83460644818817187 ) ) ;
#3752 = LINE ( 'NONE', #521, #281 ) ;
#3753 = ORIENTED_EDGE ( 'NONE', *, *, #2470, .T. ) ;
#3754 = ORIENTED_EDGE ( 'NONE', *, *, #953, .F. ) ;
#3755 = DIRECTION ( 'NONE',  ( 0.000000000000000000, 1.000000000000000000, 0.000000000000000000 ) ) ;
#3756 = EDGE_CURVE ( 'NONE', #319, #3352, #2912, .T. ) ;
#3757 = DIRECTION ( 'NONE',  ( -1.000000000000000000, 0.000000000000000000, 0.000000000000000000 ) ) ;
#3758 = ADVANCED_FACE ( 'NONE', ( #2955 ), #4132, .F. ) ;
#3759 = ORIENTED_EDGE ( 'NONE', *, *, #3638, .T. ) ;
#3760 = LINE ( 'NONE', #2709, #4234 ) ;
#3761 = LINE ( 'NONE', #3090, #2091 ) ;
#3762 = EDGE_CURVE ( 'NONE', #1482, #1548, #2673, .T. ) ;
#3763 = AXIS2_PLACEMENT_3D ( 'NONE', #1217, #1947, #3061 ) ;
#3764 = CARTESIAN_POINT ( 'NONE',  ( -16.00000000000000000, -4.000000000000000000, -28.04999999999999716 ) ) ;
#3765 = ORIENTED_EDGE ( 'NONE', *, *, #4493, .F. ) ;
#3766 = DIRECTION ( 'NONE',  ( 0.000000000000000000, 1.000000000000000000, -0.000000000000000000 ) ) ;
#3767 = ORIENTED_EDGE ( 'NONE', *, *, #1753, .T. ) ;
#3768 = AXIS2_PLACEMENT_3D ( 'NONE', #4061, #2290, #3706 ) ;
#3769 = ADVANCED_FACE ( 'NONE', ( #3346 ), #2628, .F. ) ;
#3770 = ORIENTED_EDGE ( 'NONE', *, *, #4023, .T. ) ;
#3771 = VECTOR ( 'NONE', #845, 1000.000000000000000 ) ;
#3772 = VECTOR ( 'NONE', #4272, 1000.000000000000000 ) ;
#3773 = DIRECTION ( 'NONE',  ( 0.7986355100472961599, -0.000000000000000000, -0.6018150231520439375 ) ) ;
#3774 = DIRECTION ( 'NONE',  ( 0.000000000000000000, 1.000000000000000000, 0.000000000000000000 ) ) ;
#3775 = VECTOR ( 'NONE', #3519, 1000.000000000000114 ) ;
#3776 = VECTOR ( 'NONE', #3486, 1000.000000000000000 ) ;
#3777 = ORIENTED_EDGE ( 'NONE', *, *, #4166, .T. ) ;
#3778 = CARTESIAN_POINT ( 'NONE',  ( -6.645362379242963691, -10.00000000000000000, -21.90370721547782296 ) ) ;
#3779 = AXIS2_PLACEMENT_3D ( 'NONE', #1013, #3219, #609 ) ;
#3780 = DIRECTION ( 'NONE',  ( 1.000000000000000000, -0.000000000000000000, 0.000000000000000000 ) ) ;
#3781 = FACE_OUTER_BOUND ( 'NONE', #1844, .T. ) ;
#3782 = ORIENTED_EDGE ( 'NONE', *, *, #2035, .F. ) ;
#3783 = ORIENTED_EDGE ( 'NONE', *, *, #365, .F. ) ;
#3784 = CARTESIAN_POINT ( 'NONE',  ( 12.94143175556461145, -10.00000000000000000, -30.54345262782842596 ) ) ;
#3785 = DIRECTION ( 'NONE',  ( -1.000000000000000000, 0.000000000000000000, 0.000000000000000000 ) ) ;
#3786 = ORIENTED_EDGE ( 'NONE', *, *, #4456, .T. ) ;
#3787 = CARTESIAN_POINT ( 'NONE',  ( 14.56338862746446061, -0.9999999999999991118, 23.48838831627882584 ) ) ;
#3788 = FACE_OUTER_BOUND ( 'NONE', #415, .T. ) ;
#3789 = CARTESIAN_POINT ( 'NONE',  ( -10.00000000000000178, -1.000000000000000000, 0.000000000000000000 ) ) ;
#3790 = ORIENTED_EDGE ( 'NONE', *, *, #3173, .T. ) ;
#3791 = CARTESIAN_POINT ( 'NONE',  ( -12.92931211289798377, -10.00000000000000000, 1.001708526524982767 ) ) ;
#3792 = VECTOR ( 'NONE', #1499, 1000.000000000000000 ) ;
#3793 = ORIENTED_EDGE ( 'NONE', *, *, #1588, .T. ) ;
#3794 = LINE ( 'NONE', #1250, #3721 ) ;
#3795 = CARTESIAN_POINT ( 'NONE',  ( -6.314332180712168436E-15, -0.6400000000000000133, 31.00000000000000711 ) ) ;
#3796 = VECTOR ( 'NONE', #1274, 1000.000000000000000 ) ;
#3797 = ORIENTED_EDGE ( 'NONE', *, *, #4334, .T. ) ;
#3798 = ADVANCED_FACE ( 'NONE', ( #855 ), #4087, .F. ) ;
#3799 = LINE ( 'NONE', #990, #4533 ) ;
#3800 = DIRECTION ( 'NONE',  ( 0.000000000000000000, 1.000000000000000000, 0.000000000000000000 ) ) ;
#3801 = CARTESIAN_POINT ( 'NONE',  ( 7.681935248344225364, -0.9999999999999991118, 4.955890615225124307 ) ) ;
#3802 = ORIENTED_EDGE ( 'NONE', *, *, #3522, .T. ) ;
#3803 = EDGE_LOOP ( 'NONE', ( #4080, #1258, #3967, #1203 ) ) ;
#3804 = LINE ( 'NONE', #4161, #1936 ) ;
#3805 = DIRECTION ( 'NONE',  ( -1.000000000000000000, 0.000000000000000000, 0.000000000000000000 ) ) ;
#3806 = VERTEX_POINT ( 'NONE', #1871 ) ;
#3807 = DIRECTION ( 'NONE',  ( -1.000000000000000000, 0.000000000000000000, 0.000000000000000000 ) ) ;
#3808 = LINE ( 'NONE', #196, #2926 ) ;
#3809 = AXIS2_PLACEMENT_3D ( 'NONE', #1401, #2846, #3873 ) ;
#3810 = VECTOR ( 'NONE', #1577, 1000.000000000000114 ) ;
#3811 = LINE ( 'NONE', #4123, #1792 ) ;
#3812 = VECTOR ( 'NONE', #4697, 1000.000000000000000 ) ;
#3813 = ORIENTED_EDGE ( 'NONE', *, *, #3671, .F. ) ;
#3814 = DIRECTION ( 'NONE',  ( 1.065615849528768678E-14, 0.000000000000000000, 1.000000000000000000 ) ) ;
#3815 = ORIENTED_EDGE ( 'NONE', *, *, #1372, .F. ) ;
#3816 = EDGE_CURVE ( 'NONE', #1604, #2576, #877, .T. ) ;
#3817 = DIRECTION ( 'NONE',  ( 0.3907311284892709957, 0.000000000000000000, -0.9205048534524415960 ) ) ;
#3818 = ADVANCED_FACE ( 'NONE', ( #1517 ), #2599, .F. ) ;
#3819 = PLANE ( 'NONE',  #4305 ) ;
#3820 = ORIENTED_EDGE ( 'NONE', *, *, #3560, .F. ) ;
#3821 = DIRECTION ( 'NONE',  ( -0.7986355100472962709, 0.000000000000000000, -0.6018150231520437154 ) ) ;
#3822 = LINE ( 'NONE', #2315, #3545 ) ;
#3823 = LINE ( 'NONE', #4563, #4462 ) ;
#3824 = ORIENTED_EDGE ( 'NONE', *, *, #426, .F. ) ;
#3825 = EDGE_LOOP ( 'NONE', ( #4477, #4491, #1249, #26 ) ) ;
#3826 = CARTESIAN_POINT ( 'NONE',  ( 9.333267306181616263, -10.00000000000000000, -22.04314987346826626 ) ) ;
#3827 =( LENGTH_UNIT ( ) NAMED_UNIT ( * ) SI_UNIT ( .MILLI., .METRE. ) );
#3828 = ORIENTED_EDGE ( 'NONE', *, *, #536, .F. ) ;
#3829 = DIRECTION ( 'NONE',  ( -4.073762697233657151E-16, 0.000000000000000000, -1.000000000000000000 ) ) ;
#3830 = FACE_OUTER_BOUND ( 'NONE', #763, .T. ) ;
#3831 = EDGE_CURVE ( 'NONE', #4492, #2742, #469, .T. ) ;
#3832 = DIRECTION ( 'NONE',  ( 0.7986355100472919410, 0.000000000000000000, -0.6018150231520494886 ) ) ;
#3833 = EDGE_LOOP ( 'NONE', ( #1676, #1818, #113, #2438 ) ) ;
#3834 = DIRECTION ( 'NONE',  ( 0.6018150231520440485, -0.000000000000000000, 0.7986355100472961599 ) ) ;
#3835 = ADVANCED_FACE ( 'NONE', ( #4110 ), #2314, .F. ) ;
#3836 = LINE ( 'NONE', #4649, #1291 ) ;
#3837 = ADVANCED_FACE ( 'NONE', ( #4419 ), #1165, .F. ) ;
#3838 = VECTOR ( 'NONE', #2656, 1000.000000000000000 ) ;
#3839 = CARTESIAN_POINT ( 'NONE',  ( 6.291820713518296415, -0.9999999999999991118, 4.000000000000000888 ) ) ;
#3840 = ORIENTED_EDGE ( 'NONE', *, *, #394, .T. ) ;
#3841 = EDGE_CURVE ( 'NONE', #1170, #625, #4472, .T. ) ;
#3842 = DIRECTION ( 'NONE',  ( 0.000000000000000000, 1.000000000000000000, 0.000000000000000000 ) ) ;
#3844 = VECTOR ( 'NONE', #969, 1000.000000000000000 ) ;
#3843 = CIRCLE ( 'NONE', #1268, 7.000000000000099476 ) ;
#3845 = PLANE ( 'NONE',  #229 ) ;
#3846 = CARTESIAN_POINT ( 'NONE',  ( -8.224219459354149109, -10.00000000000000000, 23.00000000000000000 ) ) ;
#3847 = AXIS2_PLACEMENT_3D ( 'NONE', #691, #2408, #2841 ) ;
#3848 = VERTEX_POINT ( 'NONE', #2651 ) ;
#3849 = VECTOR ( 'NONE', #3399, 1000.000000000000000 ) ;
#3850 = ORIENTED_EDGE ( 'NONE', *, *, #1996, .F. ) ;
#3851 = FACE_OUTER_BOUND ( 'NONE', #2124, .T. ) ;
#3852 = ORIENTED_EDGE ( 'NONE', *, *, #3985, .F. ) ;
#3853 = DIRECTION ( 'NONE',  ( 1.000000000000000000, -0.000000000000000000, 0.000000000000000000 ) ) ;
#3854 = LINE ( 'NONE', #1310, #3312 ) ;
#3855 = EDGE_CURVE ( 'NONE', #1453, #2011, #1253, .T. ) ;
#3856 = CARTESIAN_POINT ( 'NONE',  ( 19.00000000000000000, -0.6400000000000000133, 32.50000000000000000 ) ) ;
#3857 = EDGE_CURVE ( 'NONE', #2276, #294, #2694, .T. ) ;
#3858 = ORIENTED_EDGE ( 'NONE', *, *, #2675, .F. ) ;
#3859 = VECTOR ( 'NONE', #2751, 1000.000000000000000 ) ;
#3860 = CARTESIAN_POINT ( 'NONE',  ( 6.291820713518296415, -0.9999999999999991118, -4.000000000000000000 ) ) ;
#3861 = LINE ( 'NONE', #1723, #4006 ) ;
#3862 = ORIENTED_EDGE ( 'NONE', *, *, #117, .T. ) ;
#3863 = DIRECTION ( 'NONE',  ( -0.3907311284892709402, -0.000000000000000000, 0.9205048534524414849 ) ) ;
#3864 = CARTESIAN_POINT ( 'NONE',  ( 6.628307619941712581, -10.00000000000000000, 22.18255006523297723 ) ) ;
#3865 = DIRECTION ( 'NONE',  ( 0.000000000000000000, 1.000000000000000000, 0.000000000000000000 ) ) ;
#3866 = LINE ( 'NONE', #2790, #2395 ) ;
#3867 = VERTEX_POINT ( 'NONE', #3750 ) ;
#3868 = EDGE_LOOP ( 'NONE', ( #3215, #3590, #1616, #2305 ) ) ;
#3869 = DIRECTION ( 'NONE',  ( 0.000000000000000000, 0.000000000000000000, 1.000000000000000000 ) ) ;
#3870 = ADVANCED_FACE ( 'NONE', ( #137, #3032, #2218, #4444, #4496, #1234, #3419, #162, #3677, #807 ), #446, .T. ) ;
#3871 = CARTESIAN_POINT ( 'NONE',  ( -86.00000000000000000, 1.387778780781445676E-14, 4.165655949473480181E-15 ) ) ;
#3872 = EDGE_LOOP ( 'NONE', ( #3747, #4540, #108, #2512 ) ) ;
#3873 = DIRECTION ( 'NONE',  ( 0.000000000000000000, 0.000000000000000000, -1.000000000000000000 ) ) ;
#3874 = DIRECTION ( 'NONE',  ( 0.000000000000000000, 0.000000000000000000, -1.000000000000000000 ) ) ;
#3875 = EDGE_CURVE ( 'NONE', #3107, #2191, #943, .T. ) ;
#3876 = ORIENTED_EDGE ( 'NONE', *, *, #2557, .F. ) ;
#3877 = LINE ( 'NONE', #3856, #124 ) ;
#3878 = LINE ( 'NONE', #1386, #1294 ) ;
#3879 = ORIENTED_EDGE ( 'NONE', *, *, #343, .F. ) ;
#3880 = CARTESIAN_POINT ( 'NONE',  ( -14.56338862746445351, -10.00000000000000000, -23.48838831627882229 ) ) ;
#3881 = LINE ( 'NONE', #632, #760 ) ;
#3882 = VECTOR ( 'NONE', #1832, 1000.000000000000000 ) ;
#3883 = DIRECTION ( 'NONE',  ( -0.06104853953485016305, 0.000000000000000000, 0.9981347984218673641 ) ) ;
#3884 = VECTOR ( 'NONE', #580, 1000.000000000000000 ) ;
#3885 = ORIENTED_EDGE ( 'NONE', *, *, #3111, .T. ) ;
#3886 = DIRECTION ( 'NONE',  ( 0.3907311284892708292, 0.000000000000000000, -0.9205048534524414849 ) ) ;
#3887 = ORIENTED_EDGE ( 'NONE', *, *, #2129, .T. ) ;
#3888 = DIRECTION ( 'NONE',  ( -2.036881348616828083E-16, 0.000000000000000000, 1.000000000000000000 ) ) ;
#3889 = LINE ( 'NONE', #2076, #2474 ) ;
#3890 = CARTESIAN_POINT ( 'NONE',  ( 0.000000000000000000, -1.000000000000000000, 0.000000000000000000 ) ) ;
#3891 = ORIENTED_EDGE ( 'NONE', *, *, #605, .T. ) ;
#3892 = EDGE_LOOP ( 'NONE', ( #4039, #272, #2453, #32 ) ) ;
#3893 = DIRECTION ( 'NONE',  ( 1.000000000000000000, -0.000000000000000000, 0.000000000000000000 ) ) ;
#3894 = ORIENTED_EDGE ( 'NONE', *, *, #189, .T. ) ;
#3895 = DIRECTION ( 'NONE',  ( -0.7986355100472962709, 0.000000000000000000, -0.6018150231520437154 ) ) ;
#3896 = FACE_OUTER_BOUND ( 'NONE', #4439, .T. ) ;
#3897 = VECTOR ( 'NONE', #2774, 1000.000000000000000 ) ;
#3898 = ORIENTED_EDGE ( 'NONE', *, *, #2120, .F. ) ;
#3899 = ADVANCED_FACE ( 'NONE', ( #231 ), #186, .F. ) ;
#3900 = CARTESIAN_POINT ( 'NONE',  ( 0.000000000000000000, 0.000000000000000000, 65.00000000000000000 ) ) ;
#3901 = CARTESIAN_POINT ( 'NONE',  ( -10.00000000000000178, 0.000000000000000000, 0.000000000000000000 ) ) ;
#3902 = ORIENTED_EDGE ( 'NONE', *, *, #3257, .F. ) ;
#3903 = LINE ( 'NONE', #249, #2542 ) ;
#3904 = EDGE_CURVE ( 'NONE', #848, #2324, #501, .T. ) ;
#3905 = ORIENTED_EDGE ( 'NONE', *, *, #2129, .F. ) ;
#3906 = CARTESIAN_POINT ( 'NONE',  ( 0.000000000000000000, 0.000000000000000000, 0.000000000000000000 ) ) ;
#3907 = PLANE ( 'NONE',  #3779 ) ;
#3908 = EDGE_CURVE ( 'NONE', #4489, #3376, #2384, .T. ) ;
#3909 = ORIENTED_EDGE ( 'NONE', *, *, #1515, .T. ) ;
#3910 = PRODUCT_DEFINITION_SHAPE ( 'NONE', 'NONE',  #4710 ) ;
#3911 = LINE ( 'NONE', #662, #2701 ) ;
#3912 = VECTOR ( 'NONE', #2415, 1000.000000000000000 ) ;
#3913 = CARTESIAN_POINT ( 'NONE',  ( -6.291820713518380792, -0.9999999999999991118, 4.000000000000000000 ) ) ;
#3914 = DIRECTION ( 'NONE',  ( -0.9981347984218672531, 0.000000000000000000, -0.06104853953485316065 ) ) ;
#3915 = FACE_OUTER_BOUND ( 'NONE', #707, .T. ) ;
#3916 = AXIS2_PLACEMENT_3D ( 'NONE', #2338, #589, #2074 ) ;
#3917 = ORIENTED_EDGE ( 'NONE', *, *, #1061, .T. ) ;
#3918 = EDGE_LOOP ( 'NONE', ( #3179, #59, #1556, #3574 ) ) ;
#3919 = PLANE ( 'NONE',  #577 ) ;
#3920 = ORIENTED_EDGE ( 'NONE', *, *, #72, .T. ) ;
#3921 = VECTOR ( 'NONE', #1621, 1000.000000000000000 ) ;
#3922 = CARTESIAN_POINT ( 'NONE',  ( -0.7970291504242298375, -0.9999999999999991118, 21.00652820552346256 ) ) ;
#3923 = VECTOR ( 'NONE', #4583, 1000.000000000000114 ) ;
#3924 = CARTESIAN_POINT ( 'NONE',  ( -10.45482207421827425, -10.00000000000000000, 31.00000000000000355 ) ) ;
#3925 = EDGE_CURVE ( 'NONE', #3352, #2302, #4580, .T. ) ;
#3926 = CIRCLE ( 'NONE', #1870, 7.000000000000099476 ) ;
#3927 = ORIENTED_EDGE ( 'NONE', *, *, #3440, .T. ) ;
#3928 = VECTOR ( 'NONE', #3011, 1000.000000000000000 ) ;
#3929 = PLANE ( 'NONE',  #3315 ) ;
#3930 = DIRECTION ( 'NONE',  ( -0.9205048534524415960, 0.000000000000000000, -0.3907311284892709957 ) ) ;
#3931 = ORIENTED_EDGE ( 'NONE', *, *, #217, .F. ) ;
#3932 = PLANE ( 'NONE',  #505 ) ;
#3933 = EDGE_CURVE ( 'NONE', #514, #1544, #3799, .T. ) ;
#3934 = VERTEX_POINT ( 'NONE', #543 ) ;
#3935 = LINE ( 'NONE', #3860, #3031 ) ;
#3936 = LINE ( 'NONE', #4237, #2327 ) ;
#3937 = EDGE_CURVE ( 'NONE', #1482, #848, #1698, .T. ) ;
#3938 = VERTEX_POINT ( 'NONE', #2787 ) ;
#3939 = CARTESIAN_POINT ( 'NONE',  ( -19.00000000000000000, -0.6400000000000000133, 32.50000000000000000 ) ) ;
#3940 = LINE ( 'NONE', #944, #48 ) ;
#3941 = PLANE ( 'NONE',  #3847 ) ;
#3942 = ADVANCED_FACE ( 'NONE', ( #2027 ), #3442, .T. ) ;
#3943 = ORIENTED_EDGE ( 'NONE', *, *, #1692, .F. ) ;
#3944 = DIRECTION ( 'NONE',  ( 0.000000000000000000, 0.000000000000000000, 1.000000000000000000 ) ) ;
#3945 = EDGE_LOOP ( 'NONE', ( #2141, #101, #2754, #2147, #2592, #4609 ) ) ;
#3946 = CARTESIAN_POINT ( 'NONE',  ( 0.000000000000000000, -1.000000000000000000, 0.000000000000000000 ) ) ;
#3947 = DIRECTION ( 'NONE',  ( 0.000000000000000000, 1.000000000000000000, 0.000000000000000000 ) ) ;
#3948 = VECTOR ( 'NONE', #3116, 1000.000000000000114 ) ;
#3949 = ORIENTED_EDGE ( 'NONE', *, *, #1324, .T. ) ;
#3950 = VECTOR ( 'NONE', #628, 1000.000000000000000 ) ;
#3951 = DIRECTION ( 'NONE',  ( 0.000000000000000000, 1.000000000000000000, 0.000000000000000000 ) ) ;
#3952 = CARTESIAN_POINT ( 'NONE',  ( -1.492715497855666262, -0.6400000000000000133, -0.6336201366055070894 ) ) ;
#3953 = LINE ( 'NONE', #2876, #3105 ) ;
#3954 = EDGE_LOOP ( 'NONE', ( #3786, #2258, #2605, #400, #480, #2959 ) ) ;
#3955 = ORIENTED_EDGE ( 'NONE', *, *, #1061, .F. ) ;
#3956 = DIRECTION ( 'NONE',  ( 0.000000000000000000, 1.000000000000000000, 0.000000000000000000 ) ) ;
#3957 = LINE ( 'NONE', #2165, #470 ) ;
#3958 = ADVANCED_FACE ( 'NONE', ( #1655 ), #3174, .F. ) ;
#3959 = ORIENTED_EDGE ( 'NONE', *, *, #4464, .T. ) ;
#3960 = EDGE_CURVE ( 'NONE', #262, #1670, #1318, .T. ) ;
#3961 = CIRCLE ( 'NONE', #4036, 7.000000000000182965 ) ;
#3962 = CARTESIAN_POINT ( 'NONE',  ( 12.94143175556461145, -0.9999999999999991118, -30.54345262782842596 ) ) ;
#3963 = AXIS2_PLACEMENT_3D ( 'NONE', #2915, #36, #2939 ) ;
#3964 = DIRECTION ( 'NONE',  ( 0.000000000000000000, 0.000000000000000000, -1.000000000000000000 ) ) ;
#3965 = PLANE ( 'NONE',  #2092 ) ;
#3966 = EDGE_CURVE ( 'NONE', #2324, #1403, #902, .T. ) ;
#3967 = ORIENTED_EDGE ( 'NONE', *, *, #966, .T. ) ;
#3968 = CARTESIAN_POINT ( 'NONE',  ( -0.8256953720314832434, -1.000000000000000000, 13.50000000000000178 ) ) ;
#3969 = ORIENTED_EDGE ( 'NONE', *, *, #2826, .T. ) ;
#3970 = PLANE ( 'NONE',  #3652 ) ;
#3971 = FACE_OUTER_BOUND ( 'NONE', #1930, .T. ) ;
#3972 = ADVANCED_FACE ( 'NONE', ( #3461 ), #2762, .F. ) ;
#3973 = ORIENTED_EDGE ( 'NONE', *, *, #4050, .F. ) ;
#3974 = CARTESIAN_POINT ( 'NONE',  ( 7.617478745578235788, -0.6400000000000000133, 8.097618388530960942 ) ) ;
#3975 = DIRECTION ( 'NONE',  ( 0.06104853953485295248, 0.000000000000000000, -0.9981347984218672531 ) ) ;
#3976 = LINE ( 'NONE', #678, #2045 ) ;
#3977 = EDGE_LOOP ( 'NONE', ( #2716, #2654, #3192, #1014 ) ) ;
#3978 = EDGE_CURVE ( 'NONE', #975, #1328, #4216, .T. ) ;
#3979 = ORIENTED_EDGE ( 'NONE', *, *, #4332, .T. ) ;
#3980 = CARTESIAN_POINT ( 'NONE',  ( 15.80614170435593735, -10.00000000000000000, 3.169555116623649305 ) ) ;
#3981 = ORIENTED_EDGE ( 'NONE', *, *, #4576, .T. ) ;
#3982 = ADVANCED_FACE ( 'NONE', ( #4239 ), #968, .T. ) ;
#3983 = CARTESIAN_POINT ( 'NONE',  ( -12.92931211289798377, -0.6400000000000000133, -1.001708526524982101 ) ) ;
#3984 = LINE ( 'NONE', #1184, #2246 ) ;
#3985 = EDGE_CURVE ( 'NONE', #1530, #4564, #2006, .T. ) ;
#3986 = EDGE_CURVE ( 'NONE', #3450, #4246, #1299, .T. ) ;
#3987 = VECTOR ( 'NONE', #3755, 1000.000000000000000 ) ;
#3988 = VERTEX_POINT ( 'NONE', #2049 ) ;
#3989 = CARTESIAN_POINT ( 'NONE',  ( -16.06815885638107488, -10.00000000000000000, 28.18215855390708668 ) ) ;
#3990 = ORIENTED_EDGE ( 'NONE', *, *, #4364, .F. ) ;
#3991 = FACE_OUTER_BOUND ( 'NONE', #3833, .T. ) ;
#3992 = PRODUCT ( '7segment-assembley', '7segment-assembley', '', ( #3604 ) ) ;
#3993 = DIRECTION ( 'NONE',  ( 0.7283709698823984668, 0.000000000000000000, -0.6851829903263612076 ) ) ;
#3994 = VECTOR ( 'NONE', #57, 1000.000000000000000 ) ;
#3995 = EDGE_LOOP ( 'NONE', ( #412, #645, #3499, #4523 ) ) ;
#3996 = VECTOR ( 'NONE', #912, 1000.000000000000000 ) ;
#3997 = CARTESIAN_POINT ( 'NONE',  ( 12.92931211289799442, -0.9999999999999991118, -1.001708526524977216 ) ) ;
#3998 = DIRECTION ( 'NONE',  ( -0.000000000000000000, -1.000000000000000000, -0.000000000000000000 ) ) ;
#3999 = DIRECTION ( 'NONE',  ( 0.000000000000000000, 1.000000000000000000, 0.000000000000000000 ) ) ;
#4000 = CARTESIAN_POINT ( 'NONE',  ( 0.4859672166023688566, -0.6400000000000000133, 0.02972302827463455324 ) ) ;
#4001 = CIRCLE ( 'NONE', #663, 7.000000000000099476 ) ;
#4002 = EDGE_CURVE ( 'NONE', #3738, #2687, #2313, .T. ) ;
#4003 = VECTOR ( 'NONE', #2729, 1000.000000000000000 ) ;
#4004 = ADVANCED_FACE ( 'NONE', ( #2813 ), #411, .F. ) ;
#4005 = CARTESIAN_POINT ( 'NONE',  ( -10.45482207421817300, -0.9999999999999991118, 23.99999999999997158 ) ) ;
#4006 = VECTOR ( 'NONE', #4195, 1000.000000000000114 ) ;
#4007 = ORIENTED_EDGE ( 'NONE', *, *, #4350, .F. ) ;
#4008 = LINE ( 'NONE', #3288, #457 ) ;
#4009 = CARTESIAN_POINT ( 'NONE',  ( -1.224368927168166810, -10.00000000000000000, 27.99347179447653389 ) ) ;
#4010 = EDGE_LOOP ( 'NONE', ( #1545, #10, #3683, #2659 ) ) ;
#4011 = CARTESIAN_POINT ( 'NONE',  ( -5.164207373304708248, -0.6400000000000000133, -6.853134652517923975 ) ) ;
#4012 = CARTESIAN_POINT ( 'NONE',  ( 16.00000000000000355, -4.000000000000000000, 29.50000000000000355 ) ) ;
#4013 = ORIENTED_EDGE ( 'NONE', *, *, #2004, .T. ) ;
#4014 = PLANE ( 'NONE',  #3074 ) ;
#4015 = ORIENTED_EDGE ( 'NONE', *, *, #2617, .F. ) ;
#4016 = DIRECTION ( 'NONE',  ( 8.673617379884019695E-16, 0.000000000000000000, 1.000000000000000000 ) ) ;
#4017 = PLANE ( 'NONE',  #706 ) ;
#4018 = VECTOR ( 'NONE', #923, 1000.000000000000000 ) ;
#4019 = VERTEX_POINT ( 'NONE', #2187 ) ;
#4020 = ADVANCED_FACE ( 'NONE', ( #1857 ), #3309, .F. ) ;
#4021 = CARTESIAN_POINT ( 'NONE',  ( -12.92931211289798377, -0.9999999999999991118, 1.001708526524982767 ) ) ;
#4022 = CARTESIAN_POINT ( 'NONE',  ( 9.333267306181616263, -0.9999999999999991118, -22.04314987346826626 ) ) ;
#4023 = EDGE_CURVE ( 'NONE', #3370, #3585, #4356, .T. ) ;
#4024 = CARTESIAN_POINT ( 'NONE',  ( -17.44176566317134558, -0.9999999999999991118, 23.57266022325603316 ) ) ;
#4025 = LINE ( 'NONE', #2588, #3202 ) ;
#4026 = VECTOR ( 'NONE', #3773, 1000.000000000000114 ) ;
#4027 = DIRECTION ( 'NONE',  ( -0.6018150231520498217, 0.000000000000000000, 0.7986355100472918300 ) ) ;
#4028 = VERTEX_POINT ( 'NONE', #2454 ) ;
#4029 = DIRECTION ( 'NONE',  ( 0.000000000000000000, 0.000000000000000000, -1.000000000000000000 ) ) ;
#4030 = LINE ( 'NONE', #3670, #2130 ) ;
#4031 = ORIENTED_EDGE ( 'NONE', *, *, #2158, .F. ) ;
#4032 = CARTESIAN_POINT ( 'NONE',  ( 6.291820713518296415, -0.6399999999999999023, 4.000000000000000888 ) ) ;
#4033 = CARTESIAN_POINT ( 'NONE',  ( 6.628307619941712581, -10.00000000000000000, 22.18255006523297723 ) ) ;
#4034 = ADVANCED_FACE ( 'NONE', ( #4268 ), #1131, .F. ) ;
#4035 = ORIENTED_EDGE ( 'NONE', *, *, #3278, .F. ) ;
#4036 = AXIS2_PLACEMENT_3D ( 'NONE', #2614, #127, #4101 ) ;
#4037 = DIRECTION ( 'NONE',  ( 0.000000000000000000, 0.000000000000000000, -1.000000000000000000 ) ) ;
#4038 = VECTOR ( 'NONE', #2132, 1000.000000000000114 ) ;
#4039 = ORIENTED_EDGE ( 'NONE', *, *, #1924, .F. ) ;
#4040 = LINE ( 'NONE', #4395, #4481 ) ;
#4041 = CARTESIAN_POINT ( 'NONE',  ( -0.8256953720314832434, -4.000000000000000000, 13.50000000000000178 ) ) ;
#4042 = CLOSED_SHELL ( 'NONE', ( #254, #1805, #3942, #185, #4703, #3583, #2758, #1819, #2000, #2279, #2289, #1036, #2040, #3553, #4507, #205 ) ) ;
#4043 = ORIENTED_EDGE ( 'NONE', *, *, #3007, .F. ) ;
#4044 = EDGE_LOOP ( 'NONE', ( #738, #874, #1325, #1257, #3039, #3302 ) ) ;
#4045 = DIRECTION ( 'NONE',  ( 0.000000000000000000, 0.000000000000000000, -1.000000000000000000 ) ) ;
#4046 = LINE ( 'NONE', #2133, #3463 ) ;
#4047 = FACE_OUTER_BOUND ( 'NONE', #2010, .T. ) ;
#4048 = DIRECTION ( 'NONE',  ( 0.000000000000000000, 1.000000000000000000, 0.000000000000000000 ) ) ;
#4049 = EDGE_CURVE ( 'NONE', #4487, #2417, #1907, .T. ) ;
#4050 = EDGE_CURVE ( 'NONE', #1062, #1298, #3911, .T. ) ;
#4051 = FACE_OUTER_BOUND ( 'NONE', #4223, .T. ) ;
#4052 = VERTEX_POINT ( 'NONE', #22 ) ;
#4053 = DIRECTION ( 'NONE',  ( 0.7283709698823982448, 0.000000000000000000, -0.6851829903263612076 ) ) ;
#4054 = LINE ( 'NONE', #3696, #83 ) ;
#4055 = EDGE_LOOP ( 'NONE', ( #3711, #3070, #1789, #4668 ) ) ;
#4056 = ADVANCED_FACE ( 'NONE', ( #4051 ), #2591, .F. ) ;
#4057 = AXIS2_PLACEMENT_3D ( 'NONE', #3664, #2638, #3357 ) ;
#4058 = ORIENTED_EDGE ( 'NONE', *, *, #2063, .T. ) ;
#4059 = CARTESIAN_POINT ( 'NONE',  ( 11.59999999999999964, -10.00000000000000000, 0.000000000000000000 ) ) ;
#4060 = DIRECTION ( 'NONE',  ( -0.06104853953485295248, 0.000000000000000000, 0.9981347984218672531 ) ) ;
#4061 = CARTESIAN_POINT ( 'NONE',  ( 0.8256953720314850198, -1.000000000000000000, -13.49999999999999822 ) ) ;
#4062 = ORIENTED_EDGE ( 'NONE', *, *, #2304, .T. ) ;
#4063 = CARTESIAN_POINT ( 'NONE',  ( 8.007780573516589229, -0.9999999999999991118, 30.87125241406041809 ) ) ;
#4064 = LINE ( 'NONE', #2983, #856 ) ;
#4065 = ORIENTED_EDGE ( 'NONE', *, *, #3091, .F. ) ;
#4066 = ORIENTED_EDGE ( 'NONE', *, *, #4147, .T. ) ;
#4067 = DIRECTION ( 'NONE',  ( -0.3338068592337683493, 0.000000000000000000, -0.9426414910921793178 ) ) ;
#4068 = CARTESIAN_POINT ( 'NONE',  ( 15.80614170435593735, -10.00000000000000000, 3.169555116623649305 ) ) ;
#4069 = ORIENTED_EDGE ( 'NONE', *, *, #3411, .T. ) ;
#4070 = ADVANCED_FACE ( 'NONE', ( #436 ), #3286, .F. ) ;
#4071 = AXIS2_PLACEMENT_3D ( 'NONE', #192, #3492, #2390 ) ;
#4072 = CARTESIAN_POINT ( 'NONE',  ( 11.37146240934107055, -10.00000000000000000, -30.93972409365286325 ) ) ;
#4073 = CARTESIAN_POINT ( 'NONE',  ( 6.578310240089507488, -0.9999999999999991118, 22.99999999999999289 ) ) ;
#4074 = CARTESIAN_POINT ( 'NONE',  ( -6.291820713518381680, -0.9999999999999991118, -4.000000000000000000 ) ) ;
#4075 = VECTOR ( 'NONE', #4316, 1000.000000000000000 ) ;
#4076 = ORIENTED_EDGE ( 'NONE', *, *, #4683, .F. ) ;
#4077 = DIRECTION ( 'NONE',  ( -1.734723475976767849E-15, 0.000000000000000000, 1.000000000000000000 ) ) ;
#4078 = LINE ( 'NONE', #1532, #3654 ) ;
#4079 = VECTOR ( 'NONE', #3651, 1000.000000000000000 ) ;
#4080 = ORIENTED_EDGE ( 'NONE', *, *, #4317, .F. ) ;
#4081 = AXIS2_PLACEMENT_3D ( 'NONE', #145, #4162, #1618 ) ;
#4082 = ORIENTED_EDGE ( 'NONE', *, *, #742, .F. ) ;
#4083 = ADVANCED_FACE ( 'NONE', ( #3261 ), #796, .F. ) ;
#4084 = DIRECTION ( 'NONE',  ( 0.000000000000000000, 1.000000000000000000, 0.000000000000000000 ) ) ;
#4085 = ADVANCED_FACE ( 'NONE', ( #1481 ), #751, .F. ) ;
#4086 = CARTESIAN_POINT ( 'NONE',  ( 6.578310240089521699, -10.00000000000000000, 31.00000000000000711 ) ) ;
#4087 = CYLINDRICAL_SURFACE ( 'NONE', #1332, 8.000000000000014211 ) ;
#4088 = VERTEX_POINT ( 'NONE', #460 ) ;
#4089 = CARTESIAN_POINT ( 'NONE',  ( 6.578310240089507488, -0.9999999999999991118, 22.99999999999999289 ) ) ;
#4090 = PLANE ( 'NONE',  #1682 ) ;
#4091 = PRESENTATION_LAYER_ASSIGNMENT (  '', '', ( #2640 ) ) ;
#4092 = EDGE_LOOP ( 'NONE', ( #1706, #3017, #4624, #1238 ) ) ;
#4093 = ORIENTED_EDGE ( 'NONE', *, *, #3110, .T. ) ;
#4094 = CARTESIAN_POINT ( 'NONE',  ( -16.21259128878628886, -10.00000000000000000, 3.475836847133786378 ) ) ;
#4095 = CYLINDRICAL_SURFACE ( 'NONE', #3006, 2.500000000000000444 ) ;
#4096 = ORIENTED_EDGE ( 'NONE', *, *, #2409, .T. ) ;
#4097 = CARTESIAN_POINT ( 'NONE',  ( -0.7970291504242298375, -10.00000000000000000, 21.00652820552346256 ) ) ;
#4098 = CARTESIAN_POINT ( 'NONE',  ( 19.00000000000000000, -1.000000000000000000, -0.000000000000000000 ) ) ;
#4099 = CARTESIAN_POINT ( 'NONE',  ( -11.60000000000000142, -0.6400000000000000133, -8.673617379884035472E-16 ) ) ;
#4100 = ORIENTED_EDGE ( 'NONE', *, *, #741, .F. ) ;
#4101 = DIRECTION ( 'NONE',  ( -9.664887937584815887E-15, 0.000000000000000000, 1.000000000000000000 ) ) ;
#4102 = ORIENTED_EDGE ( 'NONE', *, *, #4215, .T. ) ;
#4103 = VERTEX_POINT ( 'NONE', #2902 ) ;
#4104 = VECTOR ( 'NONE', #3189, 1000.000000000000000 ) ;
#4105 = CARTESIAN_POINT ( 'NONE',  ( 0.000000000000000000, -0.6400000000000000133, 65.00000000000000000 ) ) ;
#4106 = EDGE_CURVE ( 'NONE', #1548, #16, #2538, .T. ) ;
#4107 = FACE_OUTER_BOUND ( 'NONE', #1389, .T. ) ;
#4108 = EDGE_CURVE ( 'NONE', #2089, #2797, #4001, .T. ) ;
#4109 = EDGE_CURVE ( 'NONE', #2868, #3423, #2947, .T. ) ;
#4110 = FACE_OUTER_BOUND ( 'NONE', #1239, .T. ) ;
#4111 = CARTESIAN_POINT ( 'NONE',  ( 12.92931211289799442, -0.9999999999999991118, 1.001708526524975662 ) ) ;
#4112 = FACE_OUTER_BOUND ( 'NONE', #2341, .T. ) ;
#4113 = EDGE_CURVE ( 'NONE', #1411, #1219, #3691, .T. ) ;
#4114 = ORIENTED_EDGE ( 'NONE', *, *, #3234, .T. ) ;
#4115 = VERTEX_POINT ( 'NONE', #1177 ) ;
#4116 = LINE ( 'NONE', #114, #3381 ) ;
#4117 = DIRECTION ( 'NONE',  ( -0.06104853953485288309, 0.000000000000000000, 0.9981347984218672531 ) ) ;
#4118 = VERTEX_POINT ( 'NONE', #4074 ) ;
#4119 = DIRECTION ( 'NONE',  ( -1.000000000000000000, 0.000000000000000000, 4.073762697233657151E-16 ) ) ;
#4120 = VECTOR ( 'NONE', #2090, 1000.000000000000000 ) ;
#4121 = DIRECTION ( 'NONE',  ( 0.000000000000000000, 0.000000000000000000, 1.000000000000000000 ) ) ;
#4122 = EDGE_CURVE ( 'NONE', #178, #1557, #913, .T. ) ;
#4123 = CARTESIAN_POINT ( 'NONE',  ( 0.000000000000000000, -10.00000000000000000, 0.000000000000000000 ) ) ;
#4124 = ORIENTED_EDGE ( 'NONE', *, *, #3985, .T. ) ;
#4125 = CARTESIAN_POINT ( 'NONE',  ( 6.578310240089507488, -0.6399999999999999023, 22.99999999999999289 ) ) ;
#4126 = EDGE_CURVE ( 'NONE', #880, #3051, #507, .T. ) ;
#4127 = ORIENTED_EDGE ( 'NONE', *, *, #681, .F. ) ;
#4128 = VERTEX_POINT ( 'NONE', #3092 ) ;
#4129 = ORIENTED_EDGE ( 'NONE', *, *, #4611, .T. ) ;
#4130 = LINE ( 'NONE', #1935, #3796 ) ;
#4131 = PLANE ( 'NONE',  #4614 ) ;
#4132 = CYLINDRICAL_SURFACE ( 'NONE', #732, 1.449999999999999956 ) ;
#4133 = DIRECTION ( 'NONE',  ( 0.06104853953485300799, 0.000000000000000000, -0.9981347984218672531 ) ) ;
#4134 = LINE ( 'NONE', #2123, #3923 ) ;
#4135 = UNCERTAINTY_MEASURE_WITH_UNIT (LENGTH_MEASURE( 1.000000000000000082E-05 ), #2184, 'distance_accuracy_value', 'NONE');
#4136 = VERTEX_POINT ( 'NONE', #3043 ) ;
#4137 = ORIENTED_EDGE ( 'NONE', *, *, #416, .T. ) ;
#4138 = DIRECTION ( 'NONE',  ( -1.000000000000000000, 0.000000000000000000, -0.000000000000000000 ) ) ;
#4139 = DIRECTION ( 'NONE',  ( 0.000000000000000000, 1.000000000000000000, -0.000000000000000000 ) ) ;
#4140 = EDGE_LOOP ( 'NONE', ( #215, #2153 ) ) ;
#4141 = DIRECTION ( 'NONE',  ( -0.000000000000000000, -1.000000000000000000, -0.000000000000000000 ) ) ;
#4142 = CARTESIAN_POINT ( 'NONE',  ( 9.333267306181616263, -0.6400000000000000133, -22.04314987346826271 ) ) ;
#4143 = DIRECTION ( 'NONE',  ( 0.000000000000000000, 1.000000000000000000, -0.000000000000000000 ) ) ;
#4144 = VERTEX_POINT ( 'NONE', #4099 ) ;
#4145 = PLANE ( 'NONE',  #2968 ) ;
#4146 = VECTOR ( 'NONE', #3529, 1000.000000000000000 ) ;
#4147 = EDGE_CURVE ( 'NONE', #3248, #2742, #4217, .T. ) ;
#4148 = VERTEX_POINT ( 'NONE', #3764 ) ;
#4149 = CIRCLE ( 'NONE', #2540, 2.600000000000000089 ) ;
#4150 = AXIS2_PLACEMENT_3D ( 'NONE', #3080, #4475, #924 ) ;
#4151 = FACE_BOUND ( 'NONE', #2281, .T. ) ;
#4152 = CARTESIAN_POINT ( 'NONE',  ( -6.645362379242963691, -0.9999999999999991118, -21.90370721547782296 ) ) ;
#4153 = AXIS2_PLACEMENT_3D ( 'NONE', #483, #1929, #3020 ) ;
#4154 = VECTOR ( 'NONE', #309, 1000.000000000000000 ) ;
#4155 = ORIENTED_EDGE ( 'NONE', *, *, #1578, .F. ) ;
#4156 = DIRECTION ( 'NONE',  ( 0.000000000000000000, 1.000000000000000000, -0.000000000000000000 ) ) ;
#4157 = LINE ( 'NONE', #2339, #146 ) ;
#4158 = PLANE ( 'NONE',  #1116 ) ;
#4159 = ORIENTED_EDGE ( 'NONE', *, *, #2907, .F. ) ;
#4160 = ORIENTED_EDGE ( 'NONE', *, *, #3933, .T. ) ;
#4161 = CARTESIAN_POINT ( 'NONE',  ( 8.001249483932832973, -0.9999999999999991118, -23.00000000000000711 ) ) ;
#4162 = DIRECTION ( 'NONE',  ( 0.000000000000000000, 1.000000000000000000, 0.000000000000000000 ) ) ;
#4163 = ORIENTED_EDGE ( 'NONE', *, *, #2041, .T. ) ;
#4164 = PLANE ( 'NONE',  #2814 ) ;
#4165 = LINE ( 'NONE', #174, #3996 ) ;
#4166 = EDGE_CURVE ( 'NONE', #334, #595, #4457, .T. ) ;
#4167 = EDGE_CURVE ( 'NONE', #3026, #2665, #892, .T. ) ;
#4168 = LINE ( 'NONE', #1290, #3390 ) ;
#4169 = VERTEX_POINT ( 'NONE', #2330 ) ;
#4170 = DIRECTION ( 'NONE',  ( -1.000000000000000000, -0.000000000000000000, -0.000000000000000000 ) ) ;
#4171 = VERTEX_POINT ( 'NONE', #3789 ) ;
#4172 = CARTESIAN_POINT ( 'NONE',  ( 16.00000000000000355, -4.000000000000000000, 29.50000000000000355 ) ) ;
#4173 = DIRECTION ( 'NONE',  ( -0.000000000000000000, 1.000000000000000000, -0.000000000000000000 ) ) ;
#4174 = AXIS2_PLACEMENT_3D ( 'NONE', #960, #1390, #2835 ) ;
#4175 = CIRCLE ( 'NONE', #692, 2.499999999999998668 ) ;
#4176 = ORIENTED_EDGE ( 'NONE', *, *, #1776, .T. ) ;
#4177 = DIRECTION ( 'NONE',  ( -0.6018150231520437154, 0.000000000000000000, 0.7986355100472962709 ) ) ;
#4178 = CARTESIAN_POINT ( 'NONE',  ( -7.681935248344220923, -0.9999999999999991118, -4.955890615225188256 ) ) ;
#4179 = CARTESIAN_POINT ( 'NONE',  ( -16.21259128878628886, -10.00000000000000000, 3.475836847133786378 ) ) ;
#4180 = EDGE_CURVE ( 'NONE', #4190, #4052, #1954, .T. ) ;
#4181 = ORIENTED_EDGE ( 'NONE', *, *, #4521, .T. ) ;
#4182 = ORIENTED_EDGE ( 'NONE', *, *, #3494, .T. ) ;
#4183 = CARTESIAN_POINT ( 'NONE',  ( -11.44960120413460736, -10.00000000000000000, -29.34590610895029883 ) ) ;
#4184 = EDGE_LOOP ( 'NONE', ( #13, #1512 ) ) ;
#4185 = DIRECTION ( 'NONE',  ( -1.734723475976767849E-15, 0.000000000000000000, 1.000000000000000000 ) ) ;
#4186 = DIRECTION ( 'NONE',  ( -0.06104853953485288309, 0.000000000000000000, 0.9981347984218672531 ) ) ;
#4187 = AXIS2_PLACEMENT_3D ( 'NONE', #4125, #2755, #630 ) ;
#4188 = CARTESIAN_POINT ( 'NONE',  ( 16.21259128878628530, -10.00000000000000000, -3.475836847133733976 ) ) ;
#4189 = CIRCLE ( 'NONE', #4572, 2.600000000000001421 ) ;
#4190 = VERTEX_POINT ( 'NONE', #2712 ) ;
#4191 = DIRECTION ( 'NONE',  ( 0.6851829903263606525, 0.000000000000000000, 0.7283709698823987999 ) ) ;
#4192 = EDGE_CURVE ( 'NONE', #450, #2576, #1222, .T. ) ;
#4193 = EDGE_CURVE ( 'NONE', #1476, #2085, #4168, .T. ) ;
#4194 = DIRECTION ( 'NONE',  ( 0.7986355100472962709, -0.000000000000000000, 0.6018150231520437154 ) ) ;
#4195 = DIRECTION ( 'NONE',  ( 0.06104853953485284146, 0.000000000000000000, -0.9981347984218672531 ) ) ;
#4196 = ORIENTED_EDGE ( 'NONE', *, *, #2423, .T. ) ;
#4197 = DIRECTION ( 'NONE',  ( -0.000000000000000000, 1.000000000000000000, -0.000000000000000000 ) ) ;
#4198 = CARTESIAN_POINT ( 'NONE',  ( 6.578310240089229488, -10.00000000000000000, 22.99999999999687006 ) ) ;
#4199 = CARTESIAN_POINT ( 'NONE',  ( -15.80614170435593380, -0.9999999999999991118, -3.169555116623693269 ) ) ;
#4200 = EDGE_CURVE ( 'NONE', #1486, #2351, #198, .T. ) ;
#4201 = ORIENTED_EDGE ( 'NONE', *, *, #1065, .F. ) ;
#4202 = ORIENTED_EDGE ( 'NONE', *, *, #1539, .F. ) ;
#4203 = PLANE ( 'NONE',  #4071 ) ;
#4204 =( NAMED_UNIT ( * ) SI_UNIT ( $, .STERADIAN. ) SOLID_ANGLE_UNIT ( ) );
#4205 = EDGE_LOOP ( 'NONE', ( #1025, #4667, #509, #2108 ) ) ;
#4206 = CARTESIAN_POINT ( 'NONE',  ( -0.8256953720314830214, -3.000000000000000000, 11.00000000000000178 ) ) ;
#4207 = CARTESIAN_POINT ( 'NONE',  ( -6.291820713518381680, -0.9999999999999991118, -4.000000000000000000 ) ) ;
#4208 = CARTESIAN_POINT ( 'NONE',  ( 8.261456028412359487, -10.00000000000000000, -4.519190384286056350 ) ) ;
#4209 = ORIENTED_EDGE ( 'NONE', *, *, #3380, .T. ) ;
#4210 = DIRECTION ( 'NONE',  ( 0.000000000000000000, 1.000000000000000000, 0.000000000000000000 ) ) ;
#4211 = AXIS2_PLACEMENT_3D ( 'NONE', #2559, #1430, #2874 ) ;
#4212 = LINE ( 'NONE', #962, #3198 ) ;
#4213 = EDGE_CURVE ( 'NONE', #2532, #178, #1202, .T. ) ;
#4214 = EDGE_LOOP ( 'NONE', ( #4100, #2885, #2061, #3104 ) ) ;
#4215 = EDGE_CURVE ( 'NONE', #3601, #3187, #3811, .T. ) ;
#4216 = LINE ( 'NONE', #3099, #4597 ) ;
#4218 = VECTOR ( 'NONE', #3246, 1000.000000000000000 ) ;
#4217 = CIRCLE ( 'NONE', #434, 8.000000000003137046 ) ;
#4219 = CARTESIAN_POINT ( 'NONE',  ( 8.001249483932832973, -10.00000000000000000, -23.00000000000000711 ) ) ;
#4220 = DIRECTION ( 'NONE',  ( -0.3338068592337683493, 0.000000000000000000, -0.9426414910921793178 ) ) ;
#4221 = LINE ( 'NONE', #2482, #1492 ) ;
#4222 = EDGE_CURVE ( 'NONE', #1934, #3325, #3743, .T. ) ;
#4223 = EDGE_LOOP ( 'NONE', ( #4159, #651, #1851, #1806 ) ) ;
#4224 = AXIS2_PLACEMENT_3D ( 'NONE', #3206, #1756, #2370 ) ;
#4225 = ORIENTED_EDGE ( 'NONE', *, *, #1539, .T. ) ;
#4226 = CARTESIAN_POINT ( 'NONE',  ( 14.56338862746446061, -10.00000000000000000, 23.48838831627882584 ) ) ;
#4227 = ORIENTED_EDGE ( 'NONE', *, *, #3300, .T. ) ;
#4228 = CARTESIAN_POINT ( 'NONE',  ( -6.291820713518380792, -0.9999999999999991118, 4.000000000000000000 ) ) ;
#4229 = CARTESIAN_POINT ( 'NONE',  ( -7.681935248344220923, -10.00000000000000000, -4.955890615225188256 ) ) ;
#4230 = FACE_OUTER_BOUND ( 'NONE', #2251, .T. ) ;
#4231 = CARTESIAN_POINT ( 'NONE',  ( 16.21259128878628530, -10.00000000000000000, -3.475836847133733976 ) ) ;
#4232 = ORIENTED_EDGE ( 'NONE', *, *, #2803, .F. ) ;
#4233 = FILL_AREA_STYLE_COLOUR ( '', #1082 ) ;
#4234 = VECTOR ( 'NONE', #4569, 1000.000000000000000 ) ;
#4235 = LINE ( 'NONE', #3193, #2725 ) ;
#4236 = VECTOR ( 'NONE', #109, 1000.000000000000000 ) ;
#4237 = CARTESIAN_POINT ( 'NONE',  ( 5.220423904620727917, -10.00000000000000000, 23.00000000000000355 ) ) ;
#4238 = EDGE_LOOP ( 'NONE', ( #752, #4163, #4367, #1746 ) ) ;
#4239 = FACE_OUTER_BOUND ( 'NONE', #3611, .T. ) ;
#4240 = AXIS2_PLACEMENT_3D ( 'NONE', #4172, #2287, #1228 ) ;
#4241 = DIRECTION ( 'NONE',  ( 0.000000000000000000, 1.000000000000000000, 0.000000000000000000 ) ) ;
#4242 = CARTESIAN_POINT ( 'NONE',  ( 9.548273171980190099, -0.6399999999999999023, 30.42827841314496240 ) ) ;
#4243 = DIRECTION ( 'NONE',  ( -0.6018150231520438265, 0.000000000000000000, -0.7986355100472961599 ) ) ;
#4244 = PRODUCT_RELATED_PRODUCT_CATEGORY ( 'part', '', ( #1672 ) ) ;
#4245 = EDGE_CURVE ( 'NONE', #440, #4584, #2641, .T. ) ;
#4246 = VERTEX_POINT ( 'NONE', #3454 ) ;
#4247 = ORIENTED_EDGE ( 'NONE', *, *, #3203, .T. ) ;
#4248 = DIRECTION ( 'NONE',  ( -0.06104853953485289003, 0.000000000000000000, 0.9981347984218672531 ) ) ;
#4249 = DIRECTION ( 'NONE',  ( 0.000000000000000000, 0.000000000000000000, 1.000000000000000000 ) ) ;
#4250 = ORIENTED_EDGE ( 'NONE', *, *, #885, .F. ) ;
#4251 = DIRECTION ( 'NONE',  ( -0.06104853953485295248, 0.000000000000000000, 0.9981347984218672531 ) ) ;
#4252 = PRODUCT_DEFINITION_SHAPE ( 'NONE', 'NONE',  #4711 ) ;
#4253 = FACE_BOUND ( 'NONE', #3945, .T. ) ;
#4254 = EDGE_CURVE ( 'NONE', #4115, #1453, #1191, .T. ) ;
#4255 = VERTEX_POINT ( 'NONE', #3067 ) ;
#4256 = LINE ( 'NONE', #4282, #4604 ) ;
#4257 = EDGE_CURVE ( 'NONE', #401, #440, #4530, .T. ) ;
#4258 = DIRECTION ( 'NONE',  ( 0.06104853953485288309, 0.000000000000000000, -0.9981347984218672531 ) ) ;
#4259 = ORIENTED_EDGE ( 'NONE', *, *, #1372, .T. ) ;
#4260 = DIRECTION ( 'NONE',  ( 0.7986355100472960489, 0.000000000000000000, -0.6018150231520439375 ) ) ;
#4261 = AXIS2_PLACEMENT_3D ( 'NONE', #4638, #2059, #1377 ) ;
#4262 = VECTOR ( 'NONE', #346, 1000.000000000000000 ) ;
#4263 = VERTEX_POINT ( 'NONE', #2018 ) ;
#4264 = DIRECTION ( 'NONE',  ( 0.6851829903263613186, -0.000000000000000000, 0.7283709698823983558 ) ) ;
#4265 = CIRCLE ( 'NONE', #1265, 1.449999999999999956 ) ;
#4266 = DIRECTION ( 'NONE',  ( -9.664887937584815887E-15, 0.000000000000000000, 1.000000000000000000 ) ) ;
#4267 = VERTEX_POINT ( 'NONE', #1553 ) ;
#4268 = FACE_OUTER_BOUND ( 'NONE', #2604, .T. ) ;
#4269 = ADVANCED_FACE ( 'NONE', ( #1575 ), #2995, .F. ) ;
#4270 = CARTESIAN_POINT ( 'NONE',  ( -7.955290825755648498, -0.6400000000000000133, -0.4865664309622939609 ) ) ;
#4271 = DIRECTION ( 'NONE',  ( 0.7986355100472919410, 0.000000000000000000, 0.6018150231520495996 ) ) ;
#4272 = DIRECTION ( 'NONE',  ( 1.000000000000000000, 0.000000000000000000, 2.036881348616828083E-16 ) ) ;
#4273 = ORIENTED_EDGE ( 'NONE', *, *, #3468, .F. ) ;
#4274 = VERTEX_POINT ( 'NONE', #4485 ) ;
#4275 = CARTESIAN_POINT ( 'NONE',  ( -6.291820713518381680, -10.00000000000000000, -4.000000000000000000 ) ) ;
#4276 = ORIENTED_EDGE ( 'NONE', *, *, #685, .F. ) ;
#4277 = LINE ( 'NONE', #4659, #1157 ) ;
#4278 = CARTESIAN_POINT ( 'NONE',  ( 12.92931211289799442, -10.00000000000000000, -1.001708526524979437 ) ) ;
#4279 = AXIS2_PLACEMENT_3D ( 'NONE', #1151, #4380, #844 ) ;
#4280 = EDGE_LOOP ( 'NONE', ( #1469, #2948, #1442, #2805 ) ) ;
#4281 = ADVANCED_FACE ( 'NONE', ( #2664 ), #2301, .F. ) ;
#4282 = CARTESIAN_POINT ( 'NONE',  ( 0.000000000000000000, -1.000000000000000000, -32.50000000000000000 ) ) ;
#4283 = DIRECTION ( 'NONE',  ( 0.000000000000000000, 1.000000000000000000, 0.000000000000000000 ) ) ;
#4284 = ORIENTED_EDGE ( 'NONE', *, *, #4222, .F. ) ;
#4285 = CARTESIAN_POINT ( 'NONE',  ( -7.797029150424228838, -10.00000000000000000, 21.00652820552346256 ) ) ;
#4286 = ORIENTED_EDGE ( 'NONE', *, *, #2102, .T. ) ;
#4287 = DIRECTION ( 'NONE',  ( 0.000000000000000000, 0.000000000000000000, 1.000000000000000000 ) ) ;
#4288 = CARTESIAN_POINT ( 'NONE',  ( -6.291820713518380792, -10.00000000000000000, 4.000000000000000000 ) ) ;
#4289 = EDGE_CURVE ( 'NONE', #3469, #4526, #4256, .T. ) ;
#4290 = EDGE_LOOP ( 'NONE', ( #3294, #1282, #1011, #1303, #3555, #3471 ) ) ;
#4291 = DIRECTION ( 'NONE',  ( -0.9426414910921793178, 0.000000000000000000, 0.3338068592337682938 ) ) ;
#4292 = CARTESIAN_POINT ( 'NONE',  ( 0.000000000000000000, -1.000000000000000000, 0.000000000000000000 ) ) ;
#4293 = CARTESIAN_POINT ( 'NONE',  ( -8.224219459354149109, -10.00000000000000000, 23.00000000000000000 ) ) ;
#4294 = AXIS2_PLACEMENT_3D ( 'NONE', #3726, #107, #82 ) ;
#4295 = ORIENTED_EDGE ( 'NONE', *, *, #1863, .T. ) ;
#4296 = AXIS2_PLACEMENT_3D ( 'NONE', #2923, #1883, #3334 ) ;
#4297 =( LENGTH_UNIT ( ) NAMED_UNIT ( * ) SI_UNIT ( .MILLI., .METRE. ) );
#4298 = PRODUCT_CONTEXT ( 'NONE', #2412, 'mechanical' ) ;
#4299 = ORIENTED_EDGE ( 'NONE', *, *, #4167, .F. ) ;
#4300 = FACE_OUTER_BOUND ( 'NONE', #2940, .T. ) ;
#4301 = VECTOR ( 'NONE', #110, 1000.000000000000000 ) ;
#4302 = CARTESIAN_POINT ( 'NONE',  ( 8.261456028412359487, -0.9999999999999991118, -4.519190384286056350 ) ) ;
#4303 = AXIS2_PLACEMENT_3D ( 'NONE', #2560, #3686, #3331 ) ;
#4304 = ORIENTED_EDGE ( 'NONE', *, *, #4180, .F. ) ;
#4305 = AXIS2_PLACEMENT_3D ( 'NONE', #1629, #4470, #4495 ) ;
#4306 = LINE ( 'NONE', #3303, #4340 ) ;
#4307 = DIRECTION ( 'NONE',  ( -0.7986355100472961599, 0.000000000000000000, 0.6018150231520438265 ) ) ;
#4308 = LINE ( 'NONE', #1059, #4559 ) ;
#4309 = ADVANCED_FACE ( 'NONE', ( #1689 ), #2396, .F. ) ;
#4310 = ORIENTED_EDGE ( 'NONE', *, *, #445, .T. ) ;
#4311 = ADVANCED_FACE ( 'NONE', ( #1740 ), #1312, .T. ) ;
#4312 = VERTEX_POINT ( 'NONE', #3546 ) ;
#4313 = FACE_OUTER_BOUND ( 'NONE', #1261, .T. ) ;
#4314 = DIRECTION ( 'NONE',  ( -1.000000000000000000, 0.000000000000000000, 2.573541108691231936E-16 ) ) ;
#4315 = EDGE_LOOP ( 'NONE', ( #4337, #2637, #2525, #4612 ) ) ;
#4316 = DIRECTION ( 'NONE',  ( 0.000000000000000000, 1.000000000000000000, 0.000000000000000000 ) ) ;
#4317 = EDGE_CURVE ( 'NONE', #4357, #23, #2064, .T. ) ;
#4318 = LINE ( 'NONE', #1069, #3723 ) ;
#4319 = CARTESIAN_POINT ( 'NONE',  ( 19.00000000000000000, -0.6400000000000000133, 0.000000000000000000 ) ) ;
#4320 = ORIENTED_EDGE ( 'NONE', *, *, #3925, .T. ) ;
#4321 = CARTESIAN_POINT ( 'NONE',  ( 15.80614170435593735, -0.6400000000000000133, 3.169555116623649305 ) ) ;
#4322 = ORIENTED_EDGE ( 'NONE', *, *, #3986, .F. ) ;
#4323 = DIRECTION ( 'NONE',  ( -0.06104853953485016305, 0.000000000000000000, 0.9981347984218673641 ) ) ;
#4324 = DIRECTION ( 'NONE',  ( -1.000000000000000000, 0.000000000000000000, -0.000000000000000000 ) ) ;
#4325 = CIRCLE ( 'NONE', #2266, 8.000000000003137046 ) ;
#4326 = ORIENTED_EDGE ( 'NONE', *, *, #3196, .F. ) ;
#4327 = VECTOR ( 'NONE', #4621, 1000.000000000000000 ) ;
#4328 = DIRECTION ( 'NONE',  ( 0.000000000000000000, -0.000000000000000000, -1.000000000000000000 ) ) ;
#4329 = FACE_OUTER_BOUND ( 'NONE', #1714, .T. ) ;
#4330 = DIRECTION ( 'NONE',  ( -0.06104853953484838669, 0.000000000000000000, 0.9981347984218674751 ) ) ;
#4331 = ORIENTED_EDGE ( 'NONE', *, *, #2119, .F. ) ;
#4332 = EDGE_CURVE ( 'NONE', #261, #839, #2753, .T. ) ;
#4333 = VERTEX_POINT ( 'NONE', #4665 ) ;
#4334 = EDGE_CURVE ( 'NONE', #4370, #948, #3877, .T. ) ;
#4335 = DIRECTION ( 'NONE',  ( 0.06104853953485316065, 0.000000000000000000, -0.9981347984218672531 ) ) ;
#4336 = ORIENTED_EDGE ( 'NONE', *, *, #2852, .F. ) ;
#4337 = ORIENTED_EDGE ( 'NONE', *, *, #1950, .F. ) ;
#4338 = COLOUR_RGB ( '',0.7921568627450980005, 0.8196078431372548767, 0.9333333333333333481 ) ;
#4339 = CARTESIAN_POINT ( 'NONE',  ( 6.291820713518296415, -10.00000000000000000, -4.000000000000000000 ) ) ;
#4340 = VECTOR ( 'NONE', #1057, 1000.000000000000114 ) ;
#4341 = PLANE ( 'NONE',  #1418 ) ;
#4342 = ORIENTED_EDGE ( 'NONE', *, *, #3201, .F. ) ;
#4343 = CARTESIAN_POINT ( 'NONE',  ( 12.92931211289799442, -0.9999999999999991118, -1.001708526524977216 ) ) ;
#4344 =( NAMED_UNIT ( * ) SI_UNIT ( $, .STERADIAN. ) SOLID_ANGLE_UNIT ( ) );
#4345 = CONTEXT_DEPENDENT_SHAPE_REPRESENTATION ( #2660, #2807 ) ;
#4346 = ORIENTED_EDGE ( 'NONE', *, *, #4108, .F. ) ;
#4347 = CARTESIAN_POINT ( 'NONE',  ( -6.645362379242963691, -10.00000000000000000, -21.90370721547782296 ) ) ;
#4348 = ADVANCED_FACE ( 'NONE', ( #1668 ), #3569, .F. ) ;
#4349 = CARTESIAN_POINT ( 'NONE',  ( -10.00000000000000178, -0.6400000000000000133, 65.00000000000000000 ) ) ;
#4350 = EDGE_CURVE ( 'NONE', #3661, #2417, #627, .T. ) ;
#4351 = ORIENTED_EDGE ( 'NONE', *, *, #4289, .T. ) ;
#4352 = CARTESIAN_POINT ( 'NONE',  ( 8.001249483932832973, -10.00000000000000000, -23.00000000000000711 ) ) ;
#4353 = CARTESIAN_POINT ( 'NONE',  ( -10.45482207421817300, -10.00000000000000000, 23.99999999999997158 ) ) ;
#4354 = SURFACE_STYLE_USAGE ( .BOTH. , #4429 ) ;
#4355 = DIRECTION ( 'NONE',  ( 0.06104853953485300799, 0.000000000000000000, -0.9981347984218672531 ) ) ;
#4356 = LINE ( 'NONE', #1367, #958 ) ;
#4357 = VERTEX_POINT ( 'NONE', #246 ) ;
#4358 = LINE ( 'NONE', #2139, #151 ) ;
#4359 = FACE_OUTER_BOUND ( 'NONE', #797, .T. ) ;
#4360 = EDGE_LOOP ( 'NONE', ( #3623, #3605, #500, #3422 ) ) ;
#4361 =( REPRESENTATION_RELATIONSHIP ('NONE','NONE', #837, #2400 ) REPRESENTATION_RELATIONSHIP_WITH_TRANSFORMATION ( #762 )SHAPE_REPRESENTATION_RELATIONSHIP( ) );
#4362 = CARTESIAN_POINT ( 'NONE',  ( -1.775631072831839186, -0.9999999999999991118, 37.00652820552347322 ) ) ;
#4363 = DIRECTION ( 'NONE',  ( 0.000000000000000000, 1.000000000000000000, 0.000000000000000000 ) ) ;
#4364 = EDGE_CURVE ( 'NONE', #2298, #3524, #1032, .T. ) ;
#4365 = EDGE_CURVE ( 'NONE', #2493, #2331, #4641, .T. ) ;
#4366 = AXIS2_PLACEMENT_3D ( 'NONE', #3968, #4393, #761 ) ;
#4367 = ORIENTED_EDGE ( 'NONE', *, *, #3602, .T. ) ;
#4368 = SURFACE_STYLE_FILL_AREA ( #2104 ) ;
#4369 = ITEM_DEFINED_TRANSFORMATION ( 'NONE', 'NONE', #3163,  #3619 ) ;
#4370 = VERTEX_POINT ( 'NONE', #1333 ) ;
#4371 = CARTESIAN_POINT ( 'NONE',  ( -19.00000000000000000, -1.000000000000000000, 32.50000000000000000 ) ) ;
#4372 = DIRECTION ( 'NONE',  ( 0.06104853953485289003, 0.000000000000000000, -0.9981347984218672531 ) ) ;
#4373 = UNCERTAINTY_MEASURE_WITH_UNIT (LENGTH_MEASURE( 1.000000000000000082E-05 ), #413, 'distance_accuracy_value', 'NONE');
#4374 = VECTOR ( 'NONE', #3863, 1000.000000000000227 ) ;
#4375 = ORIENTED_EDGE ( 'NONE', *, *, #2212, .F. ) ;
#4376 = CIRCLE ( 'NONE', #4600, 2.499999999999998668 ) ;
#4377 = PLANE ( 'NONE',  #1609 ) ;
#4378 = CIRCLE ( 'NONE', #2471, 1.449999999999999956 ) ;
#4379 = CARTESIAN_POINT ( 'NONE',  ( -16.21259128878628886, -0.9999999999999991118, 3.475836847133786378 ) ) ;
#4380 = DIRECTION ( 'NONE',  ( 0.000000000000000000, 1.000000000000000000, 0.000000000000000000 ) ) ;
#4381 = CARTESIAN_POINT ( 'NONE',  ( 12.92931211289799442, -10.00000000000000000, -1.001708526524977216 ) ) ;
#4382 = VECTOR ( 'NONE', #701, 1000.000000000000000 ) ;
#4383 = VECTOR ( 'NONE', #3780, 1000.000000000000000 ) ;
#4384 = CARTESIAN_POINT ( 'NONE',  ( -5.479968827431126677, -0.9999999999999991118, -23.00000000000000355 ) ) ;
#4385 = VECTOR ( 'NONE', #253, 1000.000000000000000 ) ;
#4386 = ORIENTED_EDGE ( 'NONE', *, *, #4442, .T. ) ;
#4387 = LINE ( 'NONE', #1155, #2128 ) ;
#4388 = CARTESIAN_POINT ( 'NONE',  ( -2.202970849575789369, -0.6399999999999999023, 43.99347179447654099 ) ) ;
#4389 = EDGE_LOOP ( 'NONE', ( #1382, #3230, #3733, #3815, #870, #4346 ) ) ;
#4390 = LINE ( 'NONE', #3674, #959 ) ;
#4391 = DIRECTION ( 'NONE',  ( 0.000000000000000000, 0.000000000000000000, 1.000000000000000000 ) ) ;
#4392 = ORIENTED_EDGE ( 'NONE', *, *, #896, .T. ) ;
#4393 = DIRECTION ( 'NONE',  ( 0.000000000000000000, 1.000000000000000000, 0.000000000000000000 ) ) ;
#4394 = ORIENTED_EDGE ( 'NONE', *, *, #72, .F. ) ;
#4395 = CARTESIAN_POINT ( 'NONE',  ( 6.578310240089521699, -10.00000000000000000, 31.00000000000000711 ) ) ;
#4396 = CYLINDRICAL_SURFACE ( 'NONE', #1083, 2.600000000000001421 ) ;
#4397 = ADVANCED_FACE ( 'NONE', ( #4230 ), #3162, .F. ) ;
#4398 = AXIS2_PLACEMENT_3D ( 'NONE', #3751, #1254, #4133 ) ;
#4399 = ADVANCED_FACE ( 'NONE', ( #2491 ), #270, .F. ) ;
#4400 = ORIENTED_EDGE ( 'NONE', *, *, #942, .T. ) ;
#4401 = EDGE_LOOP ( 'NONE', ( #3979, #2312, #3734, #873, #3770, #1944 ) ) ;
#4402 = CARTESIAN_POINT ( 'NONE',  ( -6.645362379242963691, -0.6400000000000000133, -21.90370721547782651 ) ) ;
#4403 = CYLINDRICAL_SURFACE ( 'NONE', #1200, 7.000000000000044409 ) ;
#4404 = EDGE_CURVE ( 'NONE', #3571, #3423, #1358, .T. ) ;
#4405 = CARTESIAN_POINT ( 'NONE',  ( 9.333267306181616263, -10.00000000000000000, -22.04314987346826626 ) ) ;
#4406 = CARTESIAN_POINT ( 'NONE',  ( 9.333267306181616263, -10.00000000000000000, -22.04314987346826626 ) ) ;
#4407 = AXIS2_PLACEMENT_3D ( 'NONE', #1443, #804, #3627 ) ;
#4408 = ADVANCED_FACE ( 'NONE', ( #2087 ), #3929, .F. ) ;
#4409 = CARTESIAN_POINT ( 'NONE',  ( -10.00000000000000178, -0.6400000000000000133, 65.00000000000000000 ) ) ;
#4410 = ORIENTED_EDGE ( 'NONE', *, *, #1896, .T. ) ;
#4411 = CARTESIAN_POINT ( 'NONE',  ( -16.00000000000000000, -10.00000000000000000, -29.50000000000000000 ) ) ;
#4412 = DIRECTION ( 'NONE',  ( -0.06104853953485284146, 0.000000000000000000, 0.9981347984218672531 ) ) ;
#4413 = ORIENTED_EDGE ( 'NONE', *, *, #217, .T. ) ;
#4414 = CARTESIAN_POINT ( 'NONE',  ( -6.291820713518380792, -0.9999999999999991118, 4.000000000000000000 ) ) ;
#4415 = PLANE ( 'NONE',  #2017 ) ;
#4416 = EDGE_CURVE ( 'NONE', #3325, #696, #3213, .T. ) ;
#4417 = AXIS2_PLACEMENT_3D ( 'NONE', #1427, #3184, #1707 ) ;
#4418 = AXIS2_PLACEMENT_3D ( 'NONE', #1626, #485, #1603 ) ;
#4419 = FACE_OUTER_BOUND ( 'NONE', #335, .T. ) ;
#4420 = VECTOR ( 'NONE', #403, 1000.000000000000000 ) ;
#4421 = ORIENTED_EDGE ( 'NONE', *, *, #4213, .T. ) ;
#4422 = FACE_OUTER_BOUND ( 'NONE', #2842, .T. ) ;
#4423 = DIRECTION ( 'NONE',  ( 0.000000000000000000, 0.000000000000000000, 1.000000000000000000 ) ) ;
#4424 = ORIENTED_EDGE ( 'NONE', *, *, #4521, .F. ) ;
#4425 = EDGE_LOOP ( 'NONE', ( #1903, #2058, #3226, #1252, #2558, #1841 ) ) ;
#4426 = DIRECTION ( 'NONE',  ( -1.000000000000000000, 0.000000000000000000, -0.000000000000000000 ) ) ;
#4427 = DIRECTION ( 'NONE',  ( -0.06104853953484814383, 0.000000000000000000, 0.9981347984218674751 ) ) ;
#4428 = EDGE_LOOP ( 'NONE', ( #3660, #2261, #344, #2194 ) ) ;
#4429 = SURFACE_SIDE_STYLE ('',( #748 ) ) ;
#4430 = LINE ( 'NONE', #4381, #1943 ) ;
#4431 =( GEOMETRIC_REPRESENTATION_CONTEXT ( 3 ) GLOBAL_UNCERTAINTY_ASSIGNED_CONTEXT ( ( #522 ) ) GLOBAL_UNIT_ASSIGNED_CONTEXT ( ( #644, #4567, #4204 ) ) REPRESENTATION_CONTEXT ( 'NONE', 'WORKASPACE' ) );
#4432 = EDGE_CURVE ( 'NONE', #2157, #2713, #340, .T. ) ;
#4433 = APPLICATION_CONTEXT ( 'automotive_design' ) ;
#4434 = EDGE_CURVE ( 'NONE', #4267, #77, #893, .T. ) ;
#4435 = DIRECTION ( 'NONE',  ( 1.000000000000000000, -0.000000000000000000, 2.580542196641711662E-16 ) ) ;
#4436 = VERTEX_POINT ( 'NONE', #1526 ) ;
#4437 = FACE_OUTER_BOUND ( 'NONE', #2188, .T. ) ;
#4438 = FACE_BOUND ( 'NONE', #351, .T. ) ;
#4439 = EDGE_LOOP ( 'NONE', ( #2043, #2425, #2864, #4043, #699, #1178 ) ) ;
#4440 = ORIENTED_EDGE ( 'NONE', *, *, #1788, .T. ) ;
#4441 = CARTESIAN_POINT ( 'NONE',  ( 8.001249483932832973, -0.9999999999999991118, -23.00000000000000711 ) ) ;
#4442 = EDGE_CURVE ( 'NONE', #3938, #1518, #1101, .T. ) ;
#4443 = CARTESIAN_POINT ( 'NONE',  ( -7.681935248344220923, -0.9999999999999991118, -4.955890615225188256 ) ) ;
#4444 = FACE_BOUND ( 'NONE', #2772, .T. ) ;
#4445 = ORIENTED_EDGE ( 'NONE', *, *, #2228, .T. ) ;
#4446 = LINE ( 'NONE', #739, #2792 ) ;
#4447 = CARTESIAN_POINT ( 'NONE',  ( -7.955290825755644946, -0.6400000000000000133, -0.4865664309622941830 ) ) ;
#4448 = ORIENTED_EDGE ( 'NONE', *, *, #189, .F. ) ;
#4449 = ORIENTED_EDGE ( 'NONE', *, *, #3053, .T. ) ;
#4450 = FACE_OUTER_BOUND ( 'NONE', #1686, .T. ) ;
#4451 = FACE_OUTER_BOUND ( 'NONE', #687, .T. ) ;
#4452 = ORIENTED_EDGE ( 'NONE', *, *, #704, .F. ) ;
#4453 = VECTOR ( 'NONE', #2506, 1000.000000000000114 ) ;
#4454 = DIRECTION ( 'NONE',  ( 0.000000000000000000, 0.000000000000000000, -1.000000000000000000 ) ) ;
#4455 = DIRECTION ( 'NONE',  ( 0.000000000000000000, 0.000000000000000000, -1.000000000000000000 ) ) ;
#4456 = EDGE_CURVE ( 'NONE', #3021, #3225, #3843, .T. ) ;
#4457 = LINE ( 'NONE', #1997, #508 ) ;
#4459 = AXIS2_PLACEMENT_3D ( 'NONE', #2099, #308, #2075 ) ;
#4458 = AXIS2_PLACEMENT_3D ( 'NONE', #3188, #2854, #2802 ) ;
#4460 = ORIENTED_EDGE ( 'NONE', *, *, #2265, .F. ) ;
#4461 = DIRECTION ( 'NONE',  ( 0.06104853953484838669, 0.000000000000000000, -0.9981347984218674751 ) ) ;
#4462 = VECTOR ( 'NONE', #859, 1000.000000000000000 ) ;
#4463 = VERTEX_POINT ( 'NONE', #4379 ) ;
#4464 = EDGE_CURVE ( 'NONE', #635, #569, #1854, .T. ) ;
#4465 = AXIS2_PLACEMENT_3D ( 'NONE', #865, #3805, #1902 ) ;
#4466 = EDGE_LOOP ( 'NONE', ( #166, #3765, #4413, #862 ) ) ;
#4467 = CIRCLE ( 'NONE', #2399, 8.000000000000181188 ) ;
#4468 = CARTESIAN_POINT ( 'NONE',  ( -6.578310240089519922, -0.6400000000000000133, -30.99999999999999289 ) ) ;
#4469 = EDGE_CURVE ( 'NONE', #2505, #401, #3926, .T. ) ;
#4470 = DIRECTION ( 'NONE',  ( -0.6018150231520495996, 0.000000000000000000, 0.7986355100472919410 ) ) ;
#4471 = ADVANCED_FACE ( 'NONE', ( #1478 ), #1173, .F. ) ;
#4472 = LINE ( 'NONE', #1964, #2922 ) ;
#4473 = ORIENTED_EDGE ( 'NONE', *, *, #3685, .T. ) ;
#4474 = CARTESIAN_POINT ( 'NONE',  ( -8.775631072831838964, -0.9999999999999991118, 37.00652820552347322 ) ) ;
#4475 = DIRECTION ( 'NONE',  ( -0.6018150231520494886, 0.000000000000000000, -0.7986355100472919410 ) ) ;
#4476 = MECHANICAL_DESIGN_GEOMETRIC_PRESENTATION_REPRESENTATION (  '', ( #2640 ), #2405 ) ;
#4477 = ORIENTED_EDGE ( 'NONE', *, *, #3602, .F. ) ;
#4478 = EDGE_LOOP ( 'NONE', ( #1766, #4599, #1771, #4473 ) ) ;
#4479 = DIRECTION ( 'NONE',  ( 0.000000000000000000, 0.000000000000000000, -1.000000000000000000 ) ) ;
#4480 = DIRECTION ( 'NONE',  ( 0.7986355100472960489, 0.000000000000000000, -0.6018150231520439375 ) ) ;
#4481 = VECTOR ( 'NONE', #1144, 1000.000000000000000 ) ;
#4482 = ORIENTED_EDGE ( 'NONE', *, *, #3007, .T. ) ;
#4483 = CARTESIAN_POINT ( 'NONE',  ( -6.291820713518380792, -0.6400000000000000133, 4.000000000000000000 ) ) ;
#4484 = CARTESIAN_POINT ( 'NONE',  ( 0.8256953720314850198, -1.000000000000000000, -13.49999999999999822 ) ) ;
#4485 = CARTESIAN_POINT ( 'NONE',  ( 16.21259128878628530, -0.9999999999999991118, -3.475836847133733976 ) ) ;
#4486 = AXIS2_PLACEMENT_3D ( 'NONE', #1914, #4513, #1558 ) ;
#4487 = VERTEX_POINT ( 'NONE', #770 ) ;
#4488 = LINE ( 'NONE', #2997, #3118 ) ;
#4489 = VERTEX_POINT ( 'NONE', #4068 ) ;
#4490 = EDGE_CURVE ( 'NONE', #3107, #39, #2857, .T. ) ;
#4491 = ORIENTED_EDGE ( 'NONE', *, *, #3196, .T. ) ;
#4492 = VERTEX_POINT ( 'NONE', #2584 ) ;
#4493 = EDGE_CURVE ( 'NONE', #116, #595, #4046, .T. ) ;
#4494 = FACE_OUTER_BOUND ( 'NONE', #2053, .T. ) ;
#4495 = DIRECTION ( 'NONE',  ( 0.7986355100472919410, 0.000000000000000000, 0.6018150231520495996 ) ) ;
#4496 = FACE_BOUND ( 'NONE', #1397, .T. ) ;
#4497 = DIRECTION ( 'NONE',  ( 0.000000000000000000, 1.000000000000000000, 0.000000000000000000 ) ) ;
#4498 = LINE ( 'NONE', #1236, #2699 ) ;
#4499 = VERTEX_POINT ( 'NONE', #1830 ) ;
#4500 = EDGE_LOOP ( 'NONE', ( #2020, #1802, #1174, #4510 ) ) ;
#4501 = DIRECTION ( 'NONE',  ( -1.000000000000000000, 0.000000000000000000, 0.000000000000000000 ) ) ;
#4502 = DIRECTION ( 'NONE',  ( 0.000000000000000000, 0.000000000000000000, 1.000000000000000000 ) ) ;
#4503 = VERTEX_POINT ( 'NONE', #2155 ) ;
#4504 = VECTOR ( 'NONE', #4048, 1000.000000000000000 ) ;
#4505 = DIRECTION ( 'NONE',  ( 0.000000000000000000, -1.000000000000000000, 0.000000000000000000 ) ) ;
#4506 = DIRECTION ( 'NONE',  ( 1.000000000000000000, 0.000000000000000000, 0.000000000000000000 ) ) ;
#4507 = ADVANCED_FACE ( 'NONE', ( #3640 ), #386, .F. ) ;
#4508 = CARTESIAN_POINT ( 'NONE',  ( 6.578310240089229488, -0.6399999999999999023, 22.99999999999687006 ) ) ;
#4509 = PRODUCT_DEFINITION_FORMATION_WITH_SPECIFIED_SOURCE ( 'ANY', '', #3268, .NOT_KNOWN. ) ;
#4510 = ORIENTED_EDGE ( 'NONE', *, *, #961, .T. ) ;
#4511 = DIRECTION ( 'NONE',  ( 0.000000000000000000, 0.000000000000000000, 1.000000000000000000 ) ) ;
#4512 = ORIENTED_EDGE ( 'NONE', *, *, #4657, .T. ) ;
#4513 = DIRECTION ( 'NONE',  ( 0.000000000000000000, 1.000000000000000000, -0.000000000000000000 ) ) ;
#4514 = CARTESIAN_POINT ( 'NONE',  ( -8.775631072831838964, -0.9999999999999991118, 37.00652820552347322 ) ) ;
#4515 = VECTOR ( 'NONE', #4618, 1000.000000000000000 ) ;
#4516 = ORIENTED_EDGE ( 'NONE', *, *, #685, .T. ) ;
#4517 = CARTESIAN_POINT ( 'NONE',  ( 6.578310240089507488, -10.00000000000000000, 22.99999999999999289 ) ) ;
#4518 = LINE ( 'NONE', #567, #3928 ) ;
#4519 = LINE ( 'NONE', #4179, #3239 ) ;
#4520 = ADVANCED_FACE ( 'NONE', ( #1783 ), #4403, .F. ) ;
#4521 = EDGE_CURVE ( 'NONE', #4333, #450, #3592, .T. ) ;
#4522 = ORIENTED_EDGE ( 'NONE', *, *, #2499, .F. ) ;
#4523 = ORIENTED_EDGE ( 'NONE', *, *, #2561, .T. ) ;
#4524 = PLANE ( 'NONE',  #111 ) ;
#4525 = DIRECTION ( 'NONE',  ( 0.06104853953485295248, 0.000000000000000000, -0.9981347984218672531 ) ) ;
#4526 = VERTEX_POINT ( 'NONE', #407 ) ;
#4527 = DIRECTION ( 'NONE',  ( 0.000000000000000000, 0.000000000000000000, -1.000000000000000000 ) ) ;
#4528 = DIRECTION ( 'NONE',  ( 0.000000000000000000, 1.000000000000000000, 0.000000000000000000 ) ) ;
#4529 = MECHANICAL_DESIGN_GEOMETRIC_PRESENTATION_REPRESENTATION (  '', ( #348 ), #1037 ) ;
#4530 = LINE ( 'NONE', #1267, #2166 ) ;
#4531 = ORIENTED_EDGE ( 'NONE', *, *, #2237, .F. ) ;
#4532 = CARTESIAN_POINT ( 'NONE',  ( -6.578310240089471073, -0.9999999999999991118, -22.99999999999981171 ) ) ;
#4533 = VECTOR ( 'NONE', #282, 1000.000000000000000 ) ;
#4534 = ORIENTED_EDGE ( 'NONE', *, *, #260, .F. ) ;
#4535 = AXIS2_PLACEMENT_3D ( 'NONE', #904, #545, #593 ) ;
#4536 = CARTESIAN_POINT ( 'NONE',  ( 0.8256953720314853529, -4.000000000000000000, -16.10000000000000142 ) ) ;
#4537 = CARTESIAN_POINT ( 'NONE',  ( -16.00000000000000000, -4.000000000000000000, -30.94999999999999929 ) ) ;
#4538 = VECTOR ( 'NONE', #4427, 1000.000000000000114 ) ;
#4539 = AXIS2_PLACEMENT_3D ( 'NONE', #2007, #1965, #163 ) ;
#4540 = ORIENTED_EDGE ( 'NONE', *, *, #2847, .T. ) ;
#4541 = DIRECTION ( 'NONE',  ( -1.000000000000000000, -0.000000000000000000, 4.073762697233657151E-16 ) ) ;
#4542 = CARTESIAN_POINT ( 'NONE',  ( 19.00000000000000000, 0.000000000000000000, 32.50000000000000000 ) ) ;
#4543 = DIRECTION ( 'NONE',  ( 0.000000000000000000, 0.000000000000000000, 1.000000000000000000 ) ) ;
#4544 = ADVANCED_FACE ( 'NONE', ( #2875 ), #1455, .F. ) ;
#4545 = ORIENTED_EDGE ( 'NONE', *, *, #2663, .T. ) ;
#4546 = EDGE_LOOP ( 'NONE', ( #3722, #1387, #2845, #3253 ) ) ;
#4547 = CARTESIAN_POINT ( 'NONE',  ( -19.00000000000000000, 0.000000000000000000, -32.50000000000000000 ) ) ;
#4548 = CARTESIAN_POINT ( 'NONE',  ( 10.45482207421837906, -0.6399999999999999023, -24.00000000000104095 ) ) ;
#4549 = EDGE_LOOP ( 'NONE', ( #3023, #731, #103, #3920 ) ) ;
#4550 = ADVANCED_FACE ( 'NONE', ( #4329 ), #3304, .F. ) ;
#4551 = CARTESIAN_POINT ( 'NONE',  ( 0.000000000000000000, -0.6400000000000000133, 0.000000000000000000 ) ) ;
#4552 = CARTESIAN_POINT ( 'NONE',  ( -8.775631072831838964, -10.00000000000000000, 37.00652820552347322 ) ) ;
#4553 = DIRECTION ( 'NONE',  ( -1.000000000000000000, 0.000000000000000000, -6.892772199665726237E-17 ) ) ;
#4554 = ORIENTED_EDGE ( 'NONE', *, *, #3073, .T. ) ;
#4555 = CARTESIAN_POINT ( 'NONE',  ( -16.00000000000000000, -4.000000000000000000, -28.04999999999999716 ) ) ;
#4556 = FACE_OUTER_BOUND ( 'NONE', #93, .T. ) ;
#4557 = CARTESIAN_POINT ( 'NONE',  ( 11.59999999999999964, -10.00000000000000000, 0.000000000000000000 ) ) ;
#4558 = VECTOR ( 'NONE', #2233, 1000.000000000000000 ) ;
#4559 = VECTOR ( 'NONE', #2424, 1000.000000000000114 ) ;
#4560 = EDGE_LOOP ( 'NONE', ( #2678, #2655, #2544, #3682 ) ) ;
#4561 = DIRECTION ( 'NONE',  ( 0.000000000000000000, 1.000000000000000000, 0.000000000000000000 ) ) ;
#4562 = LINE ( 'NONE', #4111, #1497 ) ;
#4563 = CARTESIAN_POINT ( 'NONE',  ( -14.56338862746445351, -10.00000000000000000, -23.48838831627882229 ) ) ;
#4564 = VERTEX_POINT ( 'NONE', #724 ) ;
#4565 = EDGE_LOOP ( 'NONE', ( #2098, #827, #995, #1762, #2770, #1946 ) ) ;
#4566 = CARTESIAN_POINT ( 'NONE',  ( -10.45482207421817300, -0.6399999999999999023, 23.99999999999997158 ) ) ;
#4567 =( NAMED_UNIT ( * ) PLANE_ANGLE_UNIT ( ) SI_UNIT ( $, .RADIAN. ) );
#4568 = VERTEX_POINT ( 'NONE', #364 ) ;
#4569 = DIRECTION ( 'NONE',  ( -1.000000000000000000, 0.000000000000000000, 0.000000000000000000 ) ) ;
#4570 = DIRECTION ( 'NONE',  ( 0.000000000000000000, 1.000000000000000000, 0.000000000000000000 ) ) ;
#4571 = DIRECTION ( 'NONE',  ( 0.000000000000000000, 1.000000000000000000, 0.000000000000000000 ) ) ;
#4572 = AXIS2_PLACEMENT_3D ( 'NONE', #2927, #2211, #2541 ) ;
#4573 = VERTEX_POINT ( 'NONE', #3255 ) ;
#4574 = DIRECTION ( 'NONE',  ( 0.000000000000000000, 1.000000000000000000, -0.000000000000000000 ) ) ;
#4575 = ADVANCED_FACE ( 'NONE', ( #251 ), #4095, .T. ) ;
#4576 = EDGE_CURVE ( 'NONE', #524, #3728, #2636, .T. ) ;
#4577 = DIRECTION ( 'NONE',  ( -1.000000000000000000, -0.000000000000000000, -0.000000000000000000 ) ) ;
#4578 = FACE_OUTER_BOUND ( 'NONE', #1463, .T. ) ;
#4579 = VERTEX_POINT ( 'NONE', #909 ) ;
#4580 = LINE ( 'NONE', #1727, #2238 ) ;
#4581 = CARTESIAN_POINT ( 'NONE',  ( -9.202970849575789813, -0.9999999999999991118, 43.99347179447654099 ) ) ;
#4582 = CARTESIAN_POINT ( 'NONE',  ( -19.00000000000000000, -1.000000000000000000, -0.000000000000000000 ) ) ;
#4583 = DIRECTION ( 'NONE',  ( 0.06104853953485284146, -0.000000000000000000, -0.9981347984218672531 ) ) ;
#4584 = VERTEX_POINT ( 'NONE', #3713 ) ;
#4585 = ORIENTED_EDGE ( 'NONE', *, *, #3573, .F. ) ;
#4586 = CARTESIAN_POINT ( 'NONE',  ( -14.97186607185890139, -10.00000000000000000, 29.34755210571891482 ) ) ;
#4587 = EDGE_LOOP ( 'NONE', ( #1921, #2520, #1323, #3483 ) ) ;
#4588 = LINE ( 'NONE', #1053, #1982 ) ;
#4589 = CARTESIAN_POINT ( 'NONE',  ( 0.8256953720314853529, -1.000000000000000000, -16.00000000000000000 ) ) ;
#4590 = DIRECTION ( 'NONE',  ( 0.000000000000000000, 1.000000000000000000, 0.000000000000000000 ) ) ;
#4591 = ORIENTED_EDGE ( 'NONE', *, *, #4023, .F. ) ;
#4592 = LINE ( 'NONE', #4555, #357 ) ;
#4593 = AXIS2_PLACEMENT_3D ( 'NONE', #2369, #4636, #597 ) ;
#4594 = ADVANCED_FACE ( 'NONE', ( #842 ), #2706, .F. ) ;
#4595 = PLANE ( 'NONE',  #3186 ) ;
#4596 = EDGE_CURVE ( 'NONE', #717, #4052, #526, .T. ) ;
#4597 = VECTOR ( 'NONE', #922, 1000.000000000000000 ) ;
#4598 = CARTESIAN_POINT ( 'NONE',  ( -17.44176566317134558, -0.6400000000000000133, 23.57266022325603316 ) ) ;
#4599 = ORIENTED_EDGE ( 'NONE', *, *, #4490, .F. ) ;
#4600 = AXIS2_PLACEMENT_3D ( 'NONE', #2205, #2230, #409 ) ;
#4601 = VECTOR ( 'NONE', #1591, 1000.000000000000000 ) ;
#4602 = ADVANCED_FACE ( 'NONE', ( #115 ), #883, .F. ) ;
#4603 = DIRECTION ( 'NONE',  ( 0.7986355100472962709, 0.000000000000000000, 0.6018150231520437154 ) ) ;
#4604 = VECTOR ( 'NONE', #3498, 1000.000000000000000 ) ;
#4605 = LINE ( 'NONE', #1750, #2858 ) ;
#4606 = CARTESIAN_POINT ( 'NONE',  ( 16.00000000000000355, -4.000000000000000000, 28.05000000000000071 ) ) ;
#4607 = CARTESIAN_POINT ( 'NONE',  ( -12.92931211289798377, -10.00000000000000000, -1.001708526524981657 ) ) ;
#4608 = AXIS2_PLACEMENT_3D ( 'NONE', #2364, #138, #544 ) ;
#4609 = ORIENTED_EDGE ( 'NONE', *, *, #2993, .T. ) ;
#4610 =( GEOMETRIC_REPRESENTATION_CONTEXT ( 3 ) GLOBAL_UNCERTAINTY_ASSIGNED_CONTEXT ( ( #3608 ) ) GLOBAL_UNIT_ASSIGNED_CONTEXT ( ( #3827, #1024, #2796 ) ) REPRESENTATION_CONTEXT ( 'NONE', 'WORKASPACE' ) );
#4611 = EDGE_CURVE ( 'NONE', #3601, #3098, #3016, .T. ) ;
#4612 = ORIENTED_EDGE ( 'NONE', *, *, #3560, .T. ) ;
#4613 = LINE ( 'NONE', #1351, #2084 ) ;
#4614 = AXIS2_PLACEMENT_3D ( 'NONE', #4557, #1960, #3097 ) ;
#4615 = CARTESIAN_POINT ( 'NONE',  ( -19.00000000000000000, 0.000000000000000000, -32.50000000000000000 ) ) ;
#4616 = ORIENTED_EDGE ( 'NONE', *, *, #2142, .F. ) ;
#4617 = CARTESIAN_POINT ( 'NONE',  ( 6.291820713518296415, -10.00000000000000000, -4.000000000000000000 ) ) ;
#4618 = DIRECTION ( 'NONE',  ( 1.000000000000000000, -0.000000000000000000, -0.000000000000000000 ) ) ;
#4619 = ORIENTED_EDGE ( 'NONE', *, *, #2328, .T. ) ;
#4620 = DIRECTION ( 'NONE',  ( -0.6851829903263612076, 0.000000000000000000, -0.7283709698823984668 ) ) ;
#4621 = DIRECTION ( 'NONE',  ( 0.000000000000000000, 0.000000000000000000, 1.000000000000000000 ) ) ;
#4622 = ORIENTED_EDGE ( 'NONE', *, *, #1311, .F. ) ;
#4623 = LINE ( 'NONE', #2398, #3884 ) ;
#4624 = ORIENTED_EDGE ( 'NONE', *, *, #27, .F. ) ;
#4625 = LINE ( 'NONE', #1364, #3340 ) ;
#4626 = VECTOR ( 'NONE', #764, 1000.000000000000000 ) ;
#4627 = CARTESIAN_POINT ( 'NONE',  ( 15.80614170435593735, -0.9999999999999991118, 3.169555116623649305 ) ) ;
#4628 = ORIENTED_EDGE ( 'NONE', *, *, #97, .F. ) ;
#4629 = DIRECTION ( 'NONE',  ( 0.000000000000000000, 0.000000000000000000, 1.000000000000000000 ) ) ;
#4630 = AXIS2_PLACEMENT_3D ( 'NONE', #608, #226, #2378 ) ;
#4631 = LINE ( 'NONE', #3939, #1192 ) ;
#4632 = DIRECTION ( 'NONE',  ( -0.000000000000000000, 0.000000000000000000, 1.000000000000000000 ) ) ;
#4633 = CARTESIAN_POINT ( 'NONE',  ( -8.261456028412363040, -10.00000000000000000, 4.519190384286107864 ) ) ;
#4634 = ORIENTED_EDGE ( 'NONE', *, *, #38, .T. ) ;
#4635 = ORIENTED_EDGE ( 'NONE', *, *, #3756, .F. ) ;
#4636 = DIRECTION ( 'NONE',  ( 0.000000000000000000, 0.000000000000000000, -1.000000000000000000 ) ) ;
#4637 = ORIENTED_EDGE ( 'NONE', *, *, #1784, .T. ) ;
#4638 = CARTESIAN_POINT ( 'NONE',  ( 10.45482207421837906, -10.00000000000000000, -24.00000000000104095 ) ) ;
#4639 = DIRECTION ( 'NONE',  ( 0.000000000000000000, -0.000000000000000000, 1.000000000000000000 ) ) ;
#4640 = EDGE_LOOP ( 'NONE', ( #297, #2724, #1887, #2368 ) ) ;
#4641 = LINE ( 'NONE', #649, #1717 ) ;
#4642 = EDGE_CURVE ( 'NONE', #2032, #2371, #2988, .T. ) ;
#4643 = FACE_OUTER_BOUND ( 'NONE', #4010, .T. ) ;
#4644 = DIRECTION ( 'NONE',  ( 0.000000000000000000, 1.000000000000000000, -0.000000000000000000 ) ) ;
#4645 = CARTESIAN_POINT ( 'NONE',  ( -17.44176566317134558, -10.00000000000000000, 23.57266022325603316 ) ) ;
#4646 = VECTOR ( 'NONE', #3540, 1000.000000000000000 ) ;
#4647 = CIRCLE ( 'NONE', #3742, 2.600000000000000089 ) ;
#4648 = ORIENTED_EDGE ( 'NONE', *, *, #4596, .F. ) ;
#4649 = CARTESIAN_POINT ( 'NONE',  ( 11.37146240934107055, -10.00000000000000000, -30.93972409365286325 ) ) ;
#4650 = CLOSED_SHELL ( 'NONE', ( #2146, #1379, #244, #4348, #653, #3345, #921, #4408, #4083, #2611, #3407, #1732, #4661, #3137 ) ) ;
#4651 = FACE_OUTER_BOUND ( 'NONE', #1052, .T. ) ;
#4652 = EDGE_LOOP ( 'NONE', ( #1187, #801, #950, #917 ) ) ;
#4653 = DIRECTION ( 'NONE',  ( 0.000000000000000000, 1.000000000000000000, 0.000000000000000000 ) ) ;
#4654 = LINE ( 'NONE', #4582, #2094 ) ;
#4655 = DIRECTION ( 'NONE',  ( -0.7986355100472961599, 0.000000000000000000, 0.6018150231520438265 ) ) ;
#4656 = EDGE_LOOP ( 'NONE', ( #4658, #811, #4619, #4554 ) ) ;
#4657 = EDGE_CURVE ( 'NONE', #2665, #313, #3449, .T. ) ;
#4658 = ORIENTED_EDGE ( 'NONE', *, *, #4689, .F. ) ;
#4659 = CARTESIAN_POINT ( 'NONE',  ( -8.224368927168168142, -10.00000000000000000, 27.99347179447653389 ) ) ;
#4660 = CARTESIAN_POINT ( 'NONE',  ( 0.000000000000000000, -0.6400000000000000133, 0.000000000000000000 ) ) ;
#4661 = ADVANCED_FACE ( 'NONE', ( #1570 ), #3088, .T. ) ;
#4662 = AXIS2_PLACEMENT_3D ( 'NONE', #3402, #149, #1600 ) ;
#4663 = ORIENTED_EDGE ( 'NONE', *, *, #620, .T. ) ;
#4664 = LINE ( 'NONE', #3662, #4038 ) ;
#4665 = CARTESIAN_POINT ( 'NONE',  ( -12.92931211289798377, -0.9999999999999991118, -1.001708526524981657 ) ) ;
#4666 = DIRECTION ( 'NONE',  ( -0.3907311284892709402, 0.000000000000000000, 0.9205048534524414849 ) ) ;
#4667 = ORIENTED_EDGE ( 'NONE', *, *, #2509, .F. ) ;
#4668 = ORIENTED_EDGE ( 'NONE', *, *, #2784, .T. ) ;
#4669 = LINE ( 'NONE', #2164, #2895 ) ;
#4670 = APPLICATION_CONTEXT ( 'automotive_design' ) ;
#4671 = CARTESIAN_POINT ( 'NONE',  ( 6.578310240089521699, -0.9999999999999991118, 31.00000000000000711 ) ) ;
#4672 = EDGE_LOOP ( 'NONE', ( #4534, #4181, #2175, #2670 ) ) ;
#4673 = ADVANCED_FACE ( 'NONE', ( #4451 ), #1547, .F. ) ;
#4674 = CIRCLE ( 'NONE', #1185, 7.000000000000099476 ) ;
#4675 = CARTESIAN_POINT ( 'NONE',  ( 9.333267306181616263, -10.00000000000000000, -22.04314987346826626 ) ) ;
#4676 = CARTESIAN_POINT ( 'NONE',  ( -15.80614170435593380, -10.00000000000000000, -3.169555116623693269 ) ) ;
#4677 = CARTESIAN_POINT ( 'NONE',  ( 10.45482207421823162, -0.9999999999999991118, -23.99999999999997513 ) ) ;
#4678 = EDGE_LOOP ( 'NONE', ( #2984, #3297, #2972, #2078, #4227, #3365 ) ) ;
#4680 = AXIS2_PLACEMENT_3D ( 'NONE', #2521, #1865, #1162 ) ;
#4679 = VECTOR ( 'NONE', #3666, 1000.000000000000000 ) ;
#4681 = VERTEX_POINT ( 'NONE', #3737 ) ;
#4682 = DIRECTION ( 'NONE',  ( 0.06104853953485284146, 0.000000000000000000, -0.9981347984218672531 ) ) ;
#4683 = EDGE_CURVE ( 'NONE', #2976, #3370, #1597, .T. ) ;
#4684 = VECTOR ( 'NONE', #3271, 1000.000000000000114 ) ;
#4685 = CARTESIAN_POINT ( 'NONE',  ( -12.92931211289798377, -10.00000000000000000, -1.001708526524981657 ) ) ;
#4686 = AXIS2_PLACEMENT_3D ( 'NONE', #3355, #91, #1196 ) ;
#4687 = ORIENTED_EDGE ( 'NONE', *, *, #3685, .F. ) ;
#4688 = VECTOR ( 'NONE', #2193, 1000.000000000000000 ) ;
#4689 = EDGE_CURVE ( 'NONE', #2797, #2873, #170, .T. ) ;
#4690 = ADVANCED_FACE ( 'NONE', ( #2658 ), #3062, .F. ) ;
#4691 = LINE ( 'NONE', #745, #2691 ) ;
#4692 = DIRECTION ( 'NONE',  ( 0.000000000000000000, 1.000000000000000000, -0.000000000000000000 ) ) ;
#4693 = DIRECTION ( 'NONE',  ( 0.7986355100472917190, -0.000000000000000000, 0.6018150231520498217 ) ) ;
#4694 = PLANE ( 'NONE',  #1006 ) ;
#4695 = ORIENTED_EDGE ( 'NONE', *, *, #4332, .F. ) ;
#4696 = DIRECTION ( 'NONE',  ( -0.7283709698823982448, 0.000000000000000000, 0.6851829903263612076 ) ) ;
#4697 = DIRECTION ( 'NONE',  ( -1.000000000000000000, 0.000000000000000000, -2.580542196641711662E-16 ) ) ;
#4698 = EDGE_LOOP ( 'NONE', ( #3898, #3990, #3408, #428 ) ) ;
#4699 = AXIS2_PLACEMENT_3D ( 'NONE', #1926, #1220, #4185 ) ;
#4700 = ORIENTED_EDGE ( 'NONE', *, *, #135, .T. ) ;
#4701 = EDGE_CURVE ( 'NONE', #696, #1683, #2546, .T. ) ;
#4702 = CARTESIAN_POINT ( 'NONE',  ( -9.320512243876331482, -10.00000000000000000, 21.83460644818817187 ) ) ;
#4703 = ADVANCED_FACE ( 'NONE', ( #817 ), #1284, .F. ) ;
#4704 = CARTESIAN_POINT ( 'NONE',  ( 11.59999999999999964, -10.00000000000000000, 0.000000000000000000 ) ) ;
#4705 = EDGE_LOOP ( 'NONE', ( #4648, #235, #965, #642 ) ) ;
#4706 = SURFACE_STYLE_USAGE ( .BOTH. , #2551 ) ;
#4707 = VERTEX_POINT ( 'NONE', #479 ) ;
#4708 = LINE ( 'NONE', #4000, #2435 ) ;
#4709 = NEXT_ASSEMBLY_USAGE_OCCURRENCE ( 'NAUO1', ' ', ' ', #2906, #682, $ ) ;
#4710 = NEXT_ASSEMBLY_USAGE_OCCURRENCE ( 'NAUO2', ' ', ' ', #2906, #682, $ ) ;
#4711 = NEXT_ASSEMBLY_USAGE_OCCURRENCE ( 'NAUO3', ' ', ' ', #2906, #682, $ ) ;
#4712 = NEXT_ASSEMBLY_USAGE_OCCURRENCE ( 'NAUO4', ' ', ' ', #2906, #682, $ ) ;
#4713 = NEXT_ASSEMBLY_USAGE_OCCURRENCE ( 'NAUO5', ' ', ' ', #2906, #388, $ ) ;
ENDSEC;
END-ISO-10303-21;
